galaxy,r_kpc,v_obs_kmps,v_err_kmps,sigma_profile,a_bar_kmps2_per_kpc,a_struct_kmps2_per_kpc,a_total_kmps2_per_kpc,v_bar_kmps,v_struct_kmps,v_model_kmps,beta_raw,beta_formula,beta_clipped,use_dimension_proxy,d_eff_proxy,d_eff_boost,beta_mode
F563-V1,1.31,12.0,5.0,0.0,109.95358778625956,0.0,109.95358778625956,12.001633222191055,0.0,12.001633222191055,,188.6551030442793,188.6551030442793,False,,1.0,formula
F563-V1,2.63,21.7,5.0,0.18904252127253215,143.4365399239544,13.560394041984758,156.99693396593915,19.422618258103103,5.971920656741842,20.319988590804375,,188.6551030442793,188.6551030442793,False,,1.0,formula
F563-V1,3.93,28.6,5.0,0.09518850562812937,187.83516539440203,4.569414080892037,192.40457947529407,27.16969267400719,4.237664136986992,27.498181709667744,,188.6551030442793,188.6551030442793,False,,1.0,formula
F563-V1,5.24,29.5,5.0,0.016761041368187228,163.28320610687024,0.6034457989398453,163.88665190581008,29.250709393107034,1.7782170807988515,29.304710474366487,,188.6551030442793,188.6551030442793,False,,1.0,formula
F563-V1,6.55,28.6,5.0,0.0,137.32496183206106,0.0,137.32496183206106,29.991307073883924,0.0,29.991307073883924,,188.6551030442793,188.6551030442793,False,,1.0,formula
F563-V1,7.87,27.3,5.0,0.0,120.8535959339263,0.0,120.8535959339263,30.840197794437053,0.0,30.840197794437053,,188.6551030442793,188.6551030442793,False,,1.0,formula
