galaxy,r_kpc,v_obs_kmps,v_err_kmps,v_gas_kmps,v_disk_kmps,v_bul_kmps,a_obs_kmps2_per_kpc,v_model_kmps,residual_kmps,abs_residual_kmps,frac_residual
UGC00191,0.62,29.9,1.42,1.81,21.8,0.0,1441.9516129032256,21.87501085714016,8.024989142859837,8.024989142859837,0.26839428571437585
UGC00191,0.87,34.4,2.31,2.95,28.35,0.0,1360.183908045977,28.60296293819447,5.797037061805529,5.797037061805529,0.16851851923853284
UGC00191,1.12,46.3,2.05,4.13,31.91,0.0,1914.008928571428,32.41873006201849,13.881269937981507,13.881269937981507,0.299811445744741
UGC00191,1.37,49.8,1.87,5.34,34.28,0.0,1810.2481751824812,35.137881059082474,14.662118940917523,14.662118940917523,0.29442005905456875
UGC00191,1.62,57.6,2.76,6.6,35.59,0.0,2048.0,36.8942092854702,20.705790714529805,20.705790714529805,0.3594755332383647
UGC00191,2.3,71.3,7.5,10.14,39.66,0.0,2210.3,42.50767608810808,28.79232391189192,28.79232391189192,0.403819409703954
UGC00191,4.97,76.65,1.09,23.98,41.54,0.0,1182.1373239436623,52.357906200768646,24.29209379923136,24.29209379923136,0.31692229353204643
UGC00191,7.45,81.0,0.63,33.08,37.03,0.0,880.6711409395973,55.784469714616215,25.215530285383785,25.215530285383785,0.31130284302942945
UGC00191,9.98,83.85,1.04,33.72,31.94,0.0,704.4912324649298,54.615281698664525,29.23471830133547,29.23471830133547,0.3486549588710253
