galaxy,r_kpc,v_obs_kmps,v_err_kmps,v_gas_kmps,v_disk_kmps,v_bul_kmps,a_obs_kmps2_per_kpc,v_model_kmps,residual_kmps,abs_residual_kmps,frac_residual
UGC07559,0.36,9.31,3.23,2.82,9.53,0.0,240.76694444444448,9.938475738260871,-0.628475738260871,0.628475738260871,-0.06750544986690343
UGC07559,0.72,15.9,3.23,5.91,14.9,0.0,351.125,16.02928881766125,-0.12928881766124967,0.12928881766124967,-0.00813137217995281
UGC07559,1.08,21.4,3.23,7.85,16.55,0.0,424.03703703703695,18.426634562324033,2.973365437675966,2.973365437675966,0.1389423101717741
UGC07559,1.45,26.1,3.23,9.57,17.31,0.0,469.8,20.2079969956487,5.892003004351302,5.892003004351302,0.2257472415460269
UGC07559,1.8,29.7,3.23,11.59,16.91,0.0,490.04999999999995,21.412559224678997,8.287440775321002,8.287440775321002,0.27903840994346807
UGC07559,2.17,31.1,3.23,14.33,15.67,0.0,445.7188940092166,22.718939299701628,8.381060700298374,8.381060700298374,0.26948748232470654
UGC07559,2.53,32.1,3.23,16.45,15.47,0.0,407.2766798418973,24.51706406010331,7.582935939896693,7.582935939896693,0.23622853395316798
