galaxy,r_kpc,v_obs_kmps,v_err_kmps,v_gas_kmps,v_disk_kmps,v_bul_kmps,a_obs_kmps2_per_kpc,v_model_kmps,residual_kmps,abs_residual_kmps,frac_residual
UGC04483,0.08,5.11,2.79,1.47,3.91,0.0,326.40125,4.177200019151585,0.9327999808484151,0.9327999808484151,0.1825440275632906
UGC04483,0.24,10.8,1.94,4.46,8.92,0.0,486.00000000000006,9.990042188063107,0.8099578119368935,0.8099578119368935,0.0749960936978605
UGC04483,0.4,17.3,1.56,7.28,9.95,0.0,748.225,12.426727028112845,4.873272971887156,4.873272971887156,0.2816920792998356
UGC04483,0.57,20.8,1.25,9.38,9.7,0.0,759.0175438596492,13.772661382951814,7.027338617048187,7.027338617048187,0.33785281812731666
UGC04483,0.73,20.8,1.62,10.63,9.13,0.0,592.6575342465754,14.482584072912978,6.317415927087023,6.317415927087023,0.30372191957149147
UGC04483,0.89,22.9,1.76,11.34,8.44,0.0,589.2247191011236,14.819278531863459,8.08072146813654,8.08072146813654,0.35286993310639914
UGC04483,1.05,24.3,2.23,11.95,7.79,0.0,562.3714285714285,15.20169449437956,9.098305505620441,9.098305505620441,0.37441586442882474
UGC04483,1.21,24.2,1.23,12.36,7.22,0.0,484.0,15.513062312837775,8.686937687162224,8.686937687162224,0.35896436723810843
