galaxy,r_kpc,v_obs_kmps,v_err_kmps,v_gas_kmps,v_disk_kmps,v_bul_kmps,a_obs_kmps2_per_kpc,v_model_kmps,residual_kmps,abs_residual_kmps,frac_residual
UGC06667,0.87,26.6,4.4,0.0,6.92,0.0,813.2873563218392,6.92,19.68,19.68,0.7398496240601503
UGC06667,1.74,45.2,2.7,0.0,10.96,0.0,1174.16091954023,13.69372857624373,31.506271423756274,31.506271423756274,0.6970414031804485
UGC06667,2.61,57.0,3.9,8.65,14.33,0.0,1244.8275862068965,21.367598583975365,35.632401416024635,35.632401416024635,0.625129849403941
UGC06667,3.5,69.3,3.0,16.06,16.78,0.0,1372.1399999999999,29.240619308776804,40.0593806912232,40.0593806912232,0.5780574414317922
UGC06667,4.37,77.3,3.4,18.32,18.48,0.0,1367.3432494279175,33.866630905225634,43.43336909477436,43.43336909477436,0.5618805833735364
UGC06667,5.24,80.7,3.9,22.41,20.02,0.0,1242.8416030534352,39.06530884005369,41.634691159946314,41.634691159946314,0.5159193452285789
UGC06667,6.11,84.0,3.0,23.49,21.36,0.0,1154.8281505728314,42.12543170257722,41.87456829742278,41.87456829742278,0.4985067654455093
UGC06667,6.98,85.0,3.0,25.65,22.68,0.0,1035.1002865329513,45.50831047008273,39.49168952991727,39.49168952991727,0.46460811211667374
UGC06667,7.85,85.7,3.4,24.46,24.0,0.0,935.6038216560511,46.82280669994352,38.87719330005648,38.87719330005648,0.4536428623110441
