galaxy,r_kpc,v_obs_kmps,v_err_kmps,sigma_profile,a_bar_kmps2_per_kpc,a_struct_kmps2_per_kpc,a_total_kmps2_per_kpc,v_bar_kmps,v_struct_kmps,v_model_kmps,beta_raw,beta_formula,beta_clipped,use_dimension_proxy,d_eff_proxy,d_eff_response,beta_mode
D512-2,0.96,22.9,2.71,0.23051123590603043,247.05093749999997,479.64217982691116,726.6931173269111,15.400288958328021,21.458249990011645,26.412599126815117,,1997.5446785663112,1997.5446785663112,True,2.7776305926822835,1.2527735758825695,formula
D512-2,1.92,33.5,2.71,0.23065276524452372,254.36333333333334,239.96833531812655,494.3316686514599,22.099266956168478,21.464836449663505,30.807739349241498,,1997.5446785663112,1997.5446785663112,True,2.7776305926822835,1.2527735758825695,formula
D512-2,2.88,37.2,4.19,0.2309655540726202,166.04725694444443,160.19583801037572,326.24309495482015,21.86815264259878,21.479385779623264,30.65257107437942,,1997.5446785663112,1997.5446785663112,True,2.7776305926822835,1.2527735758825695,formula
D512-2,3.83,35.9,5.98,0.23093788948315266,122.36409921671016,120.44614940376148,242.81024862047164,21.64842950423887,21.478099362290102,30.49529885435469,,1997.5446785663112,1997.5446785663112,True,2.7776305926822835,1.2527735758825695,formula
