galaxy,r_kpc,v_obs_kmps,v_err_kmps,sigma_profile,a_bar_kmps2_per_kpc,a_struct_kmps2_per_kpc,a_total_kmps2_per_kpc,v_bar_kmps,v_struct_kmps,v_model_kmps,beta_raw,beta_formula,beta_clipped,use_dimension_proxy,d_eff_proxy,d_eff_response,beta_mode
F574-2,2.17,12.6,10.0,-0.15968075759266045,249.60447004608295,-8.356817253709502e-08,249.60446996251477,23.27319703006014,0.0,23.273197026164176,,1.135659281302354e-06,1.135659281302354e-06,True,4.5,0.5501704653494427,formula
F574-2,4.32,23.0,10.0,-0.1579473112791119,185.6308333333333,-4.15218356506656e-08,185.63083329181146,28.318283846306787,0.0,28.318283843139675,,1.135659281302354e-06,1.135659281302354e-06,True,4.5,0.5501704653494427,formula
F574-2,6.49,30.0,8.0,-0.15841700709921736,215.61787365177193,-2.772076185336935e-08,215.61787362405116,37.4080205303622,0.0,37.40802052795753,,1.135659281302354e-06,1.135659281302354e-06,True,4.5,0.5501704653494427,formula
F574-2,8.65,36.0,8.0,-0.15219037718342407,201.78452023121386,-1.9981088366851042e-08,201.78452021123277,41.77841667655681,0.0,41.77841667448832,,1.135659281302354e-06,1.135659281302354e-06,True,4.5,0.5501704653494427,formula
F574-2,10.83,40.0,8.0,-0.15014942036510118,195.07768236380423,-1.5745021497672745e-08,195.0776823480592,45.96402179966414,0.0,45.96402179780922,,1.135659281302354e-06,1.135659281302354e-06,True,4.5,0.5501704653494427,formula
