galaxy,r_kpc,v_obs_kmps,v_err_kmps,sigma_profile,a_bar_kmps2_per_kpc,a_struct_kmps2_per_kpc,a_total_kmps2_per_kpc,v_bar_kmps,v_struct_kmps,v_model_kmps,beta_raw,beta_formula,beta_clipped,use_dimension_proxy,d_eff_proxy,d_eff_response,beta_mode
PGC51017,0.33,20.5,4.17,0.12960804360589312,430.4290909090909,782.1008335265184,1212.5299244356092,11.918120657217731,16.065281667737764,20.003371592402893,,1991.3368636945918,1991.3368636945918,True,4.280834419478153,0.5505961150272803,formula
PGC51017,0.99,19.9,1.82,-0.12458309029311933,515.820707070707,-250.59282857947514,265.2278784912319,22.59784281740184,0.0,16.20418463565259,,1991.3368636945918,1991.3368636945918,True,4.280834419478153,0.5505961150272803,formula
PGC51017,1.65,19.3,1.69,-0.12908050671057975,337.2769090909091,-155.78349781645733,181.49341127445177,23.590398470564246,0.0,17.305031886790772,,1991.3368636945918,1991.3368636945918,True,4.280834419478153,0.5505961150272803,formula
PGC51017,2.31,18.8,1.9,-0.128137448269142,213.84744588744584,-110.46096292558495,103.38648296186089,22.22583181795453,0.0,15.453891925398555,,1991.3368636945918,1991.3368636945918,True,4.280834419478153,0.5505961150272803,formula
PGC51017,2.97,18.2,1.74,-0.12636722980279855,148.03168350168352,-84.72717948460559,63.30450401707793,20.967930274588383,0.0,13.711833463498653,,1991.3368636945918,1991.3368636945918,True,4.280834419478153,0.5505961150272803,formula
PGC51017,3.63,18.3,2.22,-0.11939246096344751,113.46831955922865,-65.49603547210208,47.97228408712657,20.29507329378241,0.0,13.196188511697969,,1991.3368636945918,1991.3368636945918,True,4.280834419478153,0.5505961150272803,formula
