galaxy,r_kpc,v_obs_kmps,v_err_kmps,sigma_profile,a_bar_kmps2_per_kpc,a_struct_kmps2_per_kpc,a_total_kmps2_per_kpc,v_bar_kmps,v_struct_kmps,v_model_kmps,beta_raw,beta_formula,beta_clipped,use_dimension_proxy,d_eff_proxy,d_eff_response,beta_mode
UGC05414,0.68,20.5,2.47,0.10223295601468314,539.1695588235294,300.45908940537515,839.6286482289046,19.147723102238555,14.293781193080266,23.89450733527802,,1998.4962653951911,1998.4962653951911,True,4.201591514618417,0.5509371758769845,formula
UGC05414,1.37,34.6,2.45,0.12081297957654516,710.5562773722628,176.23670693065037,886.7929843029132,31.20035416465653,15.538477676239427,34.855507290742324,,1998.4962653951911,1998.4962653951911,True,4.201591514618417,0.5509371758769845,formula
UGC05414,2.05,46.0,2.45,0.13162753011851644,644.2892682926829,128.32054993416983,772.6098182268527,36.34271591392146,16.219035956709885,39.7976145939056,,1998.4962653951911,1998.4962653951911,True,4.201591514618417,0.5509371758769845,formula
UGC05414,2.74,51.8,2.46,0.1317893061993948,555.9697810218977,96.12424680967658,652.0940278315743,39.03020881317444,16.228999853919337,42.26981944908818,,1998.4962653951911,1998.4962653951911,True,4.201591514618417,0.5509371758769845,formula
UGC05414,3.42,56.8,2.44,0.1318317635795033,475.90634502923973,77.03663367663717,552.9429787058768,40.343521165113984,16.231613819152397,43.4863770297561,,1998.4962653951911,1998.4962653951911,True,4.201591514618417,0.5509371758769845,formula
UGC05414,4.11,61.4,2.44,0.13183846079064987,419.13549878345486,64.1067327312808,483.24223151473564,41.50478165223857,16.23202610660678,44.56596876009276,,1998.4962653951911,1998.4962653951911,True,4.201591514618417,0.5509371758769845,formula
