galaxy,r_kpc,v_obs_kmps,v_err_kmps,sigma_profile,a_bar_kmps2_per_kpc,a_struct_kmps2_per_kpc,a_total_kmps2_per_kpc,v_bar_kmps,v_struct_kmps,v_model_kmps,beta_raw,beta_formula,beta_clipped,use_dimension_proxy,d_eff_proxy,d_eff_response,beta_mode
UGC06399,0.87,24.8,6.5,0.2165867342006746,485.8862068965518,497.66839734427066,983.5546042408225,20.560179960301905,20.807967360833576,29.252222235063023,,1999.0675203974101,1999.0675203974101,True,3.527124604280833,0.5921923648522622,formula
UGC06399,1.74,46.2,5.6,0.23377126619598396,630.157816091954,268.57732497389,898.735141065844,33.1130578473206,21.617690567092694,39.544900372292865,,1999.0675203974101,1999.0675203974101,True,3.527124604280833,0.5921923648522622,formula
UGC06399,2.61,60.5,5.8,0.2352486601616001,559.1578927203066,180.18312480692066,739.3410175272272,38.202121668828816,21.685893012418532,43.92812374488652,,1999.0675203974101,1999.0675203974101,True,3.527124604280833,0.5921923648522622,formula
UGC06399,3.5,69.6,3.9,0.23517981170750746,571.6930571428571,134.32580658218765,706.0188637250448,44.73170799332393,21.682719456693082,49.70981817546365,,1999.0675203974101,1999.0675203974101,True,3.527124604280833,0.5921923648522622,formula
UGC06399,4.37,77.5,3.7,0.23533644924206826,511.3289702517162,107.65525218431861,618.9842224360348,47.27057858753159,21.689938959007524,52.00924006410276,,1999.0675203974101,1999.0675203974101,True,3.527124604280833,0.5921923648522622,formula
UGC06399,5.24,82.9,4.5,0.23538583247535597,454.924141221374,89.80003291282252,544.7241741341965,48.824199942241755,21.692214558757943,53.4261609369716,,1999.0675203974101,1999.0675203974101,True,3.527124604280833,0.5921923648522622,formula
UGC06399,6.11,84.1,4.9,0.23538684965506196,400.7293780687397,77.0137816487893,477.743159717529,49.48188052206585,21.692261428309006,54.02786971438076,,1999.0675203974101,1999.0675203974101,True,3.527124604280833,0.5921923648522622,formula
UGC06399,6.98,85.6,4.9,0.23540249442586972,350.7052292263611,67.41912332769176,418.12435255405285,49.47648431325735,21.692982294449248,54.02321705366396,,1999.0675203974101,1999.0675203974101,True,3.527124604280833,0.5921923648522622,formula
UGC06399,7.85,87.6,4.9,0.23542805704053033,295.3788535031847,59.95370474140039,355.3325582445851,48.1531307393403,21.6941600948272,52.814397489889,,1999.0675203974101,1999.0675203974101,True,3.527124604280833,0.5921923648522622,formula
