galaxy,r_kpc,v_obs_kmps,v_err_kmps,sigma_profile,a_bar_kmps2_per_kpc,a_struct_kmps2_per_kpc,a_total_kmps2_per_kpc,v_bar_kmps,v_struct_kmps,v_model_kmps,beta_raw,beta_formula,beta_clipped,use_dimension_proxy,d_eff_proxy,d_eff_response,beta_mode
UGC04483,0.08,5.11,2.79,0.19276170963562692,218.1125,4813.94187217711,5032.05437217711,4.177200019151585,19.624356034636367,20.06400632411605,,1997.8830365332597,1997.8830365332597,True,3.2106348430625444,0.7577474518774852,formula
UGC04483,0.24,10.8,1.94,0.13224320155694866,414.40833333333336,1100.860204531152,1515.2685378644853,9.972863179649062,16.25442859923032,19.0699881774341,,1997.8830365332597,1997.8830365332597,True,3.2106348430625444,0.7577474518774852,formula
UGC04483,0.4,17.3,1.56,0.19935277119187342,380.00225,995.7087996253504,1375.7110496253504,12.328864505703677,19.957041861211298,23.458141866954,,1997.8830365332597,1997.8830365332597,True,3.2106348430625444,0.7577474518774852,formula
UGC04483,0.57,20.8,1.25,0.19975165961168193,319.42877192982456,700.1411443114828,1019.5699162413073,13.493494728942537,19.976998079229652,24.10715354946629,,1997.8830365332597,1997.8830365332597,True,3.2106348430625444,0.7577474518774852,formula
UGC04483,0.73,20.8,1.62,0.19966994017958017,268.97780821917814,546.4618991649232,815.4397073841014,14.012630017238022,19.972911314838253,24.398175882438302,,1997.8830365332597,1997.8830365332597,True,3.2106348430625444,0.7577474518774852,formula
UGC04483,0.89,22.9,1.76,0.19979770233994226,224.52719101123594,448.50835982392385,673.0355508351598,14.136095642008085,19.979300294136735,24.474510010279925,,1997.8830365332597,1997.8830365332597,True,3.2106348430625444,0.7577474518774852,formula
UGC04483,1.05,24.3,2.23,0.19981507041686927,193.79676190476187,380.197275837678,573.9940377424398,14.26487294019824,19.98016865868659,24.549821580401797,,1997.8830365332597,1997.8830365332597,True,3.2106348430625444,0.7577474518774852,formula
UGC04483,1.21,24.2,1.23,0.1998134203785294,169.33719008264464,329.9205314429364,499.257721525581,14.3142586255803,19.980086162125353,24.578483334940604,,1997.8830365332597,1997.8830365332597,True,3.2106348430625444,0.7577474518774852,formula
