galaxy,segment_index,r_left_kpc,r_right_kpc,r_mid_kpc,dr_kpc,h_i_kpc,shell_geom_kpc3,Dw_i,v_vis_segment_kms,v_obs_segment_kms,v_err_segment_kms,n_points,r_max_gal_kpc,r_min_gal_kpc,r_scale,L_static,delta_sigma_i,beta_i,rho_struct_proxy_i,delta_m_struct_msun,M_struct_i_msun,g_topo_km2s2_per_kpc,v_struct_kms,v_topo_total_segment_kms
NGC4068,1,0.21,2.33,1.27,2.12,0.35000000000000003,5.920896842367612,2.095770010174564,22.163802660980462,24.763333333333335,2.9866666666666664,6,2.33,0.21,2.4065160158422776,0.4155384769587753,0.0,1.0,4.392251935547093,2600607061.6063814,2600607061.6063814,6934.699558145887,93.84598253971917,96.42770653313372
