galaxy,segment_index,r_left_kpc,r_right_kpc,r_mid_kpc,dr_kpc,h_i_kpc,volume_kpc3,m_enc_inner_msun,m_enc_outer_msun,m_shell_msun,mu_shell_msun_per_kpc3,v_bar_internal_segment_kms,v_obs_segment_kms,v_err_segment_kms,n_points,r_max_gal_kpc,alpha_i,d_i,d_gal_mean,sigma0_i,sigma1_i,delta_d_eff_i,beta_i,density_ratio_i,thickness_visibility_i,radial_visibility_i,omega_i,a_i,g_bar_internal_km2s2_per_kpc,g_scale_i,delta_mag_i,g_trans_raw_km2s2_per_kpc,g_cap_i,g_trans_km2s2_per_kpc,g_desc_km2s2_per_kpc,v_desc_segment_kms
UGC07089,1,0.87,3.5,2.185,2.63,0.35,12.637323484440497,78354252.23964232,1936128296.1047785,1857774043.8651361,147006923.27394253,36.64117958084035,37.974999999999994,4.3,4,9.16,-0.8931159211452885,2.687409427599149,2.592194752702695,0.09521467489645419,0.0,0.09521467489645419,1.8201310103727797,0.5951530480419158,0.5,0.23853711790393015,1.1453371535805252,0.23853711790393015,614.451277380042,110.81947346929883,0.307138023144419,16.925504893557573,522.2835857730357,16.919582346902825,631.3708597269449,37.1422310652359
UGC07089,2,4.37,6.55,5.46,2.1799999999999997,0.35,26.175624326004005,2762033743.091579,4460300223.6735935,1698266480.5820146,64879693.39072775,53.57789334738961,66.22500000000001,4.875,4,9.16,-0.8931159211452885,2.687409427599149,2.592194752702695,0.09521467489645419,0.0,0.09521467489645419,1.8201310103727797,0.393497173948386,0.5,0.5960698689956332,1.1519008508507211,0.5960698689956332,525.7492043121348,94.779843053668,0.307138023144419,36.3801501332032,446.8868236653146,36.29999572841467,562.0492000405495,55.39664820385256
UGC07089,3,6.98,9.16,8.07,2.1799999999999997,0.35,38.68814804228065,4749279371.109835,5893553596.796957,1144274225.6871223,29576867.42814862,53.43893757923338,75.175,6.3999999999999995,4,9.16,-2.010577679370994,2.296297812220152,2.592194752702695,-0.2958969404825429,-0.3911116153789971,0.68700855586154,0.25315893455578004,0.22825731178097217,0.5,0.881004366812227,1.1071232482390174,0.881004366812227,353.8686554643373,63.79425029710286,0.9796995444261428,15.43269363958239,300.7883571446867,15.41916591202159,369.28782137635886,54.59077503120116
