galaxy,segment_index,r_left_kpc,r_right_kpc,r_mid_kpc,dr_kpc,h_i_kpc,v_obs_segment_kms,v_vis_segment_kms,v_err_segment_kms,mass_bar_segment_msun,n_points,density_ref_gal_msun_per_kpc3,segment_wedge_volume_eff_kpc3,segment_density_eff_msun_per_kpc3,alpha_geom_i,alpha_dens_i,Dw_i,sigma_i,beta_i,ell_info_kpc,c_info_gal,tau_struct_gal,S_i,I_int_i,eta_radius_term_i,eta_sigma_term_i,eta_dw_term_i,eta_obs_i,I_ext_i,DeltaD_i
NGC3917,1,0.87,3.5,2.185,2.63,4.65,62.125,54.43461988407375,4.35,1505363826.400241,4,168121561.79605794,26.721457500000003,56335393.62140859,2.4737327698144806,2.1269622323222896,2.3003475010683854,0.05615084210249233,0.028562926561802805,2.6250000000000004,1.0,2.0,90352.52839382977,100288.26490665217,0.7448490910941261,0.5145844196078981,0.13310166595440975,0.7174323265010614,71950.04321273422,0.2825676734989386
NGC3917,2,4.37,6.98,5.675000000000001,2.6100000000000003,4.65,118.75,99.36390463229996,3.7,13027551834.596252,4,168121561.79605794,68.87463750000002,189148753.55382085,2.250259903582997,2.2381334143487885,2.244196658965893,0.04400887126504127,0.0029898251432271534,2.6250000000000004,1.0,2.0,24887.97165703282,61457.1369474058,0.4652955076153102,0.4538080366475575,0.17053556068940465,0.6135745403375936,37708.53455296905,0.38642545966240643
NGC3917,3,7.85,10.47,9.16,2.620000000000001,4.65,135.75,110.84518004828477,3.725,26167892397.148483,4,168121561.79605794,111.59628000000006,234487138.79305357,2.1839589599045572,2.240700557172049,2.212329758538303,0.0497851037602115,0.0030941586018104605,2.6250000000000004,1.0,2.0,36121.10397228286,60696.26179972115,0.29085877903747803,0.48451204930488595,0.1917801609744648,0.5641527965798114,34241.96583625307,0.4358472034201885
NGC3917,4,11.35,14.86,13.105,3.51,4.65,137.2,101.61509729949712,4.9,31462493967.401325,5,168121561.79605794,213.8932575,147094370.03829503,2.131248544323364,2.1580043585675766,2.14462645144547,0.06770330709283279,0.005252854691545906,2.6250000000000004,1.0,2.0,52311.99958990428,63226.90576343006,0.17088443342104295,0.5610556801855737,0.23691569903635332,0.5441539060468817,34405.167738428565,0.4558460939531183
