galaxy,segment_index,r_left_kpc,r_right_kpc,r_mid_kpc,dr_kpc,h_i_kpc,mass_bar_segment_msun,v_vis_segment_kms,v_obs_segment_kms,v_err_segment_kms,n_points,r_max_gal_kpc,r_min_gal_kpc,r_scale,sigma_scale,r_ref_kpc,mass_ref_gal_msun,alpha_geom_i,alpha_mass_i,weight_geom_i,weight_mass_i,Dw_i,sigma_left_i,sigma_right_i,sigma_i,alpha_star_gal,alpha_relax_i,neighbor_gradient_i,mass_norm_i,kappa_dyn_gal,beta_i,source_core_i,info_source_i,I_struct_i,gamma_topo,mean_dw_pert,mean_sigma,mean_beta,dw_internal,dw_external,observer_gap,observer_factor,factor_dw,factor_sigma,factor_rscale,factor_beta,gamma_raw,g_topo_km2s2_per_kpc,v_struct_kms,v_topo_total_segment_kms
DDO168,1,0.41,2.06,1.235,1.6500000000000001,0.35,149296598.71170092,22.801932483717632,29.560000000000002,1.8199999999999998,5,4.12,0.41,2.3074512826452187,0.43337859720861316,0.41,383130671.0139998,2.1795915369944274,2.236853866913117,0.22082018927444794,0.28040749826472355,2.2116264526155924,,0.17171513697241902,0.17171513697241902,2.3498850069690236,0.13825855435343115,0.10406977998328425,0.6242398603227362,0.43337859720861316,0.9057217242557306,0.19349793377697164,0.17525528222039993,0.2891712156636599,1000000.0,0.29748402110180194,0.17171513697241902,0.941022177412098,2.3498850069690236,2.297484021101802,0.05240098586722164,1.1116817559568863,9.916134036760065,17.171513697341904,0.9229805130584875,1.0,1747125.0049051673,189592.49662420945,483.8871080437034,484.42405127727784
DDO168,2,2.47,4.12,3.295,1.65,0.35,616964743.3162987,28.378055993417775,53.36,2.06,5,4.12,0.41,2.3074512826452187,0.43337859720861316,0.41,383130671.0139998,2.045859742654258,2.43587093851836,0.09602194787379972,0.6169058816547434,2.3833415895880115,0.17171513697241902,,0.17171513697241902,2.3498850069690236,0.03345658261898787,0.10406977998328426,1.2689856566503228,0.43337859720861316,0.9763226305684655,0.2603599693117774,0.25419533013319945,0.7085935103834389,1000000.0,0.29748402110180194,0.17171513697241902,0.941022177412098,2.3498850069690236,2.297484021101802,0.05240098586722164,1.1116817559568863,9.916134036760065,17.171513697341904,0.9229805130584875,1.0,1747125.0049051673,65265.90022436523,463.7360685123419,464.6035463717954
