galaxy,r_kpc,v_obs_kmps,v_err_kmps,sigma_profile,dsigma_dr,a_bar_kmps2_per_kpc,a_topo_kmps2_per_kpc,a_total_kmps2_per_kpc,v_bar_kmps,v_topo_kmps,v_model_kmps,g_scale,lambda_reorg,l0_kpc
UGC00634,4.51,69.75,4.15,0.22509367513347947,0.0005280213782170214,504.7986031042128,67.52810254004385,572.3267056442567,47.714166659389534,17.451410901574626,50.805446976240624,300.0,0.0,1.0
UGC00634,9.01,97.7,1.63,0.22746977133545607,0.0002800552821310559,304.030332963374,68.24093140063682,372.27126436401085,52.33844953760094,24.796185027534733,57.915145617702954,300.0,0.0,1.0
UGC00634,13.51,108.0,0.99,0.22761417267265896,2.1267774631034825e-05,196.82801628423388,68.2842518017977,265.1122680860316,51.56691284147229,30.37301831959226,59.847027844683204,300.0,0.0,1.0
UGC00634,18.01,107.5,2.32,0.22766118130713536,1.044636321697847e-05,117.44982232093282,68.29835439214061,185.74817671307343,45.99207866578766,35.07211659712674,57.838781648669375,300.0,0.0,1.0
