galaxy,r_kpc,v_obs_kmps,v_err_kmps,sigma_profile,dsigma_dr,a_bar_kmps2_per_kpc,a_topo_kmps2_per_kpc,a_total_kmps2_per_kpc,v_bar_kmps,v_topo_kmps,v_model_kmps,g_scale,lambda_reorg,l0_kpc
UGC06667,0.87,26.6,4.4,0.3469106476245049,2.361964389566183e-05,55.04183908045977,104.07319428735147,159.11503336781124,6.92,9.515444237133428,11.76563126355725,300.0,0.0,1.0
UGC06667,1.74,45.2,2.7,0.34693119671469413,-3.6588494242872915e-05,69.03540229885058,104.07935901440824,173.11476131325884,10.96,13.457268841970512,17.355681625481335,300.0,0.0,1.0
UGC06667,2.61,57.0,3.9,0.34684698364452227,-0.00013129531275637984,107.34536398467434,104.05409509335668,211.39945907803101,16.738321301731546,16.479720513214442,23.48941438592416,300.0,0.0,1.0
UGC06667,3.5,69.3,3.0,0.3466987211555656,-8.651256866895607e-05,154.1405714285714,104.00961634666969,258.1501877752411,23.226967085695886,19.079666066609864,30.058703518504316,300.0,0.0,1.0
UGC06667,4.37,77.3,3.4,0.34669155453230016,-0.00013605367810065605,154.95029748283756,104.00746635969004,258.9577638425276,26.021775496687386,21.319301770739244,33.63993799030916,300.0,0.0,1.0
UGC06667,5.24,80.7,3.9,0.34646198775567044,-0.00015910010076908288,172.3298664122137,103.93859632670113,276.2684627389148,30.05009983344481,23.3374858275675,38.047953226841436,300.0,0.0,1.0
UGC06667,6.11,84.0,3.0,0.3464147203569619,-0.0001744725718177964,164.98031096563008,103.92441610708858,268.90472707271863,31.749483460365145,25.198773430750776,40.534033631188386,300.0,0.0,1.0
UGC06667,6.98,85.0,3.0,0.3461584054807075,-0.00012727743656432144,167.95199140401144,103.84752164421224,271.7995130482237,34.23893835970969,26.92314433859094,43.55640711854688,300.0,0.0,1.0
UGC06667,7.85,85.7,3.4,0.34619325761734,4.005992716380778e-05,149.59128662420383,103.857977285202,253.44926390940583,34.26793836810146,28.553198099141813,44.60467152315815,300.0,0.0,1.0
