galaxy,r_kpc,v_obs_kmps,v_err_kmps,sigma_profile,a_bar_kmps2_per_kpc,a_struct_kmps2_per_kpc,a_total_kmps2_per_kpc,v_bar_kmps,v_struct_kmps,v_model_kmps,beta_raw,beta_formula,beta_clipped,beta_mode
F563-V1,1.31,12.0,5.0,0.0,109.95358778625956,0.0,109.95358778625956,12.001633222191055,0.0,12.001633222191055,,77.18528726866101,77.18528726866101,formula
F563-V1,2.63,21.7,5.0,0.19969704473263,143.4365399239544,5.86071245794323,149.29725238189764,19.422618258103103,3.926025186418281,19.815442810202118,,77.18528726866101,77.18528726866101,formula
F563-V1,3.93,28.6,5.0,0.09760596483226709,187.83516539440203,1.9169833167209567,189.75214871112297,27.16969267400719,2.7447667359382946,27.307983163073636,,77.18528726866101,77.18528726866101,formula
F563-V1,5.24,29.5,5.0,0.016830050672886256,163.28320610687024,0.24790692670474185,163.53111303357497,29.250709393107034,1.1397509797902554,29.272906112921774,,77.18528726866101,77.18528726866101,formula
F563-V1,6.55,28.6,5.0,0.0,137.32496183206106,0.0,137.32496183206106,29.991307073883924,0.0,29.991307073883924,,77.18528726866101,77.18528726866101,formula
F563-V1,7.87,27.3,5.0,0.0,120.8535959339263,0.0,120.8535959339263,30.840197794437053,0.0,30.840197794437053,,77.18528726866101,77.18528726866101,formula
