galaxy,r_kpc,v_obs_kmps,v_err_kmps,sigma_profile,a_bar_kmps2_per_kpc,a_struct_kmps2_per_kpc,a_total_kmps2_per_kpc,v_bar_kmps,v_struct_kmps,v_model_kmps,beta_raw,beta_formula,beta_clipped,beta_mode
NGC6789,0.1,13.9,3.84,0.7212264273078961,659.0439999999999,10162.877243006484,10821.921243006484,8.118152499183543,31.879267938593703,32.89668865251711,,1409.110489883351,1409.110489883351,formula
NGC6789,0.3,29.9,3.92,0.6415451346962084,1191.686666666667,3013.3599301135155,4205.046596780183,18.90782906628892,30.06672544581559,35.51779806004385,,1409.110489883351,1409.110489883351,formula
NGC6789,0.51,46.7,4.1,0.87083674562937,1058.6858823529412,2406.0886142004406,3464.774496553382,23.236389564646224,35.03006127945289,42.03611534433486,,1409.110489883351,1409.110489883351,formula
NGC6789,0.71,60.4,9.4,1.0527168211909874,841.6532394366197,2089.2877684744735,2930.941007911093,24.445322660991817,38.51485837461792,45.61762943881319,,1409.110489883351,1409.110489883351,formula
