galaxy,r_kpc,v_obs_kmps,v_err_kmps,sigma_profile,a_bar_kmps2_per_kpc,a_struct_kmps2_per_kpc,a_total_kmps2_per_kpc,v_bar_kmps,v_struct_kmps,v_model_kmps,beta_raw,beta_formula,beta_clipped,beta_mode
UGC02023,0.76,15.1,8.69,0.0,405.7090789473684,0.0,405.7090789473684,17.559581430091097,0.0,17.559581430091097,,620.6061700977365,620.6061700977365,formula
UGC02023,1.51,28.0,8.69,0.0,677.7117880794701,0.0,677.7117880794701,31.989760861875787,0.0,31.989760861875787,,620.6061700977365,620.6061700977365,formula
UGC02023,2.27,37.6,8.69,0.0,625.9911894273127,0.0,625.9911894273127,37.69615364994153,0.0,37.69615364994153,,620.6061700977365,620.6061700977365,formula
UGC02023,3.03,47.9,8.69,0.31640163938320853,520.4113531353136,64.80554773275848,585.216900868072,39.70952530564927,14.01288013330087,42.10946698344991,,620.6061700977365,620.6061700977365,formula
UGC02023,3.78,58.8,8.69,0.5243205815184288,453.8023544973545,86.08375343903971,539.8861079363942,41.41706049443876,18.038752395871786,45.174876734746825,,620.6061700977365,620.6061700977365,formula
