galaxy,r_kpc,v_obs_kmps,v_err_kmps,sigma_profile,a_bar_kmps2_per_kpc,a_struct_kmps2_per_kpc,a_total_kmps2_per_kpc,v_bar_kmps,v_struct_kmps,v_model_kmps,beta_raw,beta_formula,beta_clipped,beta_mode
UGC04325,0.7,41.3,3.05,0.8440612371175908,639.9682857142857,1538.7110053589972,2178.679291073283,21.16548605631347,32.81916671323783,39.05221509404169,,1276.0895257191412,1276.0895257191412,formula
UGC04325,1.4,68.7,3.07,0.9046063304562328,774.0649285714285,824.5419022817337,1598.6068308531621,32.91946080967912,33.9758541201605,47.30802852787703,,1276.0895257191412,1276.0895257191412,formula
UGC04325,2.09,83.8,3.05,0.8368882353499388,896.443875598086,510.97813939121176,1407.4220149892978,43.284728253738635,32.67941724277886,54.235707899202644,,1276.0895257191412,1276.0895257191412,formula
UGC04325,2.79,88.7,3.05,0.7379187610136039,929.3171684587813,337.5091045738731,1266.8262730326544,50.91949430228073,30.686322714869338,59.45120101193167,,1276.0895257191412,1276.0895257191412,formula
UGC04325,3.49,90.1,3.05,0.666810922857052,885.3456733524355,243.81387802091643,1129.1595513733519,55.58647677268276,29.170369114788354,62.775527351771395,,1276.0895257191412,1276.0895257191412,formula
UGC04325,4.19,91.6,3.05,0.6740961187711498,751.2791646778044,205.29999916271848,956.5791638405228,56.10579025376971,29.329285645780576,63.309293918758804,,1276.0895257191412,1276.0895257191412,formula
UGC04325,4.89,92.7,3.05,0.6958228413972939,631.2331288343557,181.58123510495255,812.8143639393084,55.558347707612754,29.79819188580438,63.044922393982034,,1276.0895257191412,1276.0895257191412,formula
UGC04325,5.59,91.5,3.05,0.7098387309389671,522.9129516994633,162.04253479445146,684.9554864939148,54.06554725516056,30.096806632946684,61.87811543268737,,1276.0895257191412,1276.0895257191412,formula
