galaxy,r_kpc,v_obs_kmps,v_err_kmps,sigma_profile,a_bar_kmps2_per_kpc,a_struct_kmps2_per_kpc,a_total_kmps2_per_kpc,v_bar_kmps,v_struct_kmps,v_model_kmps,beta_raw,beta_formula,beta_clipped,beta_mode
UGC06818,0.87,23.4,5.55,0.0,876.7247126436782,0.0,876.7247126436782,27.61793801137225,0.0,27.61793801137225,,840.3122420510643,840.3122420510643,formula
UGC06818,1.74,28.0,5.2,0.0,871.1513218390805,0.0,871.1513218390805,38.93331863584198,0.0,38.93331863584198,,840.3122420510643,840.3122420510643,formula
UGC06818,2.61,36.7,4.25,0.0,658.562796934866,0.0,658.562796934866,41.45900264116348,0.0,41.45900264116348,,840.3122420510643,840.3122420510643,formula
UGC06818,3.5,47.6,4.25,0.19433696013145382,522.0371428571428,46.6582076232715,568.6953504804144,42.744941221155045,12.779034653738531,44.614277161929344,,840.3122420510643,840.3122420510643,formula
UGC06818,4.37,63.3,4.75,0.5810258992778928,411.01556064073225,111.7261272567373,522.7416878974695,42.38086832522429,22.09622538154293,47.79520034597556,,840.3122420510643,840.3122420510643,formula
UGC06818,5.24,71.2,5.25,0.6902271049491387,351.44751908396944,110.68822253515765,462.1357416191271,42.91369245357477,24.08331966495122,49.20966659188239,,840.3122420510643,840.3122420510643,formula
UGC06818,6.11,68.1,6.0,0.6710613077776442,286.4779378068739,92.29149461413282,378.76943242100674,41.83754533908508,23.74660043232192,48.10697695856965,,840.3122420510643,840.3122420510643,formula
UGC06818,6.98,74.4,6.0,0.7870694279837283,235.6433524355301,94.75416557003659,330.39751800556667,40.556018049113256,25.717388585913138,48.02264752883639,,840.3122420510643,840.3122420510643,formula
