galaxy,r_kpc,v_obs_kmps,v_err_kmps,sigma_profile,a_bar_kmps2_per_kpc,a_struct_kmps2_per_kpc,a_total_kmps2_per_kpc,v_bar_kmps,v_struct_kmps,v_model_kmps,beta_raw,beta_formula,beta_clipped,beta_mode
UGC10310,1.1,33.2,5.06,0.6138751923073898,422.49172727272725,496.58185379286317,919.0735810655904,21.557850078335733,23.371778690808913,31.795926455634998,,889.8226317290682,889.8226317290682,formula
UGC10310,2.21,54.6,5.06,0.5936745745401549,590.7111764705883,239.0339693701156,829.7451458407039,36.13131190532666,22.984017758171774,42.82215282196769,,889.8226317290682,889.8226317290682,formula
UGC10310,3.31,65.7,5.06,0.6470496278478588,515.948821752266,173.94543888546704,689.894260637733,41.32542316782734,23.99498703293869,47.78650439936883,,889.8226317290682,889.8226317290682,formula
UGC10310,4.42,69.2,5.06,0.6583824060011914,419.25904977375563,132.54379302988596,551.8028428036416,43.04793839430641,24.204205526976008,49.3859146436724,,889.8226317290682,889.8226317290682,formula
UGC10310,5.52,70.9,5.06,0.5831917188544863,406.58922101449286,94.01036052059744,500.5995815350903,47.37480870673781,22.780192933197423,52.56719214561206,,889.8226317290682,889.8226317290682,formula
UGC10310,6.64,72.4,5.06,0.5714694851133868,360.1084939759036,76.58230138500745,436.69079536091107,48.8990838359984,22.55008827469306,53.84818363878627,,889.8226317290682,889.8226317290682,formula
UGC10310,7.74,73.2,5.06,0.6251044921386841,285.7251291989664,71.8646155427011,357.58974474166746,47.02672112746114,23.584573863025522,52.6093587140207,,889.8226317290682,889.8226317290682,formula
