r_kpc,v_obs_kmps,v_err_kmps,v_model_kmps,v_baryon_kmps,a_newton,sigma_profile,sigma_smoothed,sigma_transferred,beta_local,d_eff_local,cinfo_cap,eta_profile,projection_profile,a_struct_internal,a_struct_observed,a_total,struct_to_bar_ratio,sigma_flip_severity
4.51,69.75,4.15,37.83952979456632,47.714166659389534,504.7986031042128,-44.61517114240863,-37.75912707349896,-30.310849207057473,94.14266150378415,2.3108771551719354,0.5643508620687742,0.4758915360500176,0.8272698721925835,-515.3392898292796,-187.3196640634429,317.4789390407699,0.37107801588898576,0.0
9.01,97.7,1.63,37.7211106472875,52.33844953760094,304.030332963374,-34.21895409110877,-32.3640125767195,-27.97714876535453,90.36300501211372,2.3495359423861837,0.5798143769544735,0.48713772869416255,0.8204357674471019,-356.2273550780138,-146.10778152442765,157.92255143894636,0.48056975138079067,2.333700441702941
13.51,108.0,0.99,37.379549702297425,51.56691284147229,196.82801628423388,-20.73116784916013,-26.968898079940047,-24.24451206366024,86.58334852044331,2.388194729600432,0.5952778918401729,0.49838392133830756,0.8136016627016204,-178.42618316872412,-93.40605211350677,103.42196417072711,0.474556691048604,3.732636701694293
18.01,107.5,2.32,30.375451291809284,45.99207866578766,117.44982232093282,-17.63959865851134,-21.573783583160587,-21.600453546209305,82.8036920287729,2.4268535168146808,0.6107414067258723,0.5096301139824526,0.8067675579561389,-118.00058102932492,-66.21894829644208,51.230874024490745,0.5638062875522973,2.644058517450933
