r_kpc,v_obs_kmps,v_err_kmps,v_model_kmps,v_baryon_kmps,a_newton,sigma_profile,sigma_smoothed,sigma_transferred,beta_local,d_eff_local,cinfo_cap,eta_profile,projection_profile,a_struct_internal,a_struct_observed,a_total,struct_to_bar_ratio,sigma_flip_severity
0.95,46.8,5.66,35.24098133472578,28.0072704846438,825.6917894736841,586.5593351800559,289.20532627717233,156.09045345727253,101.50623728784817,2.308788662757407,0.5635154651029629,0.47528397462033667,0.8236153534668722,12633.672972275202,481.59954256262233,1307.2913320363064,0.5832679320568338,0.0
1.9,63.0,5.66,59.76663440018505,51.25967225802366,1382.9231578947372,52.810380058079154,124.78445284508044,87.99058767150261,98.13910490290381,2.3245909705283903,0.5698363882113562,0.479881009608259,0.8186618347070568,6899.422665329113,497.10346711862223,1880.0266250133595,0.35945848782760775,68.09986578576992
2.86,66.8,5.66,58.27154573431728,51.47776704558969,926.5596153846153,-366.46175421238524,-25.668753590424473,-15.820779611691933,94.8514090084868,2.3457427397136383,0.5782970958854554,0.48603425155305846,0.809591138941832,562.7368798261487,260.70368610721346,1187.2633014918288,0.2813674174640077,103.81136728319454
3.81,69.6,5.66,49.55586896263669,51.01135559853316,682.9812073490813,-235.54503198040345,-159.87517299937588,-100.56635645617108,88.34882597495388,2.3616288085425152,0.5846515234170061,0.49065565339418626,0.8021681103354834,-1657.7700243399427,-38.41843867663552,644.5627686724457,0.056251091923528306,84.74557684447915
4.76,73.4,5.66,33.36376432857202,47.750963341067795,479.0240546218488,-165.70669699746867,-180.71100408965407,-127.29742865822521,79.1461058816073,2.393313684058742,0.5973254736234969,0.49987307172617956,0.7983718809605734,-1931.2276561454626,-245.17095164443396,233.85310297741484,0.5118134450220393,26.731072202054136
5.72,74.7,5.66,31.616784977913717,45.78508163146594,366.48141608391614,-84.472761864701,-117.69240832583938,-108.64603976470735,70.81509325152057,2.3921221742409657,0.5968488696963863,0.49952645068828094,0.7968356688809087,-1432.6966985939048,-191.722483856708,174.75893222720813,0.5231438087785816,18.65138889351786
6.67,76.1,5.66,31.915043911567658,46.03186722261003,317.68107946026987,-51.36877539331186,-80.85715700842107,-86.37955290238968,64.58513063825015,2.387187242844513,0.5948748971378052,0.49809083428204015,0.7966535321474264,-1005.960113599974,-164.9719298534795,152.70914960679036,0.5193004573447106,22.266486862317677
