r_kpc,v_obs_kmps,v_err_kmps,v_model_kmps,v_baryon_kmps,a_newton,sigma_profile,sigma_smoothed,sigma_transferred,beta_local,d_eff_local,cinfo_cap,eta_profile,projection_profile,a_struct_internal,a_struct_observed,a_total,struct_to_bar_ratio,sigma_flip_severity
0.21,16.4,3.3,19.757702616463988,15.923799797786959,1207.4638095238097,2221.301684088271,986.2370593083817,618.2292645424901,83.91893420578572,2.315559221547578,0.5662236886190313,0.4772535917229318,0.8273785795800662,176898.50532843158,651.4257746696564,1858.8895841934661,0.539499212756166,0.0
0.41,26.2,3.3,27.98036041630482,26.023199265270982,1651.724146341464,54.46317110636522,231.16215915477142,182.72290554708948,82.10059189560631,2.343670637973875,0.57746825518955,0.4854314583196727,0.8200320171599262,77087.68246926092,257.78943664955466,1909.5135829910187,0.15607293579896686,435.50635899540066
0.62,35.2,3.3,26.60658106878922,27.61289734888391,1229.7937096774194,-1787.1829268292695,-523.9127409988389,-404.51330502932245,80.2822495854269,2.371782054400173,0.5887128217600692,0.49360932491641396,0.8126854547397863,-30678.808762084416,-88.00313520959196,1141.7905744678274,0.07155926601110651,587.236210576412
0.82,44.0,3.3,18.336195078586947,27.451100160102875,918.9791463414634,-1554.0728166797803,-1278.9876411524492,-796.8257985689575,78.46390727524748,2.3998934708264708,0.5999573883305883,0.5017871915131552,0.8053388923196463,-68290.75305884934,-508.95957321951687,410.01957312194656,0.5538314718519235,392.312493539635
