r_kpc,v_obs_kmps,v_err_kmps,v_model_kmps,v_baryon_kmps,a_newton,sigma_profile,sigma_smoothed,sigma_transferred,beta_local,d_eff_local,cinfo_cap,eta_profile,projection_profile,a_struct_internal,a_struct_observed,a_total,struct_to_bar_ratio,sigma_flip_severity
1.1,26.9,8.27,21.62862740569385,29.22644863817703,776.5320909090908,-130.99479338842983,-108.17732801358133,-68.52189148524533,104.49181515048095,2.332826349364775,0.5731305397459101,0.4822767561788437,0.8253503407246818,-5322.279217311756,-351.26161504151713,425.2704758675737,0.4523465535471857,0.0
2.2,38.0,8.27,26.288248649252473,37.30098122033789,632.437818181818,-97.68747933884295,-91.13708338548214,-64.26428243992942,100.9446509415416,2.349770838859593,0.5799083355438371,0.4872060622136998,0.8210595164364769,-3689.7925586001675,-318.31417407048866,314.1236441113293,0.5033129976091615,4.257609045315917
3.3,40.5,8.27,30.583162406748276,43.05049128639533,561.6196363636363,-50.214780563774156,-71.95930262535356,-55.73154004844383,95.42733846301597,2.3688109374078463,0.5875243749631386,0.49274499997319166,0.8161642209995607,-1826.7100178938363,-278.18635672801787,283.4332796356185,0.4953287576075747,8.532742391485584
4.39,41.4,8.27,34.68737218892245,47.89187926987205,522.4674487471526,-45.793570247933864,-50.20375538969713,-45.41357411393102,88.91657603879554,2.3818244141213203,0.5927297656485282,0.4965307386534751,0.8100247242882619,-1025.883580494823,-248.38685891279482,274.0805898343578,0.47541116582174153,10.317965934512813
5.5,42.3,8.27,36.17885181772155,50.34685491666784,460.87378181818184,-35.105889587786976,-36.669180453939966,-36.60401895877557,82.0730281985698,2.393534307871574,0.5974137231486296,0.49993725319900334,0.8053444326442695,-608.8525559445161,-222.89026930024474,237.9835125179371,0.4836254048145803,8.80955515515545
6.59,42.3,8.27,40.46360903325325,54.16728994513201,445.23449165402127,-22.217057210147686,-32.62914527319656,-31.1604984720057,76.24414669486335,2.4087534591707827,0.6035013836683131,0.5043646426678641,0.8025635710666712,-393.6545574254036,-196.78173657117236,248.4527550828489,0.4419732528810587,5.44352048676987
7.69,42.3,8.27,42.033648547810294,56.30239515331475,412.2184265279584,-30.014604660057138,-29.473352155621214,-29.12731929751041,72.399899628222,2.4173542300109996,0.6069416920043998,0.506866685094109,0.8006411677074432,-302.99107359409777,-182.46191024176403,229.75651628619437,0.44263404665969897,2.033179174495288
