r_kpc,v_obs_kmps,v_err_kmps,v_model_kmps,v_baryon_kmps,a_newton,sigma_profile,sigma_smoothed,sigma_transferred,beta_local,d_eff_local,cinfo_cap,eta_profile,projection_profile,a_struct_internal,a_struct_observed,a_struct,a_total,struct_to_bar_ratio,sigma_flip_severity
1.92,26.9,8.0,25.419938933776624,25.87069577726892,348.5900520833334,-19.526704233478736,-19.029326897770048,-0.74629917134362,98.2775954323213,2.159574816133968,0.5331918234886094,0.33065976928378116,0.31521939067751653,-38.200254183742146,-12.041460847525451,-12.041460730764289,336.5485913525691,0.03454332864192075,0.2934229821413394
3.83,46.8,5.0,34.16115292389242,34.52906312079724,311.294046997389,-41.79965033393878,-19.72872667731849,-0.7615941559557649,100.2567589614974,2.1727251583983604,0.5458161520624261,0.33983837516308174,0.33097824085176325,-19.93602133685174,-6.598389271654407,-6.598389271654249,304.69565772573475,0.02119664457154758,0.2934229821413394
5.75,47.6,5.0,32.498835075478354,32.922029099069825,188.49739130434784,-33.820279921432714,-20.390732569200747,-0.7753303823648189,102.52472570809167,2.1884888182404114,0.5609492655107949,0.35094392437873445,0.3482895015333456,-13.824440832191806,-4.814907606421314,-4.814907606410092,183.68248369793776,0.025543629929501287,0.2934229821413394
7.67,48.1,8.0,37.06995852035331,37.30312855512256,181.42417209908737,-3.4969988977422206,-16.485391722505,-0.6834733223146574,99.5041800257967,2.1791881444148786,0.5520206186382834,0.3443779972773731,0.25499147032711117,-8.866812582324256,-2.2609615774817913,-2.2609615774817913,179.16321052160558,0.012462295135194621,0.2934229821413394
9.59,52.2,10.0,40.896066666816026,40.974515250335784,175.06891553701772,-3.310029459411279,-8.125461655717242,-0.390050340173318,86.75324317657227,2.1328193037239354,0.5075065315749779,0.312226177659602,0.18980454302356115,-3.5284809188905726,-0.6697217083773802,-0.6697217083773802,174.39919382864034,0.0038254747068306085,0.2934229821413394
