r_kpc,v_obs_kmps,v_err_kmps,v_model_kmps,v_baryon_kmps,a_newton,sigma_profile,sigma_smoothed,sigma_transferred,beta_local,d_eff_local,cinfo_cap,eta_profile,projection_profile,a_struct_internal,a_struct_observed,a_struct,a_total,struct_to_bar_ratio,sigma_flip_severity
0.87,27.3,5.8,86.57969009534989,86.64557749821974,8629.259885057472,-818.1144801162651,-631.785063002623,-0.5687584019858902,85.05069928790425,2.0822146423629957,0.45892605666847586,0.2782453021653767,0.2359434447696873,-55.601494039966575,-13.11880803813095,-13.11880803813095,8616.141077019342,0.0015202703607098945,0.12519046567374315
1.74,52.7,6.7,117.30425077555638,117.37312511814619,7917.500287356322,-1167.351333327802,-761.0601442687398,-0.6514450484228342,91.54147955120487,2.120722030757107,0.49589314952682256,0.30399771414423055,0.27103974185547136,-34.272553780995715,-9.289224129528838,-9.289224129528838,7908.211063226793,0.0011732521367067493,0.12519046567374315
2.71,69.2,6.7,132.42242092219075,132.53080245739102,6481.333431734317,-1173.4595015690481,-987.5739105762442,-0.7654734021228587,104.31639355255011,2.204530137979512,0.5763489324603315,0.3623602835766954,0.35961834400402304,-29.465470357881024,-10.596323655400802,-10.596323655400802,6470.737108078916,0.0016348987082661199,0.12519046567374315
3.58,83.5,6.4,143.39998252876305,143.57868435112505,5758.334804469273,-646.3754063305839,-1184.6349656162363,-0.836889156615983,123.39540908657241,2.364030273006222,0.7294690620859732,0.48219598759962423,0.4966056453107682,-28.84588822367201,-14.325030935878926,-14.325030935878926,5744.009773533394,0.0024877037237806703,0.12519046567374315
4.45,95.9,6.3,154.2810251898379,154.39251601032998,5356.640224719101,-1132.5688315375219,-951.164698950676,-0.7496222843830932,119.24335427226184,2.3515180977796075,0.7174573738684232,0.4723800723018721,0.38500098734391075,-20.087073174623683,-7.733543005079501,-7.733543005079501,5348.906681714021,0.0014437301518547677,0.12519046567374315
5.32,110.0,7.6,141.87581027505647,141.95202710775214,3787.665037593985,-1803.419755316225,-716.4727986368662,-0.62443181870935,112.25593312770839,2.324956630323813,0.6919583651108604,0.45177669840328444,0.3086111094970215,-13.175973023280099,-4.066251653417296,-4.066251653417296,3783.5987859405677,0.001073551017063943,0.12519046567374315
