r_kpc,v_obs_kmps,v_err_kmps,v_model_kmps,v_baryon_kmps,a_newton,sigma_profile,sigma_smoothed,sigma_transferred,beta_local,d_eff_local,cinfo_cap,eta_profile,projection_profile,a_struct_internal,a_struct_observed,a_struct,a_total,struct_to_bar_ratio,sigma_flip_severity
0.68,20.5,2.47,19.421953381454216,19.147723102238555,539.1695588235294,248.3865486213527,42.45588098248783,0.5643001245745847,84.8546944456226,2.0812950556406715,0.45804325341504465,0.27763850074490565,0.22088965945771624,70.41693330353404,15.554372417474351,15.554372281442358,554.7239311049718,0.028848758292462924,0.7411507880754518
1.37,34.6,2.45,31.275598564151228,31.20035416465653,710.5562773722628,76.72971494098795,17.874432330890286,0.26276593682949884,82.73078945916933,2.138851506872097,0.5132974465972131,0.31635392436791915,0.2162473698617354,15.867761603563983,3.4313617123637443,3.4313617123637443,713.9876390846265,0.0048291202563224295,0.7411507880754518
2.05,46.0,2.45,36.333942416302186,36.34271591392146,644.2892682926829,-112.83685864990153,-2.101375295159759,-0.03162302377749728,73.84455282650087,2.2021352916803103,0.5740498800130979,0.3606485293441081,0.27305230894438925,-1.1391161218883372,-0.3110382872373888,-0.3110382872373888,643.9782300054455,0.00048276186262855,0.7411507880754518
2.74,51.8,2.46,38.669648747981284,39.03020881317444,555.9697810218977,-122.9072432579877,-68.2340027718317,-0.772773811852949,108.85763381234031,2.2417145372681717,0.6120459557774448,0.38927072547418756,0.3330324559941746,-30.701579792136744,-10.22462252107642,-10.22462252107642,545.7451585008213,0.018390608392598592,0.7411507880754518
3.42,56.8,2.44,39.93365280125767,40.343521165113984,475.90634502923973,-99.87903813025022,-83.57994576002929,-0.850564708720207,109.21979895065698,2.230216834809544,0.6010081614171624,0.3808831247597803,0.3541830239795497,-27.163305988580444,-9.620781856317233,-9.620781856317231,466.2855631729225,0.020215704111959196,0.7411507880754518
4.11,61.4,2.44,41.22911316445975,41.50478165223857,419.13549878345486,-82.27658876200701,-61.01257403004898,-0.7251717806848429,103.02241926663254,2.2010102368564275,0.5729698273821704,0.35984527278686695,0.3052797194534792,-18.177360396604474,-5.549179482280198,-5.549179482280198,413.5863193011747,0.013239583614974997,0.7411507880754518
