r_kpc,v_obs_kmps,v_err_kmps,v_model_kmps,v_baryon_kmps,a_newton,sigma_profile,sigma_smoothed,sigma_transferred,beta_local,d_eff_local,cinfo_cap,eta_profile,projection_profile,a_struct_internal,a_struct_observed,a_struct,a_total,struct_to_bar_ratio,sigma_flip_severity
3.48,46.2,5.0,40.589542212343716,40.94351352778606,481.7158908045976,-49.84721986073477,-20.414080940825578,-0.7615941559557649,101.31374796137099,2.1809898970652974,0.5537503011826855,0.3456469163919078,0.37403290001418105,-22.172401829125125,-8.293207756427403,-8.293207756427403,473.4226830481702,0.017215972971959287,0.29958321711440195
6.94,81.1,5.0,45.950428894582224,46.32663272891739,309.2445100864553,-34.01415868098795,-21.81298023807363,-0.7889053171878135,107.32356403255011,2.225326839712918,0.5963137661244011,0.37733395596477975,0.4100124128259454,-12.200018778793307,-5.002159136014888,-5.002159136014888,304.2423509504404,0.016175417744537107,0.29958321711440195
10.42,91.2,5.0,50.24232979977137,50.59399667944805,245.6576295585413,-18.209026162405166,-19.890424729008537,-0.7506088924045353,112.58802198143152,2.2816214209627677,0.650356564124257,0.41884607904267335,0.4196068692651458,-8.110323462332033,-3.403147436756802,-3.403147436756802,242.2544821217845,0.013853212874901917,0.29958321711440195
13.89,97.7,5.0,50.243947824290814,50.37448560531413,182.6917782577394,-6.994496486240267,-9.920980756861582,-0.4510256752901334,99.6987546713165,2.2560415272352676,0.6257998661458569,0.3998058388203903,0.2920940956299147,-3.2373432794251875,-0.9456088574472823,-0.9456088574472823,181.74616940029213,0.005175979271828362,0.29958321711440195
16.22,100.0,5.0,57.65403607999079,57.67627328460119,205.08954993834774,9.612777545325477,-3.1181490206639917,-0.1515680934944472,81.02988900185026,2.195458255042082,0.5676399248403987,0.3558896888704918,0.20881929119826884,-0.7571853139381702,-0.15811490056230737,-0.15811490056230737,204.93143503778543,0.0007709554221662145,0.29958321711440195
