r_kpc,v_obs_kmps,v_err_kmps,v_model_kmps,v_baryon_kmps,a_newton,sigma_profile,sigma_smoothed,sigma_transferred,beta_local,d_eff_local,cinfo_cap,eta_profile,projection_profile,a_struct_internal,a_struct_observed,a_struct,a_total,struct_to_bar_ratio,sigma_flip_severity
0.21,16.4,3.3,16.802614542097636,15.923799797786959,1207.4638095238097,2221.301684088271,2221.301684088271,0.8248324404796897,102.85118810214117,2.1840946213818246,0.5567308365265516,0.3478369180240262,0.34053120202284864,403.97617375487965,137.56649203734034,136.95454976338527,1344.418359287195,0.11342331644396211,0.7961106864125177
0.41,26.2,3.3,26.02825062924225,26.023199265270982,1651.724146341464,54.46317110636522,54.46317110636522,0.028721754067172044,62.68492584245309,2.0067591777851423,0.38648881067373664,0.22972490488885783,0.14603851831246786,4.391270789672817,0.641294679632639,0.641294679632639,1652.3654410210966,0.0003882577372554681,0.7961106864125177
0.62,35.2,3.3,26.874169969754817,27.61289734888391,1229.7937096774194,-1787.1829268292695,-1787.1829268292695,-0.7364831486823359,119.3650213916626,2.3583944076579857,0.7240586313516663,0.4777658496269538,0.45786531585105156,-141.7908496726872,-64.92111217017388,-64.92111038182023,1164.8725992955992,0.05279024430717038,0.7961106864125177
0.82,44.0,3.3,26.689703300511223,27.451100160102875,918.9791463414634,-1554.0728166797803,-1554.0728166797803,-0.6749517029907404,123.057732410353,2.4412205124570514,0.8035716919587693,0.544315850578105,0.496311312410916,-101.29027567871535,-50.2715096565667,-50.271509427659055,868.7076369138044,0.05470364548232384,0.7961106864125177
