r_kpc,v_obs,v_model
0.21,16.4,52.01630593961992
0.41,26.2,27.153814137203753
0.62,35.2,7.874007874011811e-07
0.82,44.0,9.055385138137416e-07
