galaxy,r_kpc,v_obs_kmps,v_err_kmps,sigma_profile,dsigma_dr,a_bar_kmps2_per_kpc,a_topo_kmps2_per_kpc,a_total_kmps2_per_kpc,v_bar_kmps,v_topo_kmps,v_model_kmps,g_scale,lambda_reorg,l0_kpc
UGC09992,0.78,28.1,5.66,0.08865192549653349,-9.581068635119442e-05,581.1899999999998,26.595577648960045,607.7855776489598,21.291505348377786,4.554618597225111,21.773211765060953,300.0,0.0,1.0
UGC09992,1.55,31.3,5.66,0.08857815126804307,-5.342718603434937e-05,425.09845161290315,26.57344538041292,451.67189699331607,25.66909815322696,6.417853250086046,26.45924111420507,300.0,0.0,1.0
UGC09992,2.34,33.0,5.66,0.08857029644373535,-0.00016483898340061837,314.74085470085475,26.571088933120603,341.3119436339754,27.138415576448086,7.885198038318518,28.26074924879916,300.0,0.0,1.0
UGC09992,3.12,33.4,5.66,0.08832243238035066,5.88043688106582e-06,261.26695512820515,26.496729714105197,287.76368484231034,28.550882648352577,9.092293259019323,29.963689637760037,300.0,0.0,1.0
UGC09992,3.89,34.3,5.66,0.08857297951757366,0.0003253858924974034,204.16580976863753,26.571893855272098,230.73770362390962,28.181642961332116,10.16684154971486,29.959467069642752,300.0,0.0,1.0
