r_kpc,v_obs_kmps,v_err_kmps,v_model_kmps,a_newton,sigma_profile,beta_local,d_eff_local,cinfo_cap,a_struct,a_total
3.48,46.2,5.0,20.337640263408105,481.7158908045976,-49.84721986073477,48.44829579914843,2.2647626742225273,0.4994482444810685,-362.8596806081038,118.8562101964938
6.94,81.1,5.0,16.218414142977416,309.2445100864553,-34.01415868098795,89.83510578051032,2.43289393279484,0.642388041443163,-271.34293122289193,37.90157886356337
10.42,91.2,5.0,36.383828211182255,245.6576295585413,-18.209026162405166,90.50233539312696,2.435783036860317,0.6444484393332444,-118.61511945289622,127.04251010564506
13.89,97.7,5.0,45.92199849592429,182.6917782577394,-6.994496486240267,69.14829320071871,2.347168754427366,0.575505588557405,-30.86816804465998,151.8236102130794
16.22,100.0,5.0,63.71037160198729,205.08954993834774,9.612777545325477,89.60473959631824,2.4318987543815833,0.6416755572265044,45.157765084051086,250.24731502239882
