galaxy,r_kpc,v_obs_kmps,v_err_kmps,sigma_profile,a_bar_kmps2_per_kpc,a_struct_kmps2_per_kpc,a_total_kmps2_per_kpc,v_bar_kmps,v_struct_kmps,v_model_kmps,beta_raw,beta_clipped,beta_hit_lower,beta_hit_upper,beta_mode
UGC07690,0.59,45.3,4.31,0.0,3579.5850847457627,0.0,3579.5850847457627,45.956013752282736,0.0,45.956013752282736,3242.95799388588,1237.0718963103202,False,True,structural
UGC07690,1.18,59.8,4.31,0.29704999282408706,2139.3093220338988,311.4171168829326,2450.7264389168313,50.24325825421755,19.169564364425717,53.7759909059969,3242.95799388588,1237.0718963103202,False,True,structural
UGC07690,1.77,60.7,4.31,0.3847152732004836,1295.4780225988702,268.88161161450006,1564.3596342133703,47.885238852907484,21.815601127579892,52.62049555598717,3242.95799388588,1237.0718963103202,False,True,structural
UGC07690,2.36,58.8,4.31,0.389892797279461,904.6292372881355,204.37517885094834,1109.0044161390838,46.2052486196103,21.961908434565473,51.1590697930312,3242.95799388588,1237.0718963103202,False,True,structural
UGC07690,2.95,57.9,4.31,0.4466576394833453,642.1696610169491,187.30427561937398,829.4739366363231,43.524711371817276,23.506331340240088,49.466636363079644,3242.95799388588,1237.0718963103202,False,True,structural
UGC07690,3.54,56.9,4.31,0.5004038967241542,472.82771186440675,174.86881283661668,647.6965247010235,40.91222433454334,24.880425989954897,47.883668379120905,3242.95799388588,1237.0718963103202,False,True,structural
UGC07690,4.13,55.9,4.31,0.5535768092995528,356.4788619854722,165.81460368852646,522.2934656739986,38.370010424809635,26.16895705284439,46.44428935007634,3242.95799388588,1237.0718963103202,False,True,structural
