galaxy,r_kpc,v_obs_kmps,v_err_kmps,sigma_profile,a_bar_kmps2_per_kpc,a_struct_kmps2_per_kpc,a_total_kmps2_per_kpc,v_bar_kmps,v_struct_kmps,v_model_kmps,beta_raw,beta_clipped,beta_hit_lower,beta_hit_upper,beta_mode
UGC07608,0.6,14.6,6.69,0.4776675795636163,190.82666666666665,873.6953831111833,1064.52204977785,10.70028037015853,22.895790658256598,25.27277645741975,2431.8971413036643,1097.4519776820946,False,True,structural
UGC07608,1.19,31.5,6.69,0.9367413499346111,178.0827731092437,863.8896193801125,1041.9723924893563,14.55742078803797,32.062885819313486,35.2128832540355,2431.8971413036643,1097.4519776820946,False,True,structural
UGC07608,1.79,44.8,6.69,1.0752861797160773,174.34245810055867,659.259745532756,833.6022036333147,17.665588017385666,34.35221891674006,38.62833085319159,2431.8971413036643,1097.4519776820946,False,True,structural
UGC07608,2.38,50.6,6.69,1.0261646288468755,187.32474789915966,473.1791602333682,660.5039081325278,21.114755504149226,33.55840284273696,39.6484463927077,2431.8971413036643,1097.4519776820946,False,True,structural
UGC07608,2.99,55.6,6.69,1.0488645918206434,170.86481605351167,384.9760938509324,555.8409099044441,22.602783014487397,33.927548107906176,40.76719662442204,2431.8971413036643,1097.4519776820946,False,True,structural
UGC07608,3.59,61.4,6.69,1.0653218463891134,167.08306406685242,325.66561760102314,492.74868166787553,24.49139032394854,34.192682948076374,42.059098506597515,2431.8971413036643,1097.4519776820946,False,True,structural
UGC07608,4.18,66.0,6.69,1.0484209993017268,172.39705741626798,275.2611720399804,447.65822945624836,26.844360674078274,33.920372921404,43.25750107353773,2431.8971413036643,1097.4519776820946,False,True,structural
UGC07608,4.78,69.3,6.69,1.021040218475351,177.0213389121339,234.423139552036,411.4444784641699,29.088863848558955,33.47450682323389,44.34754341627879,2431.8971413036643,1097.4519776820946,False,True,structural
