galaxy,r_kpc,v_obs_kmps,v_err_kmps,sigma_profile,a_bar_kmps2_per_kpc,a_struct_kmps2_per_kpc,a_total_kmps2_per_kpc,v_bar_kmps,v_struct_kmps,v_model_kmps,beta_raw,beta_formula,beta_clipped,use_dimension_proxy,d_eff_proxy,d_eff_boost,beta_mode
D564-8,0.51,8.54,1.53,0.28040422439222223,102.92254901960786,352.43993505147563,455.3624840710835,7.245032781154272,13.406877596079282,15.239254144355378,,641.0187552125847,641.0187552125847,False,,1.0,formula
D564-8,1.02,15.1,1.41,0.5634452532687164,101.37696078431372,354.0970341968158,455.4739949811295,10.168800322555262,19.0047092816689,21.554198544152648,,641.0187552125847,641.0187552125847,False,,1.0,formula
D564-8,1.53,19.8,1.8,0.7414030710302802,80.27692810457516,310.62305470759327,390.89998281216845,11.082585438425458,21.800304440594807,24.455612315021224,,641.0187552125847,641.0187552125847,False,,1.0,formula
D564-8,2.04,21.9,1.82,0.8264481738386754,60.59906862745098,259.6905782557753,320.2896468832263,11.118547567016117,23.016706533337512,25.561511685379283,,641.0187552125847,641.0187552125847,False,,1.0,formula
D564-8,2.56,24.0,1.89,0.9277740181615245,45.488828125,232.31271337518686,277.8015415001869,10.791264986089443,24.386892918952967,26.66780730094768,,641.0187552125847,641.0187552125847,False,,1.0,formula
D564-8,3.07,25.0,2.05,0.9914429255531284,35.20654723127036,207.01417263921488,242.22071987048525,10.39635032114636,25.209789963472318,27.269352944329093,,641.0187552125847,641.0187552125847,False,,1.0,formula
