galaxy,r_kpc,v_obs_kmps,v_err_kmps,sigma_profile,a_bar_kmps2_per_kpc,a_struct_kmps2_per_kpc,a_total_kmps2_per_kpc,v_bar_kmps,v_struct_kmps,v_model_kmps,beta_raw,beta_formula,beta_clipped,use_dimension_proxy,d_eff_proxy,d_eff_boost,beta_mode
UGC07866,0.33,12.2,4.07,0.3908976414259013,283.29242424242415,1372.1399050088942,1655.4323292513184,9.66884170932589,21.27924267103825,23.37290458314788,,1158.3752897592483,1158.3752897592483,False,,1.0,formula
UGC07866,0.66,19.4,4.07,0.5499013979224155,282.73030303030305,965.1396835718087,1247.8699866021118,13.660234258606257,25.23870422896932,28.69833080786048,,1158.3752897592483,1158.3752897592483,False,,1.0,formula
UGC07866,1.0,23.9,4.07,0.46072631786851803,324.5125,533.6939819606561,858.206481960656,18.014230485924177,23.10181771983876,29.295161408680716,,1158.3752897592483,1158.3752897592483,False,,1.0,formula
UGC07866,1.33,26.0,4.07,0.4597969488663772,289.15225563909775,400.46422847632175,689.6164841154196,19.61052013588625,23.07850566812132,30.28514361652439,,1158.3752897592483,1158.3752897592483,False,,1.0,formula
UGC07866,1.67,28.2,4.07,0.5148323045953299,249.3452095808383,357.10719761259696,606.4524071934352,20.40604077228113,24.42066788630149,31.824134238232418,,1158.3752897592483,1158.3752897592483,False,,1.0,formula
UGC07866,2.0,30.6,4.07,0.5668374590017143,225.97984999999997,328.30525290875346,554.2851029087534,21.259343828067692,25.62441230189498,33.295197939305105,,1158.3752897592483,1158.3752897592483,False,,1.0,formula
UGC07866,2.32,33.1,4.07,0.6353571693860762,203.86125000000004,317.2336401673327,521.0948901673328,21.747599867571594,27.128989018911334,34.769816582608144,,1158.3752897592483,1158.3752897592483,False,,1.0,formula
