galaxy,r_kpc,v_obs_kmps,v_err_kmps,sigma_profile,a_bar_kmps2_per_kpc,a_struct_kmps2_per_kpc,a_total_kmps2_per_kpc,v_bar_kmps,v_struct_kmps,v_model_kmps,beta_raw,beta_formula,beta_clipped,use_dimension_proxy,d_eff_proxy,d_eff_boost,beta_mode
UGC06667,0.87,26.6,4.4,1.7711685805892394,55.04183908045977,2685.1222096602655,2740.1640487407253,6.92,48.332766550285854,48.82563591397895,,1318.9350511328867,1318.9350511328867,False,,1.0,formula
UGC06667,1.74,45.2,2.7,1.854463999891711,69.03540229885058,1405.6997531731445,1474.735155471995,10.96,49.4562187244564,50.65608720105878,,1318.9350511328867,1318.9350511328867,False,,1.0,formula
UGC06667,2.61,57.0,3.9,1.6285108870350773,107.34536398467434,822.9502260774224,930.2955900620967,16.738321301731546,46.345443034478286,49.275465396707034,,1318.9350511328867,1318.9350511328867,False,,1.0,formula
UGC06667,3.5,69.3,3.0,1.473741399774267,154.1405714285714,555.3626252765499,709.5031967051214,23.226967085695886,44.08819783647235,49.83233075492179,,1318.9350511328867,1318.9350511328867,False,,1.0,formula
UGC06667,4.37,77.3,3.4,1.4686374283195307,154.95029748283756,443.2579820632246,598.2082795460622,26.021775496687386,44.0117868487101,51.12895639083876,,1318.9350511328867,1318.9350511328867,False,,1.0,formula
UGC06667,5.24,80.7,3.9,1.3509278309637056,172.3298664122137,340.0355091238463,512.36537553606,30.05009983344481,42.21120784589034,51.81500330800872,,1318.9350511328867,1318.9350511328867,False,,1.0,formula
UGC06667,6.11,84.0,3.0,1.3335108563588833,164.98031096563008,287.85829943010856,452.83861039573867,31.749483460365145,41.93821895977419,52.600797612944646,,1318.9350511328867,1318.9350511328867,False,,1.0,formula
UGC06667,6.98,85.0,3.0,1.2592188273828862,167.95199140401144,237.94095250454734,405.8929439085588,34.23893835970969,40.75325567953732,53.227180542291926,,1318.9350511328867,1318.9350511328867,False,,1.0,formula
UGC06667,7.85,85.7,3.4,1.2678094772228465,149.59128662420383,213.01380352454441,362.6050901487482,34.26793836810146,40.89203293635172,53.35213170687441,,1318.9350511328867,1318.9350511328867,False,,1.0,formula
