galaxy,r_kpc,v_obs_kmps,v_err_kmps,sigma_profile,a_bar_kmps2_per_kpc,a_struct_kmps2_per_kpc,a_total_kmps2_per_kpc,v_bar_kmps,v_struct_kmps,v_model_kmps,beta_raw,beta_formula,beta_clipped,use_dimension_proxy,d_eff_proxy,d_eff_boost,beta_mode
UGC00634,4.51,69.75,4.15,0.6192202052460889,504.7986031042128,197.3748419612252,702.173445065438,47.714166659389534,29.835558269372566,56.27434795042165,,1437.5508578428255,1437.5508578428255,False,,1.0,formula
UGC00634,9.01,97.7,1.63,0.9395617053973544,304.030332963374,149.90762881134685,453.93796177472086,52.33844953760094,36.751431748848034,63.95295955302018,,1437.5508578428255,1437.5508578428255,False,,1.0,formula
UGC00634,13.51,108.0,0.99,1.0825302223220763,196.82801628423388,115.18817540635717,312.0161916905911,51.56691284147229,39.448602633552,64.92564015656592,,1437.5508578428255,1437.5508578428255,False,,1.0,formula
UGC00634,18.01,107.5,2.32,1.2168030136204944,117.44982232093282,97.12472049171997,214.5745428126528,45.99207866578766,41.82363226760532,62.165002340994704,,1437.5508578428255,1437.5508578428255,False,,1.0,formula
