galaxy,r_kpc,v_obs_kmps,v_err_kmps,sigma_profile,a_bar_kmps2_per_kpc,a_struct_kmps2_per_kpc,a_total_kmps2_per_kpc,v_bar_kmps,v_struct_kmps,v_model_kmps,beta_raw,beta_formula,beta_clipped,beta_mode
DDO170,1.87,27.7,3.0,0.504084651363988,217.22914438502676,185.71633331995912,402.9454777049859,20.154862936770375,18.635706139245798,27.450100970822014,,688.9508386510141,688.9508386510141,formula
DDO170,3.36,42.4,1.5,0.7597385995209867,183.68077380952383,155.7805194331937,339.4612932427175,24.84285410334328,22.878429694704373,33.77262123814985,,688.9508386510141,688.9508386510141,formula
DDO170,4.86,52.5,1.0,0.83600151549625,169.0435596707819,118.51109983840746,287.5546595091894,28.66272317837229,23.999248846883944,37.38336053934505,,688.9508386510141,688.9508386510141,formula
DDO170,6.35,55.6,1.0,0.8068146477305786,153.2505511811024,87.53631939998499,240.78687058108738,31.195207965326986,23.576590682070737,39.102386476913466,,688.9508386510141,688.9508386510141,formula
DDO170,7.85,58.6,1.1,0.8093868910203745,137.04811464968157,71.0353856511623,208.08350030084387,32.79981249946408,23.61414358730005,40.416029955472176,,688.9508386510141,688.9508386510141,formula
DDO170,9.34,59.0,1.2,0.822162331650286,114.01157387580301,60.64554902545372,174.65712290125674,32.63231680405178,23.799777895974948,40.38932442982598,,688.9508386510141,688.9508386510141,formula
DDO170,10.83,60.0,1.3,0.886913001205087,89.95710064635273,56.42100239988297,146.3781030462357,31.212744192076414,24.719212284996715,39.81551024400834,,688.9508386510141,688.9508386510141,formula
DDO170,12.33,62.2,1.0,0.9971644863220407,68.55718572587185,55.717543319106056,124.2747290449779,29.074217100379503,26.210633512461648,39.144698352708986,,688.9508386510141,688.9508386510141,formula
