galaxy,r_kpc,v_obs_kmps,v_err_kmps,sigma_profile,a_bar_kmps2_per_kpc,a_struct_kmps2_per_kpc,a_total_kmps2_per_kpc,v_bar_kmps,v_struct_kmps,v_model_kmps,beta_raw,beta_formula,beta_clipped,beta_mode
NGC6789,0.1,13.9,3.84,0.9288027354201513,659.0439999999999,13852.380488389137,14511.424488389137,8.118152499183543,37.21878623543376,38.093863663835855,,1491.4233087527357,1491.4233087527357,formula
NGC6789,0.3,29.9,3.92,0.8026519699054973,1191.686666666667,3990.3128557778605,5181.999522444527,18.90782906628892,34.599044159244606,39.428414331968234,,1491.4233087527357,1491.4233087527357,formula
NGC6789,0.51,46.7,4.1,1.1785067850244602,1058.6858823529412,3446.3774288406457,4505.063311193587,23.236389564646224,41.92436628869576,47.933102222876514,,1491.4233087527357,1491.4233087527357,formula
NGC6789,0.71,60.4,9.4,1.4958071748109667,841.6532394366197,3142.086881567118,3983.740121003738,24.445322660991817,47.23221025860058,53.1832256065073,,1491.4233087527357,1491.4233087527357,formula
