galaxy,r_kpc,v_obs_kmps,v_err_kmps,sigma_profile,a_bar_kmps2_per_kpc,a_struct_kmps2_per_kpc,a_total_kmps2_per_kpc,v_bar_kmps,v_struct_kmps,v_model_kmps,beta_raw,beta_formula,beta_clipped,use_dimension_proxy,d_eff_proxy,d_eff_boost,beta_mode
UGC07559,0.36,9.31,3.23,0.0,274.37027777777774,0.0,274.37027777777774,9.938475738260871,0.0,9.938475738260871,,1039.4811962207625,1909.1691307414576,True,2.1531017646153625,1.8366557641279284,formula
UGC07559,0.72,15.9,3.23,0.0,356.85847222222225,0.0,356.85847222222225,16.02928881766125,0.0,16.02928881766125,,1039.4811962207625,1909.1691307414576,True,2.1531017646153625,1.8366557641279284,formula
UGC07559,1.08,21.4,3.23,0.2731611925436304,310.6712962962963,482.88047826002105,793.5517745563174,18.317341510164624,22.83661350815446,29.275175772671677,,1039.4811962207625,1909.1691307414576,True,2.1531017646153625,1.8366557641279284,formula
UGC07559,1.45,26.1,3.23,0.44694221672164813,269.80758620689653,588.4746782000891,858.2822644069856,19.779307369066288,29.211098633740725,35.27760314123012,,1039.4811962207625,1909.1691307414576,True,2.1531017646153625,1.8366557641279284,formula
UGC07559,1.8,29.7,3.23,0.5643895750354662,233.48677777777777,598.6195302055563,832.1063079833341,20.500639014430746,32.8255259572486,38.70130946583076,,1039.4811962207625,1909.1691307414576,True,2.1531017646153625,1.8366557641279284,formula
UGC07559,2.17,31.1,3.23,0.5774054810141371,207.78700460829495,508.0021752410661,715.7891798493611,21.234354240240037,33.201878264235496,39.411451638744715,,1039.4811962207625,1909.1691307414576,True,2.1531017646153625,1.8366557641279284,formula
UGC07559,2.53,32.1,3.23,0.5414227230638277,201.5507509881423,408.5642488361426,610.114999824285,22.581483565080486,32.150700607536386,39.28856003413005,,1039.4811962207625,1909.1691307414576,True,2.1531017646153625,1.8366557641279284,formula
