galaxy,r_kpc,v_obs_kmps,v_err_kmps,sigma_profile,a_bar_kmps2_per_kpc,a_struct_kmps2_per_kpc,a_total_kmps2_per_kpc,v_bar_kmps,v_struct_kmps,v_model_kmps,beta_raw,beta_formula,beta_clipped,use_dimension_proxy,d_eff_proxy,d_eff_boost,beta_mode
UGC06667,0.87,26.6,4.4,1.7711685805892394,55.04183908045977,4071.6519094005503,4126.69374848101,6.92,59.517536585266015,59.918474289475014,,1318.9350511328867,2000.0,True,1.5,1.8496780098954972,formula
UGC06667,1.74,45.2,2.7,1.854463999891711,69.03540229885058,2131.567815967484,2200.6032182663344,10.96,60.900968791829754,61.87931479730057,,1318.9350511328867,2000.0,True,1.5,1.8496780098954972,formula
UGC06667,2.61,57.0,3.9,1.6285108870350773,107.34536398467434,1247.9010628621284,1355.2464268468027,16.738321301731546,57.070323059101,59.47430683976195,,1318.9350511328867,2000.0,True,1.5,1.8496780098954972,formula
UGC06667,3.5,69.3,3.0,1.473741399774267,154.1405714285714,842.1379427281526,996.278514156724,23.226967085695886,54.290724802202945,59.05061218606065,,1318.9350511328867,2000.0,True,1.5,1.8496780098954972,formula
UGC06667,4.37,77.3,3.4,1.4686374283195307,154.95029748283756,672.1452761187784,827.0955736016159,26.021775496687386,54.19663141412999,60.119943917464376,,1318.9350511328867,2000.0,True,1.5,1.8496780098954972,formula
UGC06667,5.24,80.7,3.9,1.3509278309637056,172.3298664122137,515.6213095281319,687.9511759403456,30.05009983344481,51.97937727529458,60.04052099979989,,1318.9350511328867,2000.0,True,1.5,1.8496780098954972,formula
UGC06667,6.11,84.0,3.0,1.3335108563588833,164.98031096563008,436.501098644479,601.481409610109,31.749483460365145,51.64321555362105,60.622202308376814,,1318.9350511328867,2000.0,True,1.5,1.8496780098954972,formula
UGC06667,6.98,85.0,3.0,1.2592188273828862,167.95199140401144,360.80768692919366,528.7596783332051,34.23893835970969,50.18403784836143,60.75148191415393,,1318.9350511328867,2000.0,True,1.5,1.8496780098954972,formula
UGC06667,7.85,85.7,3.4,1.2678094772228465,149.59128662420383,323.00878400582076,472.60007063002456,34.26793836810146,50.3549297928782,60.909035080566596,,1318.9350511328867,2000.0,True,1.5,1.8496780098954972,formula
