galaxy,r_kpc,v_obs_kmps,v_err_kmps,sigma_profile,a_bar_kmps2_per_kpc,a_struct_kmps2_per_kpc,a_total_kmps2_per_kpc,v_bar_kmps,v_struct_kmps,v_model_kmps,beta_raw,beta_formula,beta_clipped,use_dimension_proxy,d_eff_proxy,d_eff_response,beta_cinfo_limit,beta_mode
F563-V1,1.31,12.0,5.0,-0.0002664346004393906,109.95358778625956,-0.07761936761557253,109.87596841864399,12.001633222191055,0.0,11.997396327054618,,357.135287846697,381.63726261045747,True,2.9370855055711305,1.068606983396942,396089093829.9007,formula
F563-V1,2.63,21.7,5.0,0.2175808910482564,143.4365399239544,31.572994546007894,175.0095344699623,19.422618258103103,9.11246265594547,21.45402236542138,,357.135287846697,381.63726261045747,True,2.9370855055711305,1.068606983396942,396089093829.9007,formula
F563-V1,3.93,28.6,5.0,0.10055274547995302,187.83516539440203,9.764548227210005,197.59971362161204,27.16969267400719,6.1947295770626924,27.86694950174732,,357.135287846697,381.63726261045747,True,2.9370855055711305,1.068606983396942,396089093829.9007,formula
F563-V1,5.24,29.5,5.0,0.01661737251179212,163.28320610687024,1.2102688086218714,164.4934749154921,29.250709393107034,2.5182947717013997,29.358913613367555,,357.135287846697,381.63726261045747,True,2.9370855055711305,1.068606983396942,396089093829.9007,formula
F563-V1,6.55,28.6,5.0,-0.09289958893718632,137.32496183206106,-5.412816002996111,131.91214582906494,29.991307073883924,0.0,29.39429460253087,,357.135287846697,381.63726261045747,True,2.9370855055711305,1.068606983396942,396089093829.9007,formula
F563-V1,7.87,27.3,5.0,-0.23808794472864006,120.8535959339263,-11.54551861331488,109.30807732061142,30.840197794437053,0.0,29.33009663320617,,357.135287846697,381.63726261045747,True,2.9370855055711305,1.068606983396942,396089093829.9007,formula
