galaxy,r_kpc,v_obs_kmps,v_err_kmps,sigma_profile,a_bar_kmps2_per_kpc,a_struct_kmps2_per_kpc,a_total_kmps2_per_kpc,v_bar_kmps,v_struct_kmps,v_model_kmps,beta_raw,beta_formula,beta_clipped,use_dimension_proxy,d_eff_proxy,d_eff_response,beta_cinfo_limit,beta_mode
F571-V1,1.95,32.0,10.0,0.4852162713138486,322.5717435897436,2397.3179883989337,2719.8897319886773,25.080169457162764,68.37229027448123,72.8270895847,,5466.827904392437,9634.405014324378,True,1.8675686693145315,1.7623391814809857,63536030992.944496,formula
F571-V1,3.88,57.6,10.0,0.7955380998898758,384.8543556701031,1975.3959429549245,2360.2502986250274,38.64239769993575,87.54733724485918,95.69624422444753,,5466.827904392437,9634.405014324378,True,1.8675686693145315,1.7623391814809857,63536030992.944496,formula
F571-V1,5.83,70.9,7.0,1.1816735852777223,263.67233276157805,1952.7824897588941,2216.454822520472,39.20726590824716,106.69921234617598,113.67467446750992,,5466.827904392437,9634.405014324378,True,1.8675686693145315,1.7623391814809857,63536030992.944496,formula
F571-V1,7.78,77.0,6.0,1.2338450007362238,221.19778920308482,1527.9386197933343,1749.136408996419,41.48395834536526,109.02918169917695,116.65453811143458,,5466.827904392437,9634.405014324378,True,1.8675686693145315,1.7623391814809857,63536030992.944496,formula
F571-V1,9.72,82.5,6.0,1.2768775703855557,194.6842489711934,1265.6332990535934,1460.317548024787,43.500929875118764,110.91418154050874,119.13977743306779,,5466.827904392437,9634.405014324378,True,1.8675686693145315,1.7623391814809857,63536030992.944496,formula
F571-V1,11.66,84.3,6.0,1.3729145977874462,153.9367495711835,1134.4095441820334,1288.346293753217,42.36628966525154,115.00963127130923,122.56474935789046,,5466.827904392437,9634.405014324378,True,1.8675686693145315,1.7623391814809857,63536030992.944496,formula
F571-V1,13.59,83.9,6.0,1.5192668945567565,113.01960264900663,1077.0590571754703,1190.078659824477,39.191024482654186,120.98443117614201,127.17377476120869,,5466.827904392437,9634.405014324378,True,1.8675686693145315,1.7623391814809857,63536030992.944496,formula
