galaxy,r_kpc,v_obs_kmps,v_err_kmps,sigma_profile,a_bar_kmps2_per_kpc,a_struct_kmps2_per_kpc,a_total_kmps2_per_kpc,v_bar_kmps,v_struct_kmps,v_model_kmps,beta_raw,beta_formula,beta_clipped,use_dimension_proxy,d_eff_proxy,d_eff_response,beta_cinfo_limit,beta_mode
UGC07559,0.36,9.31,3.23,-0.12956336206078145,274.37027777777774,-1605.647558421535,0.0,9.938475738260871,0.0,0.0,,2843.475122084055,4461.393343286219,True,2.3702627585627,1.5689932746857833,119061868765.1749,formula
UGC07559,0.72,15.9,3.23,-0.01606959343933299,356.85847222222225,-99.57330166605013,257.28517055617215,16.02928881766125,0.0,13.610485766512669,,2843.475122084055,4461.393343286219,True,2.3702627585627,1.5689932746857833,119061868765.1749,formula
UGC07559,1.08,21.4,3.23,0.3090328558433303,310.6712962962963,1276.589931403855,1587.2612277001513,18.317341510164624,37.13108032250292,41.403407177624445,,2843.475122084055,4461.393343286219,True,2.3702627585627,1.5689932746857833,119061868765.1749,formula
UGC07559,1.45,26.1,3.23,0.5514411713220772,269.80758620689653,1696.686876517428,1966.4944627243244,19.779307369066288,49.60036260906033,53.398660759894256,,2843.475122084055,4461.393343286219,True,2.3702627585627,1.5689932746857833,119061868765.1749,formula
UGC07559,1.8,29.7,3.23,0.7376489161590711,233.48677777777777,1828.301091241319,2061.787869019097,20.500639014430746,57.366732208087065,60.91976825492998,,2843.475122084055,4461.393343286219,True,2.3702627585627,1.5689932746857833,119061868765.1749,formula
UGC07559,2.17,31.1,3.23,0.7593886376735296,207.78700460829495,1561.258715706855,1769.0457203151498,21.234354240240037,58.20593967185716,61.95828607283997,,2843.475122084055,4461.393343286219,True,2.3702627585627,1.5689932746857833,119061868765.1749,formula
UGC07559,2.53,32.1,3.23,0.6998178691920909,201.5507509881423,1234.0564360183164,1435.6071870064586,22.581483565080486,55.876316835725135,60.26679171091108,,2843.475122084055,4461.393343286219,True,2.3702627585627,1.5689932746857833,119061868765.1749,formula
