galaxy,r_kpc,v_obs_kmps,v_err_kmps,sigma_profile,a_bar_kmps2_per_kpc,a_struct_kmps2_per_kpc,a_total_kmps2_per_kpc,v_bar_kmps,v_struct_kmps,v_model_kmps,beta_raw,beta_formula,beta_clipped,use_dimension_proxy,d_eff_proxy,d_eff_response,beta_cinfo_limit,beta_mode
UGC04483,0.08,5.11,2.79,0.4010799389749849,218.1125,37188.948408580225,37407.06090858023,4.177200019151585,54.544622766010754,54.70434052875894,,4391.3105486387185,7417.762853683825,True,2.1215793952936792,1.6891911358861398,84516749369.16403,formula
UGC04483,0.24,10.8,1.94,0.15843181040994286,414.40833333333336,4896.706658753135,5311.114992086469,9.972863179649062,34.28133016819435,35.702487281711235,,4391.3105486387185,7417.762853683825,True,2.1215793952936792,1.6891911358861398,84516749369.16403,formula
UGC04483,0.4,17.3,1.56,0.6746484717848572,380.00225,12510.955933250683,12890.958183250683,12.328864505703677,70.74165939034985,71.8079610718775,,4391.3105486387185,7417.762853683825,True,2.1215793952936792,1.6891911358861398,84516749369.16403,formula
UGC04483,0.57,20.8,1.25,0.8622574260264375,319.42877192982456,11221.08965805603,11540.518429985854,13.493494728942537,79.97512804048479,81.10545915714883,,4391.3105486387185,7417.762853683825,True,2.1215793952936792,1.6891911358861398,84516749369.16403,formula
UGC04483,0.73,20.8,1.62,0.7868775434350961,268.97780821917814,7995.713715192926,8264.691523412104,14.012630017238022,76.39941761617582,77.67383608455833,,4391.3105486387185,7417.762853683825,True,2.1215793952936792,1.6891911358861398,84516749369.16403,formula
UGC04483,0.89,22.9,1.76,0.9614533857051808,224.52719101123594,8013.29574160948,8237.822932620715,14.136095642008085,84.45018182356056,85.62512721177374,,4391.3105486387185,7417.762853683825,True,2.1215793952936792,1.6891911358861398,84516749369.16403,formula
UGC04483,1.05,24.3,2.23,1.0619089684525693,193.79676190476187,7501.89419064874,7695.690952553502,14.26487294019824,88.75240222203102,89.89146511310835,,4391.3105486387185,7417.762853683825,True,2.1215793952936792,1.6891911358861398,84516749369.16403,formula
UGC04483,1.21,24.2,1.23,1.0467599827748038,169.33719008264464,6417.039104917074,6586.376294999719,14.3142586255803,88.11706598014746,89.27214188619908,,4391.3105486387185,7417.762853683825,True,2.1215793952936792,1.6891911358861398,84516749369.16403,formula
