galaxy,r_kpc,v_obs_kmps,v_err_kmps,sigma_profile,a_bar_kmps2_per_kpc,a_struct_kmps2_per_kpc,a_total_kmps2_per_kpc,v_bar_kmps,v_struct_kmps,v_model_kmps,beta_raw,beta_formula,beta_clipped,use_dimension_proxy,d_eff_proxy,d_eff_response,beta_cinfo_limit,beta_mode
UGC04325,0.7,41.3,3.05,1.3353289272709825,639.9682857142857,54832.159017477505,55472.12730319179,21.16548605631347,195.91455104773166,197.054533346062,,20150.411485056946,28743.862675600652,True,2.570972103186369,1.426465295605323,65999061646.01737,formula
UGC04325,1.4,68.7,3.07,1.4697378898972133,774.0649285714285,30175.67434023755,30949.73926880898,32.91946080967912,205.53818155353173,208.1577165908883,,20150.411485056946,28743.862675600652,True,2.570972103186369,1.426465295605323,65999061646.01737,formula
UGC04325,2.09,83.8,3.05,1.3196128716447755,896.443875598086,18148.69433852271,19045.138214120794,43.284728253738635,194.7582377398,199.5102475250644,,20150.411485056946,28743.862675600652,True,2.570972103186369,1.426465295605323,65999061646.01737,formula
UGC04325,2.79,88.7,3.05,1.1083933071354535,929.3171684587813,11419.177423245996,12348.494591704777,50.91949430228073,178.49231078916628,185.61330747243403,,20150.411485056946,28743.862675600652,True,2.570972103186369,1.426465295605323,65999061646.01737,formula
UGC04325,3.49,90.1,3.05,0.9643781451983854,885.3456733524355,7942.679934937781,8828.025608290216,55.58647677268276,166.49310187792423,175.52723256786354,,20150.411485056946,28743.862675600652,True,2.570972103186369,1.426465295605323,65999061646.01737,formula
UGC04325,4.19,91.6,3.05,0.9787953112723653,751.2791646778044,6714.643917597771,7465.923082275575,56.10579025376971,167.73299620150672,176.86779728015685,,20150.411485056946,28743.862675600652,True,2.570972103186369,1.426465295605323,65999061646.01737,formula
UGC04325,4.89,92.7,3.05,1.0222616681449264,631.2331288343557,6008.946627339103,6640.179756173458,55.558347707612754,171.41688658848116,180.19566867072086,,20150.411485056946,28743.862675600652,True,2.570972103186369,1.426465295605323,65999061646.01737,formula
UGC04325,5.59,91.5,3.05,1.050665620618294,522.9129516994633,5402.538160469942,5925.451112169406,54.06554725516056,173.78201379034303,181.9979992116039,,20150.411485056946,28743.862675600652,True,2.570972103186369,1.426465295605323,65999061646.01737,formula
