galaxy,r_kpc,v_obs_kmps,v_err_kmps,sigma_profile,a_bar_kmps2_per_kpc,a_struct_kmps2_per_kpc,a_total_kmps2_per_kpc,v_bar_kmps,v_struct_kmps,v_model_kmps,beta_raw,beta_formula,beta_clipped,use_dimension_proxy,d_eff_proxy,d_eff_response,beta_cinfo_limit,beta_mode
UGC09992,0.78,28.1,5.66,0.5517494182174395,581.1899999999998,2486.5324290056997,3067.7224290056993,21.291505348377786,44.039701345768066,48.9164951179502,,2812.839280499775,3515.174154402295,True,2.7645920622709363,1.249688945533259,197928269574.33807,formula
UGC09992,1.55,31.3,5.66,0.3941595855614998,425.09845161290315,893.8965083069057,1318.994959919809,25.66909815322696,37.22283691332115,45.215508267360036,,2812.839280499775,3515.174154402295,True,2.7645920622709363,1.249688945533259,197928269574.33807,formula
UGC09992,2.34,33.0,5.66,0.3886404762788712,314.74085470085475,583.8200673376436,898.5609220384983,27.138415576448086,36.96131704322894,45.8544715111851,,2812.839280499775,3515.174154402295,True,2.7645920622709363,1.249688945533259,197928269574.33807,formula
UGC09992,3.12,33.4,5.66,0.3116592210538924,261.26695512820515,351.1334739839083,612.4004291121134,28.550882648352577,33.0988887854229,43.71143258725106,,2812.839280499775,3515.174154402295,True,2.7645920622709363,1.249688945533259,197928269574.33807,formula
UGC09992,3.89,34.3,5.66,0.3904661085838365,204.16580976863753,352.84225528636046,557.008065054998,28.181642961332116,37.048027924087165,46.5484841113429,,2812.839280499775,3515.174154402295,True,2.7645920622709363,1.249688945533259,197928269574.33807,formula
