galaxy,r_kpc,v_obs_kmps,v_err_kmps,sigma_profile,a_bar_kmps2_per_kpc,a_struct_kmps2_per_kpc,a_total_kmps2_per_kpc,v_bar_kmps,v_struct_kmps,v_model_kmps,beta_raw,beta_formula,beta_clipped,use_dimension_proxy,d_eff_proxy,d_eff_response,beta_cinfo_limit,beta_mode
UGCA442,0.42,14.2,1.91,1.4622805994651347,110.86976190476193,29521.543637743085,29632.41339964785,6.823877197019302,111.35101404052006,111.55991048693117,,4725.254158261415,8479.253798749265,True,1.682459096653988,1.7944545446141835,46595197797.43912,formula
UGCA442,1.26,28.6,1.82,1.0390276400760505,228.9184126984127,6992.205606444711,7221.124019143123,16.983438992147615,93.8625541103604,95.38666711925904,,4725.254158261415,8479.253798749265,True,1.682459096653988,1.7944545446141835,46595197797.43912,formula
UGCA442,2.11,41.0,1.74,1.0762773141238928,270.6552132701422,4325.13199255577,4595.787205825913,23.897332487120817,95.53024915853969,98.47391027217654,,4725.254158261415,8479.253798749265,True,1.682459096653988,1.7944545446141835,46595197797.43912,formula
UGCA442,2.96,49.0,1.91,1.2592164568000142,229.48665540540543,3607.1675421517266,3836.654197557132,26.06301018685294,103.33061465397905,106.56686363391348,,4725.254158261415,8479.253798749265,True,1.682459096653988,1.7944545446141835,46595197797.43912,formula
UGCA442,3.79,54.8,2.05,1.484149359101401,179.02532981530342,3320.443031945077,3499.4683617603805,26.048147726853824,112.18056467620335,115.16503415130758,,4725.254158261415,8479.253798749265,True,1.682459096653988,1.7944545446141835,46595197797.43912,formula
UGCA442,4.65,56.4,3.12,1.6503694815052967,130.90447311827958,3009.441224815837,3140.3456979341163,24.671963845628504,118.29582281464398,120.84124914694337,,4725.254158261415,8479.253798749265,True,1.682459096653988,1.7944545446141835,46595197797.43912,formula
UGCA442,5.48,57.8,2.83,1.9048547625518377,90.46979927007298,2947.3990842031567,3037.8688834732297,22.265994251324148,127.08952349203808,129.0252745838322,,4725.254158261415,8479.253798749265,True,1.682459096653988,1.7944545446141835,46595197797.43912,formula
UGCA442,6.33,56.5,0.65,2.090992831328034,62.14011058451817,2800.9571734906335,2863.0972840751515,19.832975066792173,133.1542673300248,134.62319936844358,,4725.254158261415,8479.253798749265,True,1.682459096653988,1.7944545446141835,46595197797.43912,formula
