r_kpc,v_obs_kmps,v_err_kmps,v_model_kmps,a_newton,sigma_profile,beta_local,d_eff_local,cinfo_cap,eta_profile,a_struct_raw,a_struct,struct_to_bar_ratio,a_total
0.36,9.31,3.23,12.293710184596415,274.37027777777774,229.1338734567903,69.67735384010938,2.213305569378954,0.49220371291930254,0.5301275712837326,28984.67695702116,145.45002806347114,0.5301231213581972,419.8203058412489
0.72,15.9,3.23,19.69840811616984,356.85847222222225,50.41808127572022,69.34570450000508,2.2120912193866036,0.4913941462577357,0.5104505929715738,4721.900633100192,182.06830876553596,0.5101975234937359,538.9267809877582
1.08,21.4,3.23,13.115017091577306,310.6712962962963,-119.24778906209002,69.23140366778271,2.2116740283025944,0.4911160188683963,0.48744461407888207,-6619.328237110593,-151.4086358218844,0.48735959075369983,159.26266047441192
1.45,26.1,3.23,14.63538232081289,269.80758620689653,-107.20072016460908,69.11710283556036,2.2112568372185852,0.49083789147905676,0.45260683638821847,-4538.727820234877,-122.08729953354307,0.45249765304939527,147.72028667335346
1.8,29.7,3.23,15.644729703112077,233.48677777777777,-86.13969666472443,69.00280200333799,2.210839646134576,0.49055976408971735,0.4177690586975549,-3051.965698956711,-97.51035139809038,0.417626866609536,135.97642637968738
2.17,31.1,3.23,16.555297183177867,207.78700460829495,-43.74798190361024,68.88850117111562,2.2104224550505664,0.4902816367003776,0.39262125757746197,-1359.7154253968556,-81.48384109523641,0.392150804853479,126.30316351305854
2.53,32.1,3.23,17.956549865409183,201.5507509881423,-17.322926722646223,68.49234014838461,2.2089396914262,0.48929312761746657,0.3708024570378984,-467.3933611785854,-74.10502645496976,0.3676742760404278,127.44572453317255
