r_kpc,v_obs_kmps,v_err_kmps,v_model_kmps,a_newton,sigma_profile,beta_local,d_eff_local,cinfo_cap,eta_profile,a_struct_raw,a_struct,struct_to_bar_ratio,a_total
0.19,3.74,3.17,4.501115254531145,79.16315789473684,157.86703601108027,67.01279632341343,2.204389422980053,0.48625961532003537,0.3469875058684872,49248.69205852051,27.468623866173523,0.34698746988717305,106.63178176091037
0.38,5.4,3.17,7.524759570829234,109.1578947368421,147.22530009233614,71.25875172375332,2.2226721018303617,0.49844806788690776,0.36504386803273725,24784.057241197694,39.847385786279354,0.3650435534905052,149.00528052312146
0.57,7.31,3.17,10.342340240053007,135.10877192982457,178.44388809862494,76.5790834053004,2.247351638939519,0.5149010926263461,0.3889272686895307,20566.606058787744,52.54737130003455,0.38892642238897435,187.6561432298591
0.75,8.85,3.17,13.653908023274806,175.18213333333333,124.47542951686285,82.6087280287247,2.276831448699401,0.5345542991329338,0.418940894808415,12671.56903709463,73.39013907739749,0.4189362104510515,248.57227241073082
0.94,10.7,3.17,15.424615432317001,181.16468085106382,1.2917776742742302,89.28199584009279,2.3113486864204935,0.5575657909469957,0.4551613967266011,122.6930360219411,71.94038429241682,0.3970993902037632,253.10506514348066
1.13,12.4,3.17,10.043508932150752,175.67300884955753,-9.437158539482105,95.9552636514609,2.3458659241415853,0.5805772827610569,0.4937765567294916,-800.9836552242261,-86.40568878744075,0.49185523350053545,89.26732006211678
1.32,14.1,3.17,10.517751330794503,177.57856060606062,-40.226635348260515,103.13544202850939,2.3821791302118127,0.6047860868078752,0.5282254328056314,-3115.952437884756,-93.77318707846248,0.5280659261930186,83.80537352759814
1.51,15.9,3.17,10.350069158586066,160.38688741721853,-121.59997988844154,110.44220921040178,2.418946384751824,0.6292975898345494,0.5576976653968053,-8248.134222938552,-89.44388636588444,0.5576758038405706,70.9430010513341
1.69,17.8,3.17,9.685655851921995,132.58656804733727,-154.44621872156264,116.52515614956909,2.45141413934451,0.6509427595630066,0.5813428594954356,-9464.814429894996,-77.07655072078651,0.581330008430929,55.51001732655075
