r_kpc,v_obs_kmps,v_err_kmps,v_model_kmps,a_newton,sigma_profile,beta_local,d_eff_local,cinfo_cap,eta_profile,a_struct_raw,a_struct,struct_to_bar_ratio,a_total
0.91,26.0,4.1,24.5185751135968,1009.9419780219781,-331.0768023185606,58.84550136092886,2.1760913376623243,0.4673942251082162,0.3460514272254281,-9260.135992357338,-349.32601582298,0.3458872127556798,660.6159621989981
1.82,45.1,3.02,28.60294965229444,708.6620879120879,-238.50593728615715,62.29656609463716,2.1886352343928004,0.4757568229285336,0.3660572837841066,-4638.519487423358,-259.14080834522497,0.36567612796773785,449.521279566863
2.73,57.0,2.97,30.961317391380184,575.8611721611721,-92.75242821802345,66.05200266833474,2.2024493870245863,0.4849662580163908,0.39192060122896766,-1985.158735423226,-224.7244781649153,0.3902407195149795,351.13669399625684
3.63,62.0,2.85,33.79636602752767,540.7801928374655,-71.11583544660465,70.23590206675685,2.218148521705654,0.4954323478037693,0.4226023358455011,-1277.0201792530813,-226.12610009183845,0.41814789647778744,314.65409274562705
4.55,66.9,2.75,33.31712082984948,446.4303516483517,-89.5959220651464,74.7916283051274,2.235560270445172,0.5070401802967813,0.4571742257078535,-1312.689364137871,-202.46759551850772,0.4535256054408891,243.96275612984397
5.45,70.6,2.86,32.55574127553225,377.71561467889904,-73.16924629530598,79.34735454349797,2.25297201918469,0.5186480127897933,0.4908554133598536,-984.5700480322822,-183.24290091754236,0.48513456631471147,194.4727137613567
6.37,72.8,2.66,31.33718439437679,313.2623233908948,-48.53482667255037,82.97293769061469,2.2672951313224505,0.528196754214967,0.5198894021619879,-609.9903673625499,-159.0991953269745,0.5078784885613181,154.16312806392028
7.28,73.3,2.66,32.21302667138143,288.89688186813186,-28.604911949203643,85.81232581582086,2.2788589141652347,0.5359059427768231,0.5436420680644551,-332.9479920733533,-146.35854569627318,0.5066117181668964,142.53833617185867
8.18,74.3,2.67,31.843076636823483,261.4874327628362,-30.454943450328535,88.1946940796631,2.288755130716579,0.5425034204777193,0.5615372730807398,-323.6977202635456,-137.52881055029175,0.5259480698448235,123.95862221254444
