r_kpc,v_obs_kmps,v_err_kmps,v_model_kmps,a_newton,sigma_profile,beta_local,d_eff_local,cinfo_cap,eta_profile,a_struct_raw,a_struct,struct_to_bar_ratio,a_total
0.21,16.4,3.3,18.902984908449582,1207.4638095238097,2221.301684088271,83.83289159203989,2.2713787553100824,0.5309191702067215,0.40918293313653,775704.4521578298,494.0735164241553,0.40918287780318996,1701.537325947965
0.41,26.2,3.3,31.274728024563668,1651.724146341464,54.46317110636522,86.5356391589599,2.283583786535617,0.5390558576904114,0.4449329029290967,11494.116966929378,733.9066170986048,0.4443275947283288,2385.6307634400687
0.62,35.2,3.3,19.898884195149048,1229.7937096774194,-1787.1829268292695,89.2383867258799,2.295788817761152,0.5471925451741013,0.48068287272166355,-235218.83668118235,-591.1395286903991,0.4806818607369993,638.6541809870204
0.82,44.0,3.3,19.08924758963271,918.9791463414634,-1554.0728166797803,91.94113429279992,2.307993848986687,0.5553292326577912,0.5164328425142303,-162682.3996689246,-474.58966641670946,0.5164313774758573,444.38947992475397
