r_kpc,v_obs_kmps,v_err_kmps,v_model_kmps,a_newton,sigma_profile,beta_local,d_eff_local,cinfo_cap,eta_profile,a_struct_raw,a_struct,struct_to_bar_ratio,a_total
4.51,69.75,4.15,37.097854676792146,504.7986031042128,-44.61517114240863,81.53321251115271,2.2631347483095423,0.5254231655396948,0.4080106908671066,-666.2263265506607,-199.64321028372754,0.3954908136750773,305.1553928204853
9.01,97.7,1.63,40.073273747106846,304.030332963374,-34.21895409110877,84.87803387453951,2.2780506362832167,0.5353670908554777,0.44399069621801557,-286.27495170710046,-125.79867160815061,0.41377013399286494,178.2316613552234
13.51,108.0,0.99,39.62402257214568,196.82801628423388,-20.73116784916013,88.2228552379263,2.292966524256892,0.5453110161712613,0.4799707015689246,-129.30120611869654,-80.61312621777124,0.40956123899231933,116.21489006646264
18.01,107.5,2.32,34.24245563825732,117.44982232093282,-17.63959865851134,91.5676766013131,2.3078824122305672,0.5552549414870448,0.5159507069198336,-86.72574796469587,-52.34456034769462,0.4456759432522816,65.10526197323821
