r_kpc,v_obs_kmps,v_err_kmps,v_model_kmps,a_newton,sigma_profile,beta_local,d_eff_local,cinfo_cap,eta_profile,a_struct_raw,a_struct,struct_to_bar_ratio,a_total
0.62,29.9,1.42,25.573239670940403,771.8001612903225,648.0867111605494,88.94767356374807,2.292196332292475,0.5447975548616499,0.3667153527795234,31529.95141435238,283.0233665602584,0.366705503257592,1054.8235278505808
0.87,34.4,2.31,33.55912600893001,933.8218390804599,305.1586059907833,93.21693881322572,2.3161331717763103,0.5607554478508735,0.38627712770331973,20866.22993252757,360.67809021062357,0.38623865400897617,1294.4999292910834
1.12,46.3,2.05,24.67992339141172,924.3794642857142,-110.51375115362063,98.37692027218348,2.3479653579048994,0.5819769052699328,0.4119194386246753,-8971.676576170705,-380.5414119589721,0.4116722911548276,543.8380523267422
1.37,49.8,1.87,25.87580102128307,878.5649635036496,-231.21806437389728,104.13709165798181,2.3862125403345478,0.6074750268896985,0.4438512300001066,-13109.493152318766,-389.8371689831868,0.44372036807448606,488.72779452046274
1.62,57.6,2.76,26.06507572516367,808.7704320987656,-161.27359329518194,110.25401899837847,2.4286173178540125,0.6357448785693416,0.4817429389129427,-9369.3985237006,-389.39501693918766,0.4814654461695695,419.3754151595779
2.3,71.3,7.5,28.34630185668521,728.5805217391304,-103.24496516597284,116.37094633877514,2.471022095373477,0.6640147302489847,0.5215553401152457,-4874.322980422844,-379.227117847689,0.5205013125281874,349.3534038914414
4.97,76.65,1.09,32.06230056006523,462.8997987927566,-77.21163971998492,122.81511374931705,2.5148840212752672,0.6932560141835115,0.5568032378592525,-1833.9972330339774,-256.0605397979961,0.5531662369821772,206.83925899476048
7.45,81.0,0.63,32.321904263277,330.9405771812081,-49.25095684286158,128.6988644015329,2.5564476231204747,0.7209650820803164,0.5865667684358582,-837.0037068906249,-190.71165165041026,0.5762715871072684,140.22892553079782
9.98,83.85,1.04,29.353626756765912,216.15250501002006,-45.370779514303564,133.6346168800005,2.5937790924939934,0.7458527283293289,0.6102497630149047,-599.1341048712458,-129.8162922068614,0.6005773201695884,86.33621280315867
