r_kpc,v_obs_kmps,v_err_kmps,v_model_kmps,a_newton,sigma_profile,beta_local,d_eff_local,cinfo_cap,eta_profile,a_struct_raw,a_struct,struct_to_bar_ratio,a_total
0.95,46.8,5.66,32.6104089019351,825.6917894736841,586.5593351800559,64.31276488733806,2.1941393252305135,0.47942621682034225,0.3557456817090097,21170.41889190686,293.7174407909561,0.35572285510817386,1119.4092302646402
1.9,63.0,5.66,59.991181415537234,1382.9231578947372,52.810380058079154,65.87615789050815,2.1998282668629545,0.48321884457530295,0.3799562202484964,1815.681617696389,511.2567619115262,0.3696928198742631,1894.1799198062633
2.86,66.8,5.66,39.53350459557278,926.5596153846153,-366.46175421238524,68.05084184739718,2.2079719716194015,0.48864798107960095,0.41071267883883167,-6328.679603655297,-380.09178824889005,0.4102183841577358,546.4678271357252
3.81,69.6,5.66,37.97858496626319,682.9812073490813,-235.54503198040345,70.22552580428619,2.216115676375848,0.4940771175838987,0.44669311374548715,-3733.157003226313,-304.4056388347315,0.4457013393036824,378.57556851434975
4.76,73.4,5.66,34.397444912367945,479.0240546218488,-165.70669699746867,72.4002097611752,2.2242593811322946,0.4995062540881964,0.4826735486521426,-2329.4587328338353,-230.4559419118934,0.4810947168275713,248.5681127099554
5.72,74.7,5.66,32.085151959425,366.48141608391614,-84.472761864701,74.57489371806423,2.232403085888741,0.504935390592494,0.5140812051718576,-1078.0735166430595,-186.50642023437177,0.5089109898867721,179.97499584954437
6.67,76.1,5.66,31.76010341534873,317.68107946026987,-51.36877539331186,76.2806684676645,2.2389021754658076,0.5092681169772051,0.5389429416407236,-582.8130937654417,-166.4510691223919,0.5239565082226081,151.23001033787796
