r_kpc,v_obs_kmps,v_err_kmps,v_model_kmps,a_newton,sigma_profile,beta_local,d_eff_local,cinfo_cap,eta_profile,a_struct_raw,a_struct,struct_to_bar_ratio,a_total
1.1,33.2,5.06,25.255881332123177,422.49172727272725,151.54905333140636,77.46021778832582,2.250115913189953,0.5167439421266353,0.3725727440196127,6774.857946239807,157.38058351117087,0.3725057163298689,579.8723107838981
2.21,54.6,5.06,42.69927076891661,590.7111764705883,42.28827804504015,83.7340323190486,2.28096983559067,0.5373132237271132,0.3997642034428103,1526.2721600705372,234.27874398065902,0.3966045561901161,824.9899204512473
3.31,65.7,5.06,31.148671585555896,515.948821752266,-77.5801478266211,90.71827861930933,2.3176530406797866,0.5617686937865244,0.434034760376273,-1827.0821984737936,-222.82503276591635,0.4318742932858296,293.1237889863496
4.42,69.2,5.06,31.374079604514492,419.25904977375563,-49.48398223428649,97.70252491957004,2.3543362457689043,0.5862241638459362,0.4747111401466031,-1024.2645700299684,-196.55930519673927,0.46882543215896805,222.69974457701636
5.52,70.9,5.06,33.94142467223231,406.58922101449286,-26.644394503536944,104.68677121983075,2.3910194508580216,0.6106796339053477,0.5153875199169333,-495.4610770977443,-197.88988971361962,0.4867071714785224,208.69933130087324
6.64,72.4,5.06,33.154991260205186,360.1084939759036,-54.44328460158849,111.67101752009145,2.4277026559471393,0.6351351039647595,0.5501097327948611,-846.2502331500623,-194.5582762854997,0.5402768319553117,165.55021769040394
7.74,73.2,5.06,30.781969761408696,285.7251291989664,-67.62124070630655,117.68696660551987,2.460897016181423,0.657264677454282,0.5777528481625239,-913.6412700820337,-163.30527617670808,0.5715467751630255,122.41985302225831
