galaxy,r_kpc,v_obs_kmps,v_err_kmps,sigma_profile,a_bar_kmps2_per_kpc,a_struct_kmps2_per_kpc,a_total_kmps2_per_kpc,v_bar_kmps,v_struct_kmps,v_model_kmps,beta_raw,beta_formula,beta_clipped,beta_mode
UGC07232,0.21,16.4,3.3,0.058026993742585554,1207.4638095238097,342.02161711869434,1549.485426642504,15.923799797786959,8.474935964060485,18.038623550452122,,1237.7780574597361,1237.7780574597361,formula
UGC07232,0.41,26.2,3.3,0.013493052048455037,1651.724146341464,40.73513110668242,1692.4592774481464,26.023199265270982,4.0867350970841985,26.34213931619336,,1237.7780574597361,1237.7780574597361,formula
UGC07232,0.62,35.2,3.3,0.43536104835406875,1229.7937096774194,869.1618592344089,2098.9555689118283,27.61289734888391,23.213796602997398,36.07426302400832,,1237.7780574597361,1237.7780574597361,formula
UGC07232,0.82,44.0,3.3,0.7887579547941588,918.9791463414634,1190.6186452329614,2109.5977915744247,27.451100160102875,31.245916358638425,41.59170817712381,,1237.7780574597361,1237.7780574597361,formula
