galaxy,r_kpc,v_obs_kmps,v_err_kmps,sigma_profile,a_bar_kmps2_per_kpc,a_struct_kmps2_per_kpc,a_total_kmps2_per_kpc,v_bar_kmps,v_struct_kmps,v_model_kmps,beta_raw,beta_formula,beta_clipped,beta_mode
UGC00634,4.51,69.75,4.15,0.6192202052460889,504.7986031042128,37.13262659896249,541.9312297031753,47.714166659389534,12.940948418153935,49.437939337732516,,270.4500669430934,270.4500669430934,formula
UGC00634,9.01,97.7,1.63,0.9395617053973544,304.030332963374,28.202500124515154,332.23283308788916,52.33844953760094,15.940656389304724,54.71213600401543,,270.4500669430934,270.4500669430934,formula
UGC00634,13.51,108.0,0.99,1.0825302223220763,196.82801628423388,21.67064182789988,218.49865811213377,51.56691284147229,17.110533921971207,54.33154581911808,,270.4500669430934,270.4500669430934,formula
UGC00634,18.01,107.5,2.32,1.2168030136204944,117.44982232093282,18.27231851694728,135.7221408378801,45.99207866578766,18.140685116340578,49.440426338070964,,270.4500669430934,270.4500669430934,formula
