galaxy,r_kpc,v_obs_kmps,v_err_kmps,sigma_profile,a_bar_kmps2_per_kpc,a_struct_kmps2_per_kpc,a_total_kmps2_per_kpc,v_bar_kmps,v_struct_kmps,v_model_kmps,beta_raw,beta_formula,beta_clipped,beta_mode
UGC07608,0.6,14.6,6.69,0.5179827300905844,190.82666666666665,177.32383569029506,368.15050235696174,10.70028037015853,10.314761335783636,14.862378726643223,,205.40125226872118,205.40125226872118,formula
UGC07608,1.19,31.5,6.69,1.106884118130635,178.0827731092437,191.05494452133743,369.13771763058116,14.55742078803797,15.078308392535003,20.958861705264233,,205.40125226872118,205.40125226872118,formula
UGC07608,1.79,44.8,6.69,1.2955612393139138,174.34245810055867,148.6647491317845,323.00720723234315,17.665588017385666,16.31287531203173,24.045434097680463,,205.40125226872118,205.40125226872118,formula
UGC07608,2.38,50.6,6.69,1.228473710237091,187.32474789915966,106.02102456382379,293.34577246298346,21.114755504149226,15.884899699459881,26.42277310317561,,205.40125226872118,205.40125226872118,formula
UGC07608,2.99,55.6,6.69,1.259459336220113,170.86481605351167,86.5199079736266,257.3847240271383,22.602783014487397,16.083983487965398,27.7413107988996,,205.40125226872118,205.40125226872118,formula
UGC07608,3.59,61.4,6.69,1.2819424146541594,167.08306406685242,73.34612181235448,240.4291858792069,24.49139032394854,16.226909049672788,29.379257603049684,,205.40125226872118,205.40125226872118,formula
UGC07608,4.18,66.0,6.69,1.2588535194776802,172.39705741626798,61.858873043924056,234.25593046019205,26.844360674078274,16.080114717364506,31.29200839389512,,205.40125226872118,205.40125226872118,formula
UGC07608,4.78,69.3,6.69,1.2214838422931953,177.0213389121339,52.4883495466593,229.5096884587932,29.088863848558955,15.839643646024095,33.12184039018713,,205.40125226872118,205.40125226872118,formula
