galaxy,r_kpc,v_obs_kmps,v_err_kmps,sigma_profile,a_bar_kmps2_per_kpc,a_struct_kmps2_per_kpc,a_total_kmps2_per_kpc,v_bar_kmps,v_struct_kmps,v_model_kmps,beta_raw,beta_formula,beta_clipped,beta_mode
UGC05999,3.48,46.2,5.0,0.22269793329040358,481.7158908045976,21.205888371127465,502.9217791757251,40.94351352778606,8.590488433815832,41.8350067710228,,331.3748378405072,331.3748378405072,formula
UGC05999,6.94,81.1,5.0,0.845239859962674,309.2445100864553,40.3589656385395,349.60347572499484,46.32663272891739,16.735926073314978,49.256960132873246,,331.3748378405072,331.3748378405072,formula
UGC05999,10.42,91.2,5.0,0.8814438782283359,245.6576295585413,28.031508849656678,273.68913840819795,50.59399667944805,17.090591628537105,53.40262935674069,,331.3748378405072,331.3748378405072,formula
UGC05999,13.89,97.7,5.0,0.9707245124858758,182.6917782577394,23.158652117553093,205.8504303752925,50.37448560531413,17.935263530620688,53.472071943331436,,331.3748378405072,331.3748378405072,formula
UGC05999,16.22,100.0,5.0,0.8332321488636153,205.08954993834774,17.022945019308132,222.11249495765588,57.67627328460119,16.61662324942038,60.0222014609026,,331.3748378405072,331.3748378405072,formula
