galaxy,r_kpc,v_obs_kmps,v_err_kmps,sigma_profile,a_bar_kmps2_per_kpc,a_struct_kmps2_per_kpc,a_total_kmps2_per_kpc,v_bar_kmps,v_struct_kmps,v_model_kmps,beta_raw,beta_formula,beta_clipped,beta_mode
UGC05918,0.56,16.9,3.93,1.040547728111113,108.14285714285714,312.90897390769703,421.05183105055414,7.782030583337488,13.237410071018816,15.3554233216903,,168.4007572688668,168.4007572688668,formula
UGC05918,1.11,27.4,3.93,1.1189985585485858,123.71756756756754,169.76595012824524,293.4835176958128,11.718638999474297,13.727352426537035,18.04900841160955,,168.4007572688668,168.4007572688668,formula
UGC05918,1.67,33.5,3.93,1.1274815833997707,120.96479041916167,113.69386374324695,234.65865416240862,14.213064412715505,13.779287080659232,19.79595798265955,,168.4007572688668,168.4007572688668,formula
UGC05918,2.23,36.4,3.93,0.9366626559298782,152.8036322869955,70.73304958029576,223.53668186729126,18.459471823429833,12.559247611384192,22.326817967727948,,168.4007572688668,168.4007572688668,formula
UGC05918,2.79,39.8,3.93,0.9322092059524781,147.21498207885304,56.26693054315639,203.48191262200942,20.266469845535507,12.52935498002217,23.826760925803704,,168.4007572688668,168.4007572688668,formula
UGC05918,3.34,41.2,3.93,0.9519050816765408,127.0841017964072,47.99447203665029,175.07857383305748,20.602448883567217,12.66102431094783,24.18186172738592,,168.4007572688668,168.4007572688668,formula
UGC05918,3.9,42.6,3.93,0.9044597648431315,126.94166666666666,39.05428444071911,165.99595110738576,22.250224717966333,12.341463013711321,25.443745976542143,,168.4007572688668,168.4007572688668,formula
UGC05918,4.46,44.5,3.93,0.9126508532268186,119.32717488789238,34.45988672768468,153.78706161557707,23.069442992842287,12.397221253388748,26.18950734178621,,168.4007572688668,168.4007572688668,formula
