galaxy,r_kpc,v_obs_kmps,v_err_kmps,sigma_profile,a_bar_kmps2_per_kpc,a_struct_kmps2_per_kpc,a_total_kmps2_per_kpc,v_bar_kmps,v_struct_kmps,v_model_kmps,beta_raw,beta_formula,beta_clipped,beta_mode
UGC10310,1.1,33.2,5.06,0.6964132706911642,422.49172727272725,346.35675839322914,768.8484856659563,21.557850078335733,19.519027491976953,29.081494704236782,,547.0780788746764,547.0780788746764,formula
UGC10310,2.21,54.6,5.06,0.6703725522393402,590.7111764705883,165.94847421240357,756.6596506829918,36.13131190532666,19.150616909369052,40.89276009282587,,547.0780788746764,547.0780788746764,formula
UGC10310,3.31,65.7,5.06,0.7396504483966414,515.948821752266,122.24971188750078,638.1985336397668,41.32542316782734,20.11582825407961,45.961257014442374,,547.0780788746764,547.0780788746764,formula
UGC10310,4.42,69.2,5.06,0.7545519180736101,419.25904977375563,93.39339677622462,512.6524465499803,43.04793839430641,20.317450965879377,47.60172070157667,,547.0780788746764,547.0780788746764,formula
UGC10310,5.52,70.9,5.06,0.6569464897804913,406.58922101449286,65.10888107836475,471.6981020928576,47.37480870673781,18.957874974600223,51.02718416248906,,547.0780788746764,547.0780788746764,formula
UGC10310,6.64,72.4,5.06,0.642004587155592,360.1084939759036,52.89557773641733,413.004071712321,48.8990838359984,18.741041491064767,52.36742342496727,,547.0780788746764,547.0780788746764,formula
UGC10310,7.74,73.2,5.06,0.7109837875434991,285.7251291989664,50.25370085275692,335.9788300517233,47.02672112746114,19.722161255814196,50.994863904126056,,547.0780788746764,547.0780788746764,formula
