galaxy,r_kpc,v_obs_kmps,v_err_kmps,sigma_profile,a_bar_kmps2_per_kpc,a_struct_kmps2_per_kpc,a_total_kmps2_per_kpc,v_bar_kmps,v_struct_kmps,v_model_kmps,beta_raw,beta_formula,beta_clipped,use_dimension_proxy,d_eff_proxy,d_eff_response,beta_mode
CamB,0.16,1.99,1.5,-0.2473095181977315,109.513125,-3081.405349001372,0.0,4.185940754478018,0.0,0.0,,1993.5539053779207,1993.5539053779207,True,3.894548121561656,0.555390744412052,formula
CamB,0.41,4.84,1.5,-0.24731029991718614,262.5817073170732,-1202.5034493660764,0.0,10.375861410022784,0.0,0.0,,1993.5539053779207,1993.5539053779207,True,3.894548121561656,0.555390744412052,formula
CamB,0.57,6.79,1.5,-0.2472994125558434,297.8415789473685,-864.9205433304688,0.0,13.02957021547526,0.0,0.0,,1993.5539053779207,1993.5539053779207,True,3.894548121561656,0.555390744412052,formula
CamB,0.73,8.87,1.5,-0.24723918752609525,320.64561643835617,-675.1844491165908,0.0,15.299388876683931,0.0,0.0,,1993.5539053779207,1993.5539053779207,True,3.894548121561656,0.555390744412052,formula
CamB,0.9,10.9,1.5,-0.2468222347933324,310.4587777777778,-546.7260334515043,0.0,16.715648357153245,0.0,0.0,,1993.5539053779207,1993.5539053779207,True,3.894548121561656,0.555390744412052,formula
CamB,1.06,12.9,1.5,-0.24350619966489173,286.31245283018865,-457.9648446468685,0.0,17.420998823259247,0.0,0.0,,1993.5539053779207,1993.5539053779207,True,3.894548121561656,0.555390744412052,formula
CamB,1.22,14.7,1.5,-0.2171042420569934,248.32926229508197,-354.76148330068247,0.0,17.405795012006777,0.0,0.0,,1993.5539053779207,1993.5539053779207,True,3.894548121561656,0.555390744412052,formula
CamB,1.47,16.8,1.5,-0.11107061939353582,216.39210884353744,-150.62943337736596,65.76267546617149,17.835257217096704,0.0,9.832147930908693,,1993.5539053779207,1993.5539053779207,True,3.894548121561656,0.555390744412052,formula
CamB,1.79,20.1,1.5,0.2287515971351085,150.86938547486034,254.7646032570572,405.6339887319175,16.433386747715762,21.354827084997254,26.94596147533304,,1993.5539053779207,1993.5539053779207,True,3.894548121561656,0.555390744412052,formula
