galaxy,r_kpc,v_obs_kmps,v_err_kmps,sigma_profile,a_bar_kmps2_per_kpc,a_struct_kmps2_per_kpc,a_total_kmps2_per_kpc,v_bar_kmps,v_struct_kmps,v_model_kmps,beta_raw,beta_formula,beta_clipped,use_dimension_proxy,d_eff_proxy,d_eff_response,beta_mode
D564-8,0.51,8.54,1.53,0.24314064021729695,102.92254901960786,950.7512240577383,1053.6737730773461,7.245032781154272,22.020061858892372,23.181320589419546,,1994.2495990637444,1994.2495990637444,True,1.6590399512038274,1.449577135738627,formula
D564-8,1.02,15.1,1.41,0.30652544636218926,101.37696078431372,599.3022044221874,700.6791652065011,10.168800322555262,24.72424414437439,26.73373801978749,,1994.2495990637444,1994.2495990637444,True,1.6590399512038274,1.449577135738627,formula
D564-8,1.53,19.8,1.8,0.3101471895919057,80.27692810457516,404.25549574797714,484.5324238525523,11.082585438425458,24.869879543222662,27.22746055904599,,1994.2495990637444,1994.2495990637444,True,1.6590399512038274,1.449577135738627,formula
D564-8,2.04,21.9,1.82,0.310423918471335,60.59906862745098,303.46214458394917,364.0612132114002,11.118547567016117,24.8809721464266,27.252245319445816,,1994.2495990637444,1994.2495990637444,True,1.6590399512038274,1.449577135738627,formula
D564-8,2.56,24.0,1.89,0.31051361104781783,45.488828125,241.89126731872895,287.3800954437289,10.791264986089443,24.88456638834493,27.12366207457883,,1994.2495990637444,1994.2495990637444,True,1.6590399512038274,1.449577135738627,formula
D564-8,3.07,25.0,2.05,0.31052915167136463,35.20654723127036,201.7174710808546,236.92401831212499,10.39635032114636,24.88518909347935,26.969552021088962,,1994.2495990637444,1994.2495990637444,True,1.6590399512038274,1.449577135738627,formula
