galaxy,r_kpc,v_obs_kmps,v_err_kmps,sigma_profile,a_bar_kmps2_per_kpc,a_struct_kmps2_per_kpc,a_total_kmps2_per_kpc,v_bar_kmps,v_struct_kmps,v_model_kmps,beta_raw,beta_formula,beta_clipped,use_dimension_proxy,d_eff_proxy,d_eff_response,beta_mode
F561-1,1.61,23.4,10.0,-0.05758673664802239,525.2647204968944,-71.21222265821716,454.0524978386772,29.080512375128468,0.0,27.037465145983457,,1990.9389757661659,1990.9389757661659,True,4.5,0.5501704653494427,formula
F561-1,3.23,40.6,5.0,0.050473696296384915,471.8208359133127,31.111470342865978,502.93230625617866,39.03820308364615,10.02447251517291,40.30473110203636,,1990.9389757661659,1990.9389757661659,True,4.5,0.5501704653494427,formula
F561-1,4.84,45.5,5.0,0.05702440998629722,366.862417355372,23.45704967185713,390.3194670272291,42.138036261790845,10.655145255311563,43.464309731224176,,1990.9389757661659,1990.9389757661659,True,4.5,0.5501704653494427,formula
F561-1,6.45,49.2,5.0,0.018226514263174953,368.2734418604651,5.626027540916737,373.8994694013818,48.7377030644654,6.023942034823455,49.10856928926878,,1990.9389757661659,1990.9389757661659,True,4.5,0.5501704653494427,formula
F561-1,8.06,50.4,5.0,-0.05733119857011093,375.7607071960298,-14.16165232762076,361.59905486840904,55.03300191703157,0.0,53.986001724885845,,1990.9389757661659,1990.9389757661659,True,4.5,0.5501704653494427,formula
F561-1,9.66,50.4,5.0,-0.05757382642129348,341.6626501035197,-11.866042961299074,329.79660714222064,57.449640555881636,0.0,56.44320353234614,,1990.9389757661659,1990.9389757661659,True,4.5,0.5501704653494427,formula
