galaxy,r_kpc,v_obs_kmps,v_err_kmps,sigma_profile,a_bar_kmps2_per_kpc,a_struct_kmps2_per_kpc,a_total_kmps2_per_kpc,v_bar_kmps,v_struct_kmps,v_model_kmps,beta_raw,beta_formula,beta_clipped,use_dimension_proxy,d_eff_proxy,d_eff_response,beta_mode
NGC3949,1.74,123.0,5.5,-0.09776072773852242,14798.03264367816,-112.34257007958743,14685.690073598573,160.46363077034,0.0,159.85337258894953,,1999.5357692233626,1999.5357692233626,True,4.5,0.5501704653494427,formula
NGC3949,2.61,145.0,5.5,-0.09775621637537397,13184.831417624522,-74.89159053888847,13109.939827085635,185.50582201106252,0.0,184.9782229039232,,1999.5357692233626,1999.5357692233626,True,4.5,0.5501704653494427,formula
NGC3949,3.5,152.0,6.2,-0.09776236523431595,11561.828714285712,-55.851241762826646,11505.977472522885,201.16262202506704,0.0,200.6761599040357,,1999.5357692233626,1999.5357692233626,True,4.5,0.5501704653494427,formula
NGC3949,4.37,157.0,6.6,-0.09770117751513376,8354.517986270024,-44.70411879559526,8309.81386747443,191.07392182084925,0.0,190.56202822404904,,1999.5357692233626,1999.5357692233626,True,4.5,0.5501704653494427,formula
NGC3949,5.24,161.0,8.8,-0.0966426797660314,6364.422633587786,-36.8779570659883,6327.544676521798,182.61865895904504,0.0,182.08880829137803,,1999.5357692233626,1999.5357692233626,True,4.5,0.5501704653494427,formula
NGC3949,6.11,165.0,11.2,-0.06450133178887986,4814.714713584288,-21.108464823962226,4793.606248760326,171.51649162689867,0.0,171.14010102815058,,1999.5357692233626,1999.5357692233626,True,4.5,0.5501704653494427,formula
NGC3949,7.07,169.0,25.5,0.06789134423826407,3715.185304101839,19.201014317548154,3734.386318419387,162.0689979607451,11.651230459701047,162.48726495090335,,1999.5357692233626,1999.5357692233626,True,4.5,0.5501704653494427,formula
