galaxy,r_kpc,v_obs_kmps,v_err_kmps,sigma_profile,a_bar_kmps2_per_kpc,a_struct_kmps2_per_kpc,a_total_kmps2_per_kpc,v_bar_kmps,v_struct_kmps,v_model_kmps,beta_raw,beta_formula,beta_clipped,use_dimension_proxy,d_eff_proxy,d_eff_response,beta_mode
NGC3953,3.5,181.0,7.5,-0.04144072218396683,11904.2784,-5.090684786181062e-07,11904.278399490931,204.12,0.0,204.11999999563557,,4.299489925039763e-05,4.299489925039763e-05,True,4.5,0.5501704653494427,formula
NGC3953,5.24,203.0,6.5,-0.041385068137999886,9147.012385496184,-3.3957000669163097e-07,9147.012385156613,218.93,0.0,218.92999999593627,,4.299489925039763e-05,4.299489925039763e-05,True,4.5,0.5501704653494427,formula
NGC3953,6.98,216.0,5.6,-0.04116159517508451,7520.256747851003,-2.535442174123799e-07,7520.256747597458,229.11,0.0,229.1099999961378,,4.299489925039763e-05,4.299489925039763e-05,True,4.5,0.5501704653494427,formula
NGC3953,8.72,223.0,6.1,-0.04142975845458081,6852.61490825688,-2.0427388655080404e-07,6852.614908052606,244.44795356067107,0.0,244.4479535570276,,4.299489925039763e-05,4.299489925039763e-05,True,4.5,0.5501704653494427,formula
NGC3953,10.47,224.0,5.6,-0.04143733322777601,5883.889589302769,-1.7016179248647408e-07,5883.889589132607,248.20218371319783,0.0,248.20218370960882,,4.299489925039763e-05,4.299489925039763e-05,True,4.5,0.5501704653494427,formula
NGC3953,12.19,223.0,6.1,-0.041430226805280655,4906.096800656276,-1.461270243982088e-07,4906.0968005101495,244.5512625197425,0.0,244.55126251610054,,4.299489925039763e-05,4.299489925039763e-05,True,4.5,0.5501704653494427,formula
NGC3953,13.94,224.0,6.1,-0.04096260560090832,4004.6004304160692,-1.263402511366447e-07,4004.600430289729,236.27130591758282,0.0,236.27130591385577,,4.299489925039763e-05,4.299489925039763e-05,True,4.5,0.5501704653494427,formula
NGC3953,15.68,215.0,9.7,-0.03776859805730474,3141.721147959184,-1.0356231302950133e-07,3141.7211478556214,221.95086753603826,0.0,221.9508675323801,,4.299489925039763e-05,4.299489925039763e-05,True,4.5,0.5501704653494427,formula
