galaxy,r_kpc,v_obs_kmps,v_err_kmps,sigma_profile,a_bar_kmps2_per_kpc,a_struct_kmps2_per_kpc,a_total_kmps2_per_kpc,v_bar_kmps,v_struct_kmps,v_model_kmps,beta_raw,beta_formula,beta_clipped,use_dimension_proxy,d_eff_proxy,d_eff_response,beta_mode
NGC4051,1.74,121.0,14.8,-0.09601376414501797,16414.367816091955,-1.860053508534998e-06,16414.3678142319,169.0,0.0,168.99999999042458,,3.3708636815473024e-05,3.3708636815473024e-05,True,4.5,0.5501704653494427,formula
NGC4051,3.5,116.0,7.8,-0.0959032078234256,5499.653600000001,-9.236475434167671e-07,5499.653599076353,138.74,0.0,138.73999998834955,,3.3708636815473024e-05,3.3708636815473024e-05,True,4.5,0.5501704653494427,formula
NGC4051,5.24,140.0,7.0,-0.08889095209548205,4373.411927480917,-5.718306909099647e-07,4373.411926909087,151.38255678908322,0.0,151.38255677918647,,3.3708636815473024e-05,3.3708636815473024e-05,True,4.5,0.5501704653494427,formula
NGC4051,6.98,160.0,6.6,-0.0951430059071214,4751.036361031519,-4.5947579250079644e-07,4751.036360572043,182.10500761923052,0.0,182.10500761042476,,3.3708636815473024e-05,3.3708636815473024e-05,True,4.5,0.5501704653494427,formula
NGC4051,8.72,161.0,5.2,-0.09597759526239642,4485.998497706421,-3.7101764921130565e-07,4485.998497335404,197.78247369269096,0.0,197.7824736845121,,3.3708636815473024e-05,3.3708636815473024e-05,True,4.5,0.5501704653494427,formula
NGC4051,10.47,154.0,7.4,-0.09591872042179443,3263.853610315186,-3.088146428369784e-07,3263.853610006371,184.85818158794055,0.0,184.85818157919522,,3.3708636815473024e-05,3.3708636815473024e-05,True,4.5,0.5501704653494427,formula
NGC4051,12.19,153.0,9.8,-0.09501436784890474,2471.136423297785,-2.627403460271113e-07,2471.1364230350446,173.5602287391901,0.0,173.56022872996334,,3.3708636815473024e-05,3.3708636815473024e-05,True,4.5,0.5501704653494427,formula
