galaxy,r_kpc,v_obs_kmps,v_err_kmps,sigma_profile,a_bar_kmps2_per_kpc,a_struct_kmps2_per_kpc,a_total_kmps2_per_kpc,v_bar_kmps,v_struct_kmps,v_model_kmps,beta_raw,beta_formula,beta_clipped,use_dimension_proxy,d_eff_proxy,d_eff_response,beta_mode
NGC4389,0.87,27.3,5.8,-0.3525443026130222,8629.259885057472,-1.7292983778322724e-05,8629.25986776449,86.64557749821974,0.0,86.64557741140112,,4.267519224003776e-05,4.267519224003776e-05,True,4.5,0.5501704653494427,formula
NGC4389,1.74,52.7,6.7,-0.3524658443132941,7917.500287356322,-8.644567623055772e-06,7917.500278711754,117.37312511814619,0.0,117.37312505407041,,4.267519224003776e-05,4.267519224003776e-05,True,4.5,0.5501704653494427,formula
NGC4389,2.71,69.2,6.7,-0.35210315367204725,6481.333431734317,-5.54467519235357e-06,6481.333426189642,132.53080245739102,0.0,132.53080240070204,,4.267519224003776e-05,4.267519224003776e-05,True,4.5,0.5501704653494427,formula
NGC4389,3.58,83.5,6.4,-0.3510445992396174,5758.334804469273,-4.184607753457454e-06,5758.334800284665,143.57868435112505,0.0,143.5786842989554,,4.267519224003776e-05,4.267519224003776e-05,True,4.5,0.5501704653494427,formula
NGC4389,4.45,95.9,6.3,-0.34938458867756833,5356.640224719101,-3.3505740421397187e-06,5356.640221368527,154.39251601032998,0.0,154.3925159620438,,4.267519224003776e-05,4.267519224003776e-05,True,4.5,0.5501704653494427,formula
NGC4389,5.32,110.0,7.6,-0.3155399268102079,3787.665037593985,-2.531151698502456e-06,3787.6650350628333,141.95202710775214,0.0,141.9520270603216,,4.267519224003776e-05,4.267519224003776e-05,True,4.5,0.5501704653494427,formula
