galaxy,r_kpc,v_obs_kmps,v_err_kmps,sigma_profile,a_bar_kmps2_per_kpc,a_struct_kmps2_per_kpc,a_total_kmps2_per_kpc,v_bar_kmps,v_struct_kmps,v_model_kmps,beta_raw,beta_formula,beta_clipped,use_dimension_proxy,d_eff_proxy,d_eff_response,beta_mode
UGC04499,0.91,26.0,4.1,-0.17759872872932905,1009.9419780219781,-390.0869222668212,619.8550557551569,30.315791264619833,0.0,23.750117909964,,1998.7704968531414,1998.7704968531414,True,3.7346484051755784,0.5633229739516539,formula
UGC04499,1.82,45.1,3.02,0.18949276824972452,708.6620879120879,208.10579920031816,916.7678871124061,35.91329837260844,19.46156608663802,40.84749141066779,,1998.7704968531414,1998.7704968531414,True,3.7346484051755784,0.5633229739516539,formula
UGC04499,2.73,57.0,2.97,0.19273654894444303,575.8611721611721,141.1121346869759,716.973306848148,39.64972887675274,19.627433038873022,44.24180294354474,,1998.7704968531414,1998.7704968531414,True,3.7346484051755784,0.5633229739516539,formula
UGC04499,3.63,62.0,2.85,0.19257670314873981,540.7801928374655,106.03763984433792,646.8178326818035,44.30611808768626,19.619292358159775,48.45563674780207,,1998.7704968531414,1998.7704968531414,True,3.7346484051755784,0.5633229739516539,formula
UGC04499,4.55,66.9,2.75,0.19284070199285483,446.4303516483517,84.7130342276411,531.1433858759927,45.06948080464207,19.632735564250005,49.159967511541005,,1998.7704968531414,1998.7704968531414,True,3.7346484051755784,0.5633229739516539,formula
UGC04499,5.45,70.6,2.86,0.19291011301015093,377.71561467889904,70.74918209711835,448.4647967760174,45.371247503237115,19.636268546475296,49.438174950429705,,1998.7704968531414,1998.7704968531414,True,3.7346484051755784,0.5633229739516539,formula
UGC04499,6.37,72.8,2.66,0.19293614840443057,313.2623233908948,60.539259216209594,373.80158260710436,44.670807022036215,19.63759356966263,48.796681047047194,,1998.7704968531414,1998.7704968531414,True,3.7346484051755784,0.5633229739516539,formula
UGC04499,7.28,73.3,2.66,0.19292809123871305,288.89688186813186,52.96963966787509,341.8665215360069,45.86032381045734,19.637183524684254,49.887756782422386,,1998.7704968531414,1998.7704968531414,True,3.7346484051755784,0.5633229739516539,formula
UGC04499,8.18,74.3,2.67,0.19293053099548554,261.4874327628362,47.14228035403264,308.62971311686886,46.248969718254266,19.637307689599076,50.245308769038196,,1998.7704968531414,1998.7704968531414,True,3.7346484051755784,0.5633229739516539,formula
