galaxy,r_kpc,v_obs_kmps,v_err_kmps,sigma_profile,a_bar_kmps2_per_kpc,a_struct_kmps2_per_kpc,a_total_kmps2_per_kpc,v_bar_kmps,v_struct_kmps,v_model_kmps,beta_raw,beta_formula,beta_clipped,use_dimension_proxy,d_eff_proxy,d_eff_response,beta_mode
UGC06973,1.74,170.0,4.7,-0.18924481575693375,73362.7196551724,-217.2964554756983,73145.4231996967,357.2829861608302,0.0,356.7534672115637,,1997.9191029113408,1997.9191029113408,True,4.5,0.5501704653494427,formula
UGC06973,2.61,174.0,4.2,-0.18924208146251748,35487.486819923375,-144.8622105856965,35342.624609337676,304.339186763716,0.0,303.7173854595277,,1997.9191029113408,1997.9191029113408,True,4.5,0.5501704653494427,formula
UGC06973,3.5,170.0,4.2,-0.18922247366424474,20743.083314285712,-108.01462709540934,20635.0686871903,269.4453406537215,0.0,268.7428890318143,,1997.9191029113408,1997.9191029113408,True,4.5,0.5501704653494427,formula
UGC06973,4.37,170.0,4.3,-0.18898831063161795,13189.667688787187,-86.40351396747184,13103.264174819715,240.08091927514775,0.0,239.29326033961374,,1997.9191029113408,1997.9191029113408,True,4.5,0.5501704653494427,formula
UGC06973,5.32,171.0,4.8,-0.18727509546622298,9035.44296992481,-70.33091931043457,8965.112050614376,219.24542549389713,0.0,218.39046707507285,,1997.9191029113408,1997.9191029113408,True,4.5,0.5501704653494427,formula
UGC06973,6.28,174.0,4.9,-0.17387187199244808,6502.534617834394,-55.315594667622186,6447.219023166772,202.07898802201083,0.0,201.2176320939279,,1997.9191029113408,1997.9191029113408,True,4.5,0.5501704653494427,formula
UGC06973,6.81,177.0,10.1,-0.13890760767151303,5493.380616740088,-40.752740514923616,5452.627876225164,193.41644707728452,0.0,192.6976798954605,,1997.9191029113408,1997.9191029113408,True,4.5,0.5501704653494427,formula
UGC06973,7.33,178.0,6.3,-0.07837224918306637,4698.368212824012,-21.36172084324366,4677.006491980768,185.57758215905284,0.0,185.15522565193518,,1997.9191029113408,1997.9191029113408,True,4.5,0.5501704653494427,formula
UGC06973,7.85,180.0,7.7,0.012951492256399248,4074.1935923566884,3.2963100369768616,4077.4899023936655,178.83629301682586,5.086849102368613,178.9086239782484,,1997.9191029113408,1997.9191029113408,True,4.5,0.5501704653494427,formula
