galaxy,r_kpc,v_obs_kmps,v_err_kmps,sigma_profile,a_bar_kmps2_per_kpc,a_struct_kmps2_per_kpc,a_total_kmps2_per_kpc,v_bar_kmps,v_struct_kmps,v_model_kmps,beta_raw,beta_formula,beta_clipped,use_dimension_proxy,d_eff_proxy,d_eff_response,beta_mode
UGC06628,1.1,26.9,8.27,-0.08216543582246906,776.5320909090908,-148.1010197964926,628.4310711125981,29.22644863817703,0.0,26.292093454570292,,1982.7208380922625,1982.7208380922625,True,4.5,0.5501704653494427,formula
UGC06628,2.2,38.0,8.27,0.034953895088087474,632.437818181818,31.501734619837183,663.9395528016552,37.30098122033789,8.324891360470827,38.21867365782912,,1982.7208380922625,1982.7208380922625,True,4.5,0.5501704653494427,formula
UGC06628,3.3,40.5,8.27,-0.0763039343070266,561.6196363636363,-45.84527290271658,515.7743634609197,43.05049128639533,0.0,41.25597410583145,,1982.7208380922625,1982.7208380922625,True,4.5,0.5501704653494427,formula
UGC06628,4.39,41.4,8.27,-0.08546295684734966,522.4674487471526,-38.59890328615489,483.8685454609977,47.89187926987205,0.0,46.0888588985861,,1982.7208380922625,1982.7208380922625,True,4.5,0.5501704653494427,formula
UGC06628,5.5,42.3,8.27,-0.08560274660226738,460.87378181818184,-30.859336270226756,430.01444554795506,50.34685491666784,0.0,48.63208252289586,,1982.7208380922625,1982.7208380922625,True,4.5,0.5501704653494427,formula
UGC06628,6.59,42.3,8.27,-0.08565140051163822,445.23449165402127,-25.769774902308253,419.464716751713,54.16728994513201,0.0,52.57634908771993,,1982.7208380922625,1982.7208380922625,True,4.5,0.5501704653494427,formula
UGC06628,7.69,42.3,8.27,-0.0856527819531824,412.2184265279584,-22.083947414713606,390.13447911324477,56.30239515331475,0.0,54.7734803018838,,1982.7208380922625,1982.7208380922625,True,4.5,0.5501704653494427,formula
