galaxy,r_kpc,v_obs_kmps,v_err_kmps,sigma_profile,a_bar_kmps2_per_kpc,a_struct_kmps2_per_kpc,a_total_kmps2_per_kpc,v_bar_kmps,v_struct_kmps,v_model_kmps,beta_raw,beta_formula,beta_clipped,use_dimension_proxy,d_eff_proxy,d_eff_response,beta_mode
UGC06818,0.87,23.4,5.55,-0.17981647125688807,876.7247126436782,-413.06206724109995,463.6626454025783,27.61793801137225,0.0,20.084484098433872,,1998.5043416093126,1998.5043416093126,True,3.9487017119988077,0.5539623204472102,formula
UGC06818,1.74,28.0,5.2,-0.1910658355684046,871.1513218390805,-219.4516677681998,651.6996540708808,38.93331863584198,0.0,33.6742839282936,,1998.5043416093126,1998.5043416093126,True,3.9487017119988077,0.5539623204472102,formula
UGC06818,2.61,36.7,4.25,-0.16365599487955682,658.562796934866,-125.31310969240833,533.2496872424576,41.45900264116348,0.0,37.306590352145754,,1998.5043416093126,1998.5043416093126,True,3.9487017119988077,0.5539623204472102,formula
UGC06818,3.5,47.6,4.25,0.1547324222842746,522.0371428571428,88.35240506367096,610.3895479208138,42.744941221155045,17.585033913042317,46.220811521681966,,1998.5043416093126,1998.5043416093126,True,3.9487017119988077,0.5539623204472102,formula
UGC06818,4.37,63.3,4.75,0.1913647659744331,411.01556064073225,87.51563286749534,498.5311935082276,42.38086832522429,19.556157997698694,46.67527520680467,,1998.5043416093126,1998.5043416093126,True,3.9487017119988077,0.5539623204472102,formula
UGC06818,5.24,71.2,5.25,0.19144593921472475,351.44751908396944,73.01632456185114,424.4638436458206,42.91369245357477,19.56030523034086,47.16132462838698,,1998.5043416093126,1998.5043416093126,True,3.9487017119988077,0.5539623204472102,formula
UGC06818,6.11,68.1,6.0,0.1914408949771918,286.4779378068739,62.61791485654505,349.09585266341895,41.83754533908508,19.560047540164373,46.18414944300144,,1998.5043416093126,1998.5043416093126,True,3.9487017119988077,0.5539623204472102,formula
UGC06818,6.98,74.4,6.0,0.19145503128771515,235.6433524355301,54.81715060908961,290.4605030446197,40.556018049113256,19.560769699872385,45.02681768958856,,1998.5043416093126,1998.5043416093126,True,3.9487017119988077,0.5539623204472102,formula
