galaxy,r_kpc,v_obs_kmps,v_err_kmps,sigma_profile,a_bar_kmps2_per_kpc,a_struct_kmps2_per_kpc,a_total_kmps2_per_kpc,v_bar_kmps,v_struct_kmps,v_model_kmps,beta_raw,beta_formula,beta_clipped,use_dimension_proxy,d_eff_proxy,d_eff_response,beta_mode
UGC06667,0.87,26.6,4.4,0.5545213012865227,55.04183908045977,1273.800379004752,1328.8422180852117,6.92,33.289733097970824,34.00136364521479,,1998.491901326476,1998.491901326476,True,1.675424782488467,1.4495356527180214,formula
UGC06667,1.74,45.2,2.7,0.5545505321159682,69.03540229885058,636.9337628218678,705.9691651207185,10.96,33.290610497707156,35.04834300377195,,1998.491901326476,1998.491901326476,True,1.675424782488467,1.4495356527180214,formula
UGC06667,2.61,57.0,3.9,0.5544196952542133,107.34536398467434,424.5223260158767,531.867690000551,16.738321301731546,33.2866830865053,37.25821615297004,,1998.491901326476,1998.491901326476,True,1.675424782488467,1.4495356527180214,formula
UGC06667,3.5,69.3,3.0,0.5541447743603884,154.1405714285714,316.41538392046397,470.55595534903534,23.226967085695886,33.27842910537731,40.58258054537222,,1998.491901326476,1998.491901326476,True,1.675424782488467,1.4495356527180214,formula
UGC06667,4.37,77.3,3.4,0.554130528045724,154.95029748283756,253.41541706570783,408.3657145485454,26.021775496687386,33.27800133086636,42.24403120651654,,1998.491901326476,1998.491901326476,True,1.675424782488467,1.4495356527180214,formula
UGC06667,5.24,80.7,3.9,0.5536419969520698,172.3298664122137,211.15439830971926,383.48426472193296,30.05009983344481,33.263328864425596,44.82697343277738,,1998.491901326476,1998.491901326476,True,1.675424782488467,1.4495356527180214,formula
UGC06667,6.11,84.0,3.0,0.5535350926646706,164.98031096563008,181.05325692149665,346.03356788712676,31.749483460365145,33.26011725460908,45.98113852211953,,1998.491901326476,1998.491901326476,True,1.675424782488467,1.4495356527180214,formula
UGC06667,6.98,85.0,3.0,0.5529276887692709,167.95199140401144,158.31253696626848,326.2645283702799,34.23893835970969,33.24186378686601,47.72134122197902,,1998.491901326476,1998.491901326476,True,1.675424782488467,1.4495356527180214,formula
UGC06667,7.85,85.7,3.4,0.5530126967310162,149.59128662420383,140.7887128340956,290.37999945829944,34.26793836810146,33.24441901654548,47.74393150702663,,1998.491901326476,1998.491901326476,True,1.675424782488467,1.4495356527180214,formula
