galaxy,r_kpc,v_obs_kmps,v_err_kmps,sigma_profile,a_bar_kmps2_per_kpc,a_struct_kmps2_per_kpc,a_total_kmps2_per_kpc,v_bar_kmps,v_struct_kmps,v_model_kmps,beta_raw,beta_formula,beta_clipped,use_dimension_proxy,d_eff_proxy,d_eff_response,beta_mode
UGC02259,1.02,56.1,3.4,0.33599484876816216,608.4106862745098,658.5867091697488,1266.9973954442585,24.911421075482625,25.918303249887785,35.94909377652159,,1999.3117329505844,1999.3117329505844,True,3.1477653748465846,0.8205530138193181,formula
UGC02259,2.04,71.1,3.0,0.3357520367062721,668.629411764706,329.0553854651495,997.6847972298556,36.93242477823519,25.90893641871285,45.114044225151275,,1999.3117329505844,1999.3117329505844,True,3.1477653748465846,0.8205530138193181,formula
UGC02259,3.05,80.7,1.5,0.33566512759237,602.4601311475411,220.0325337500919,822.492664897633,42.866110157092635,25.905582949198042,50.085952401225036,,1999.3117329505844,1999.3117329505844,True,3.1477653748465846,0.8205530138193181,formula
UGC02259,4.07,82.8,1.5,0.33534945586787296,527.1127764127764,164.73417733543798,691.8469537482143,46.31791230182984,25.893398806553623,53.06427330846275,,1999.3117329505844,1999.3117329505844,True,3.1477653748465846,0.8205530138193181,formula
UGC02259,5.09,83.7,1.5,0.33560682021623695,397.9710019646365,131.8237039914656,529.7947059561021,45.007470491019596,25.90333286116981,51.92932748762071,,1999.3117329505844,1999.3117329505844,True,3.1477653748465846,0.8205530138193181,formula
UGC02259,6.11,86.0,1.5,0.3357084257438268,334.5081669394435,109.8503755220954,444.35854246153895,45.20890288427712,25.907253703162034,52.105956419971825,,1999.3117329505844,1999.3117329505844,True,3.1477653748465846,0.8205530138193181,formula
UGC02259,7.13,88.3,2.3,0.33581719624879314,282.51199158485275,94.16595520151208,376.6779467863648,44.881070620028666,25.911450375978205,51.823872497014165,,1999.3117329505844,1999.3117329505844,True,3.1477653748465846,0.8205530138193181,formula
UGC02259,8.14,90.0,3.0,0.33595266128641077,219.38320638820636,82.51524538401654,301.89845177222287,42.25848198882681,25.91667604894375,49.57270819136165,,1999.3117329505844,1999.3117329505844,True,3.1477653748465846,0.8205530138193181,formula
