galaxy,r_kpc,v_obs_kmps,v_err_kmps,sigma_profile,a_bar_kmps2_per_kpc,a_struct_kmps2_per_kpc,a_total_kmps2_per_kpc,v_bar_kmps,v_struct_kmps,v_model_kmps,beta_raw,beta_formula,beta_clipped,use_dimension_proxy,d_eff_proxy,d_eff_response,beta_mode
UGC00191,0.62,29.9,1.42,0.21662613236520392,771.8001612903225,698.5316085858481,1470.3317698761707,21.87501085714016,20.810804821611917,30.192808702126833,,1999.2490868695943,1999.2490868695943,True,3.826313065747751,0.5579386714459482,formula
UGC00191,0.87,34.4,2.31,0.20452701750921945,933.8218390804599,470.0005206844466,1403.8223597649064,28.50307001008839,20.22128712509341,34.9474670469187,,1999.2490868695943,1999.2490868695943,True,3.826313065747751,0.5579386714459482,formula
UGC00191,1.12,46.3,2.05,0.2174989422140868,924.3794642857142,388.24514430054967,1312.624608586264,32.17615576789745,20.85268715577481,38.34239900706026,,1999.2490868695943,1999.2490868695943,True,3.826313065747751,0.5579386714459482,formula
UGC00191,1.37,49.8,1.87,0.21747319924068734,878.5649635036496,317.3599233580682,1195.9248868617178,34.693428772607646,20.851453066886094,40.47736521811361,,1999.2490868695943,1999.2490868695943,True,3.826313065747751,0.5579386714459482,formula
UGC00191,1.62,57.6,2.76,0.21797286287994044,808.7704320987656,269.0012636265878,1077.7716957253533,36.196796819608224,20.875393339409733,41.785046931588724,,1999.2490868695943,1999.2490868695943,True,3.826313065747751,0.5579386714459482,formula
UGC00191,2.3,71.3,7.5,0.21804576521586366,728.5805217391304,189.5338247841728,918.1143465233032,40.93574477153188,20.87888399803968,45.95283448279983,,1999.2490868695943,1999.2490868695943,True,3.826313065747751,0.5579386714459482,formula
UGC00191,4.97,76.65,1.09,0.2179795625735566,462.8997987927566,87.68519948318243,550.584998275939,47.96469534980911,20.875714153806012,52.31068190562437,,1999.2490868695943,1999.2490868695943,True,3.826313065747751,0.5579386714459482,formula
UGC00191,7.45,81.0,0.63,0.2180057081018795,330.9405771812081,58.50304870537475,389.4436258865828,49.6538749746684,20.87696608358221,53.864227580603455,,1999.2490868695943,1999.2490868695943,True,3.826313065747751,0.5579386714459482,formula
UGC00191,9.98,83.85,1.04,0.21805412932094106,216.15250501002006,43.68181552435229,259.83432053437235,46.44568871273199,20.87928444494772,50.92294687989921,,1999.2490868695943,1999.2490868695943,True,3.826313065747751,0.5579386714459482,formula
