galaxy,r_kpc,v_obs_kmps,v_err_kmps,sigma_profile,a_bar_kmps2_per_kpc,a_struct_kmps2_per_kpc,a_total_kmps2_per_kpc,v_bar_kmps,v_struct_kmps,v_model_kmps,beta_raw,beta_formula,beta_clipped,use_dimension_proxy,d_eff_proxy,d_eff_response,beta_mode
UGC05999,3.48,46.2,5.0,0.19080759021408156,481.7158908045976,109.57485146418034,591.290742268778,40.94351352778606,19.527428993478573,45.36178769730474,,1998.4555261534151,1998.4555261534151,True,3.000936028757946,0.9987965373232207,formula
UGC05999,6.94,81.1,5.0,0.26408282775909026,309.2445100864553,76.04579056158133,385.29030064803663,46.32663272891739,22.972979486722537,51.70990897784848,,1998.4555261534151,1998.4555261534151,True,3.000936028757946,0.9987965373232207,formula
UGC05999,10.42,91.2,5.0,0.2641242595957721,245.6576295585413,50.656486197730324,296.31411575627163,50.59399667944805,22.97478152628116,55.56611454996966,,1998.4555261534151,1998.4555261534151,True,3.000936028757946,0.9987965373232207,formula
UGC05999,13.89,97.7,5.0,0.26417445077795204,182.6917782577394,38.008703457576786,220.7004817153162,50.37448560531413,22.97696435619252,55.367225784084056,,1998.4555261534151,1998.4555261534151,True,3.000936028757946,0.9987965373232207,formula
UGC05999,16.22,100.0,5.0,0.26406468808311045,205.08954993834774,32.535236446465476,237.6247863848132,57.67627328460119,22.97219047373737,62.082799833461685,,1998.4555261534151,1998.4555261534151,True,3.000936028757946,0.9987965373232207,formula
