galaxy,r_kpc,v_obs_kmps,v_err_kmps,sigma_profile,a_bar_kmps2_per_kpc,a_struct_kmps2_per_kpc,a_total_kmps2_per_kpc,v_bar_kmps,v_struct_kmps,v_model_kmps,beta_raw,beta_formula,beta_clipped,use_dimension_proxy,d_eff_proxy,d_eff_response,beta_mode
UGC04325,0.7,41.3,3.05,0.2916091824877791,639.9682857142857,832.9851307154291,1472.9534164297147,21.16548605631347,24.14724811444982,32.11023811030993,,1999.5584039101263,1999.5584039101263,True,3.7404522183568636,0.5628945955542681,formula
UGC04325,1.4,68.7,3.07,0.29164717922073213,774.0649285714285,416.54683441964124,1190.6117629910698,32.91946080967912,24.148821258759146,40.82715356460082,,1999.5584039101263,1999.5584039101263,True,3.7404522183568636,0.5628945955542681,formula
UGC04325,2.09,83.8,3.05,0.29160202294393317,896.443875598086,278.983385442457,1175.427261040543,43.284728253738635,24.14695168286745,49.56453344453809,,1999.5584039101263,1999.5584039101263,True,3.7404522183568636,0.5628945955542681,formula
UGC04325,2.79,88.7,3.05,0.2913752065462611,929.3171684587813,208.82499746975816,1138.1421659285395,50.91949430228073,24.137558760997877,56.350835334896544,,1999.5584039101263,1999.5584039101263,True,3.7404522183568636,0.5628945955542681,formula
UGC04325,3.49,90.1,3.05,0.2908794427808137,885.3456733524355,166.65628491033544,1052.001958262771,55.58647677268276,24.11701545251963,60.592795234557975,,1999.5584039101263,1999.5584039101263,True,3.7404522183568636,0.5628945955542681,formula
UGC04325,4.19,91.6,3.05,0.2909536214844816,751.2791646778044,138.84934582037735,890.1285104981818,56.10579025376971,24.120090360265674,61.07076599312786,,1999.5584039101263,1999.5584039101263,True,3.7404522183568636,0.5628945955542681,formula
UGC04325,4.89,92.7,3.05,0.29113786571698363,631.2331288343557,119.04850022307822,750.281629057434,55.558347707612754,24.127726086203243,60.57125693008898,,1999.5584039101263,1999.5584039101263,True,3.7404522183568636,0.5628945955542681,formula
UGC04325,5.59,91.5,3.05,0.2912319331953111,522.9129516994633,104.17446502820695,627.0874167276702,54.06554725516056,24.131623640105047,59.206576150860776,,1999.5584039101263,1999.5584039101263,True,3.7404522183568636,0.5628945955542681,formula
