galaxy,r_kpc,v_obs_kmps,v_err_kmps,sigma_profile,a_bar_kmps2_per_kpc,a_struct_kmps2_per_kpc,a_total_kmps2_per_kpc,v_bar_kmps,v_struct_kmps,v_model_kmps,beta_raw,beta_formula,beta_clipped,use_dimension_proxy,d_eff_proxy,d_eff_response,beta_mode
UGC00634,4.51,69.75,4.15,0.32591966810228784,504.7986031042128,144.44042322152856,649.2390263257414,47.714166659389534,25.52305445531733,54.11162544896516,,1998.7327322775984,1998.7327322775984,True,2.6879580095763806,1.3204709851714853,formula
UGC00634,9.01,97.7,1.63,0.3325845774640431,304.030332963374,73.77887693985542,377.80920990322943,52.33844953760094,25.782701201156122,58.344331183312896,,1998.7327322775984,1998.7327322775984,True,2.6879580095763806,1.3204709851714853,formula
UGC00634,13.51,108.0,0.99,0.3328744314677242,196.82801628423388,49.24700384254897,246.07502012678285,51.56691284147229,25.793933820044522,57.658247648648114,,1998.7327322775984,1998.7327322775984,True,2.6879580095763806,1.3204709851714853,formula
UGC00634,18.01,107.5,2.32,0.33294666267212053,117.44982232093282,36.950105096355095,154.39992741728793,45.99207866578766,25.79673221137428,52.73274782130508,,1998.7327322775984,1998.7327322775984,True,2.6879580095763806,1.3204709851714853,formula
