galaxy,r_kpc,v_obs_kmps,v_err_kmps,sigma_profile,a_bar_kmps2_per_kpc,a_struct_kmps2_per_kpc,a_total_kmps2_per_kpc,v_bar_kmps,v_struct_kmps,v_model_kmps,beta_raw,beta_formula,beta_clipped,use_dimension_proxy,d_eff_proxy,d_eff_response,beta_mode
UGCA281,0.09,7.0,2.49,0.17484990921175642,192.4,3883.0529647257804,4075.4529647257805,4.161249812255928,18.694244216477976,19.151782340694044,,1998.7128869599808,1998.7128869599808,True,3.7708831237466787,0.5608613086619787,formula
UGCA281,0.25,14.9,1.35,0.17162007723497985,589.3072000000001,1372.0770401224859,1961.384240122486,12.137825175870676,18.520779142104725,22.143758940853324,,1998.7128869599808,1998.7128869599808,True,3.7708831237466787,0.5608613086619787,formula
UGCA281,0.41,21.1,1.37,0.17165338856444637,719.9309756097562,836.7947312539219,1556.7257068636782,17.18056169046868,18.522576489627678,25.263759415694807,,1998.7128869599808,1998.7128869599808,True,3.7708831237466787,0.5608613086619787,formula
UGCA281,0.58,26.0,1.24,0.17450095595747708,635.7272413793103,601.3401887224923,1237.0674301018025,19.20213009017489,18.675580565515105,26.786173848816954,,1998.7128869599808,1998.7128869599808,True,3.7708831237466787,0.5608613086619787,formula
UGCA281,0.74,27.5,1.59,0.1746236050232884,536.7199999999999,471.651959091157,1008.3719590911569,19.92919466511379,18.682142535786845,27.31657463386389,,1998.7128869599808,1998.7128869599808,True,3.7708831237466787,0.5608613086619787,formula
UGCA281,0.9,28.8,2.57,0.1747844711227272,434.87611111111113,388.15997208164384,823.036083192755,19.783541139037773,18.690745701375306,27.216400843489197,,1998.7128869599808,1998.7128869599808,True,3.7708831237466787,0.5608613086619787,formula
UGCA281,1.08,29.5,1.85,0.1748260747771514,349.7737962962963,323.5436376238164,673.3174339201128,19.4359383617051,18.692970032440584,26.96632768164256,,1998.7128869599808,1998.7128869599808,True,3.7708831237466787,0.5608613086619787,formula
