galaxy,segment_index,r_left_kpc,r_right_kpc,r_mid_kpc,dr_kpc,h_i_kpc,v_obs_segment_kms,v_vis_segment_kms,v_err_segment_kms,mass_bar_segment_msun,n_points,density_ref_gal_msun_per_kpc3,segment_wedge_volume_eff_kpc3,segment_density_eff_msun_per_kpc3,alpha_geom_i,alpha_dens_i,Dw_i,sigma_i,beta_i,ell_info_kpc,c_info_gal,tau_struct_gal,S_i,I_int_i,I_ext_i,DeltaD_i
NGC2841,1,3.44,6.51,4.975,3.07,2.04,305.2,282.98789495077904,9.407,92633579806.6337,10,607651636.969469,31.15743,2973081534.858096,2.1381760293976515,2.583509036442754,2.360842532920203,0.05949324800127709,0.09641954085914786,12.240000000000002,1.0,2.0,17054522.264138997,85323855.35561012,72525277.0522686,0.15000000000000005
NGC2841,2,6.86,9.93,8.395,3.0699999999999994,2.04,320.4,287.1012252081233,12.484,160890513395.27368,10,607651636.969469,52.576206,3060139284.2091665,2.0953309974454415,2.5073675723924107,2.301349284918926,0.13113095150437437,0.21982943476389094,12.240000000000002,1.0,2.0,88212930.49303818,103173185.64180756,87697207.79553641,0.15000000000000008
NGC2841,3,10.27,22.51,16.39,12.240000000000002,2.04,313.3,255.45435211970735,7.552,248682492174.21008,10,607651636.969469,409.2517440000001,607651636.969469,2.032051673648386,2.1651095861745224,2.098580629911454,0.13311290443188684,0.04901490874767479,12.240000000000002,1.0,2.0,3964633.3527636207,56580796.9399782,48093677.39898147,0.15000000000000002
NGC2841,4,24.59,43.08,33.835,18.49,2.04,284.1,173.643980848759,3.818,237205794261.24164,10,607651636.969469,1276.242666,185862611.06964248,2.015951630987609,2.0542953211226957,2.035123476055152,0.03800016247036009,4.864530121467234e-06,12.240000000000002,1.0,2.0,34.35724915512777,13604857.965236684,11564129.27045118,0.15000000000000008
NGC2841,5,45.16,63.64,54.4,18.480000000000004,2.04,284.1,139.79052367963587,5.090000000000001,247169004647.41183,10,607651636.969469,2050.8364800000004,120521068.87010893,2.011574510006392,2.033586099935076,2.022580304970734,0.012543171084418159,2.950060331572786e-17,12.240000000000002,1.0,2.0,4.459654543265603e-11,2535218.618750096,2154935.8259375812,0.15000000000000008
