galaxy,segment_index,r_left_kpc,r_right_kpc,r_mid_kpc,dr_kpc,h_i_kpc,v_obs_segment_kms,v_vis_segment_kms,v_err_segment_kms,mass_bar_segment_msun,n_points,density_ref_gal_msun_per_kpc3,segment_wedge_volume_eff_kpc3,segment_density_eff_msun_per_kpc3,alpha_geom_i,alpha_dens_i,Dw_i,sigma_i,beta_i,ell_info_kpc,c_info_gal,tau_struct_gal,S_i,I_int_i,I_ext_i,DeltaD_i
NGC4088,1,1.74,6.98,4.36,5.24,1.41,140.475,206.23582623980633,8.925,43117577877.2855,4,1338497201.579239,32.213424,1338497201.579239,2.0886953301209505,2.2378253204756997,2.1632603252983253,0.036533128614173016,9.92986568666727e-05,5.24,1.0,2.0,4855.653719674732,10800.167336803195,9180.142236282716,0.15
NGC4088,2,8.72,13.94,11.33,5.219999999999999,1.41,176.5,228.6614531039015,6.625,137738539364.0437,4,1338497201.579239,83.39106599999998,1651718175.2304704,2.0438904639887947,2.2095639293795095,2.1267271966841523,0.04497484612552172,0.00024861862844916113,5.24,1.0,2.0,18468.82644305053,23763.909637495104,20199.323191870837,0.15000000000000005
NGC4088,3,15.68,21.48,18.58,5.800000000000001,1.41,169.5,176.15766912675343,6.975,134056681773.51591,4,1338497201.579239,151.94724,882258090.199703,2.029469563753979,2.117151702340585,2.073310633047282,0.05341656363687042,0.00033952605310768637,5.24,1.0,2.0,16000.910654748272,20952.504492186366,17809.62881835841,0.15000000000000002
