galaxy,segment_index,r_left_kpc,r_right_kpc,r_mid_kpc,dr_kpc,h_i_kpc,v_obs_segment_kms,v_vis_segment_kms,v_err_segment_kms,mass_bar_segment_msun,n_points,density_ref_gal_msun_per_kpc3,segment_wedge_volume_eff_kpc3,segment_density_eff_msun_per_kpc3,alpha_geom_i,alpha_dens_i,Dw_i,sigma_i,beta_i,ell_info_kpc,c_info_gal,tau_struct_gal,S_i,I_int_i,I_ext_i,DeltaD_i
UGC05750,1,0.31,4.09,2.1999999999999997,3.78,2.64,25.28,19.55186144552288,7.7,195541322.45660406,5,8696545.294549238,21.95424,8906768.007300826,2.284775178399065,2.3089584332233937,2.2968668058112294,0.1932360320039792,0.3495117860300859,10.905000000000001,1.0,2.0,601547.7084815778,674092.8057488628,572978.8848865334,0.15000000000000002
UGC05750,2,4.82,22.85,13.835,18.03,2.64,68.21666666666665,41.681157619043795,9.233333333333333,5588539864.334183,6,8696545.294549238,658.5349320000001,8486322.581797652,2.0383410299197946,2.1689205176947053,2.10363077380725,0.1932360320039792,0.12857820052758073,10.905000000000001,1.0,2.0,210850.67248396366,417818.6489604317,355145.85161636694,0.15
