r_kpc,v_obs_kmps,v_err_kmps,v_model_kmps,a_newton,sigma_profile,beta_local,d_eff_local,cinfo_cap,eta_profile,a_struct_raw,a_struct,struct_to_bar_ratio,a_total
3.5,181.0,7.5,164.3319182339445,11904.2784,-1584.635640519434,67.81039124785691,2.210296716460788,0.4901978109738587,0.35767658813733283,-19078.483259121327,-4188.570014157765,0.35185417153531673,7715.708385842234
5.24,203.0,6.5,173.54810589678704,9147.012385496184,-1259.776336824424,73.59168780444615,2.2352770022371113,0.5068513348247409,0.38100245556017326,-12624.222448091346,-3399.122106801069,0.37161009120211025,5747.890278695115
6.98,216.0,5.6,179.74670512315447,7520.256747851003,-659.3096198963516,80.07197525813054,2.264651028623737,0.5264340190824912,0.4107797115043164,-6774.467912310956,-2891.477664379621,0.384491881238748,4628.779083471381
8.72,223.0,6.1,191.44320502618842,6852.61490825688,-468.873111331872,87.15222294411637,2.2982937173829465,0.5488624782552977,0.44643796662314494,-4422.70397262528,-2649.5758313418323,0.3866517915882439,4203.039076915047
10.47,224.0,5.6,186.7856561029807,5883.889589302769,-560.9562269742376,94.23247063010221,2.3319364061421566,0.5712909374281043,0.48715874128377423,-4653.925086288861,-2551.618211478416,0.4336618103979035,3332.2713778243533
12.19,223.0,6.1,178.74879235237512,4906.096800656276,-541.5818901690781,101.31271831608805,2.365579094901366,0.5937193966009108,0.5230892469480791,-4170.962892740375,-2285.003218422271,0.4657476831921889,2621.093582234005
13.94,224.0,6.1,168.06233235022458,4004.6004304160692,-505.55176295045624,107.52155603055967,2.396247318365787,0.6141648789105245,0.5533869312284736,-3647.298627142607,-1978.4205484219988,0.49403694146245825,2026.1798819940705
15.68,215.0,9.7,152.73858828251946,3141.721147959184,-495.90763359591114,112.56727062887546,2.4226473357759657,0.6317648905173104,0.5772332269875653,-3338.0140087901955,-1653.8974011137127,0.5264303619651478,1487.823746845471
