r_kpc,v_obs_kmps,v_err_kmps,v_model_kmps,a_newton,sigma_profile,beta_local,d_eff_local,cinfo_cap,eta_profile,a_struct_raw,a_struct,struct_to_bar_ratio,a_total
0.56,16.9,3.93,9.039190523764825,108.14285714285714,28.317655317655277,58.95083005305038,2.176134857806317,0.4674232385375446,0.34921506302787114,2589.798356464319,37.76243808021394,0.3491903124986758,145.90529522307108
1.11,27.4,3.93,13.718830954753804,123.71756756756754,11.551291239913997,62.242174741786236,2.1881701007744274,0.4754467338496182,0.3711554252863649,631.4529983661147,45.83767816676679,0.3705025815491631,169.55524573433433
1.67,33.5,3.93,16.80930384451284,120.96479041916167,25.9697006423464,66.23842331952316,2.2032843523059085,0.4855229015372723,0.39906925505614227,913.4641798308868,48.2284405611702,0.39869816988936374,169.19323098033186
2.23,36.4,3.93,22.078488449198254,152.8036322869955,23.43767112472443,70.48367652444165,2.219512681137689,0.4963417874251259,0.4319290826983927,670.7396375476154,65.78814000061914,0.43054041985766395,218.59177228761465
2.79,39.8,3.93,14.793289131920684,147.21498207885304,-23.170748189719202,74.72892972936012,2.2357410099694697,0.5071606733129798,0.4695330364433206,-563.1095401232726,-68.77720310372665,0.46718888344453546,78.43777897512639
3.34,41.2,3.93,14.588561975927231,127.0841017964072,-18.26424811908683,78.9741829342786,2.25196933880125,0.5179795592008334,0.5027069509891646,-405.9030901658883,-63.36370044147611,0.4985965950562942,63.720401354931084
3.9,42.6,3.93,15.808365195840032,126.94166666666666,-6.925827596888226,82.38493425015452,2.265406304805361,0.5269375365369073,0.5303174774981662,-144.9560898631018,-62.86361277819321,0.49521653865838544,64.07805388847345
4.46,44.5,3.93,15.651067307518506,119.32717488789238,-13.597306747811214,85.63306539886655,2.2782948386876085,0.5355298924584057,0.5519545364958841,-252.08685324576732,-64.40432559092498,0.5397289062733003,54.9228492969674
