r_kpc,v_obs_kmps,v_err_kmps,v_model_kmps,a_newton,sigma_profile,beta_local,d_eff_local,cinfo_cap,eta_profile,a_struct_raw,a_struct,struct_to_bar_ratio,a_total
0.87,26.6,4.4,8.086343832874093,55.04183908045977,16.084555423437713,90.1114828841454,2.2960311531037867,0.5473541020691911,0.36552241643995187,1539.756457750968,20.117881130414794,0.3655016159799206,75.15972021087457
1.74,45.2,2.7,12.885573904387464,69.03540229885058,30.059497071387682,92.14512921176893,2.3065123940519583,0.5543415960346388,0.38230641658324205,1248.1243925504812,26.388744164040894,0.38224944427506086,95.42414646289149
2.61,57.0,3.9,19.832498521812546,107.34536398467434,48.35520973279592,94.52886189750946,2.3191034352322952,0.5627356234881968,0.40411095112169765,1055.2503767168214,43.35501824432826,0.40388347139535563,150.7003822290026
3.5,69.3,3.0,27.769896263640053,154.1405714285714,27.048257669410916,96.87661117930861,2.331289160462875,0.5708594403085833,0.4311237697348548,611.035099064323,66.19289671237993,0.429432018442034,220.33346814095134
4.37,77.3,3.4,31.326323047120752,154.95029748283756,10.453617806690975,99.66895852397205,2.34633693995588,0.5808912933039201,0.4637313988744027,230.36901879893742,69.61229191134296,0.4492556196547689,224.56258939418052
5.24,80.7,3.9,35.79090290660662,172.3298664122137,5.764375564823291,102.46130586863552,2.3613847194488855,0.590923146299257,0.4981644019769006,111.52369036487637,72.13363184544703,0.41857881832800303,244.46349825766072
6.11,84.0,3.0,27.436017216599417,164.98031096563008,-2.516020119656475,105.36742171372724,2.3769952310248064,0.6013301540165376,0.5283965357520529,-43.300704694746806,-41.78308662691656,0.253261049044944,123.19722433871353
6.98,85.0,3.0,24.694160510083,167.95199140401144,-8.844266862888652,108.52285125684726,2.3937642576820766,0.6125095051213844,0.5545630296313919,-134.14493855012802,-80.58787058771591,0.47982682380859887,87.36412081629553
7.85,85.7,3.4,22.83434681094759,149.59128662420383,-21.10425836759497,111.48500903474047,2.409716594478769,0.6231443963191792,0.5757089891155656,-263.0263490290239,-83.16996251176658,0.555981330120532,66.42132411243725
