r_kpc,v_obs,v_model
0.96,22.9,15.512275305236928
1.92,33.5,21.661105506933342
2.88,37.2,21.137819643727212
3.83,35.9,21.16026057850105
