r_kpc,v_obs,v_model
0.78,28.1,18.42826010319002
1.55,31.3,23.729314480676123
2.34,33.0,26.03748624685341
3.12,33.4,27.841167454534286
3.89,34.3,27.43358206102196
