galaxy,r_kpc,v_obs_kmps,v_err_kmps,sigma_profile,a_bar_kmps2_per_kpc,a_struct_kmps2_per_kpc,a_total_kmps2_per_kpc,v_bar_kmps,v_struct_kmps,v_model_kmps,beta_raw,beta_formula,beta_clipped,beta_mode
F565-V2,1.26,21.7,10.0,0.7932904516256133,128.92857142857144,117.29374064194707,246.2223120705185,12.745587471748802,12.15689570609427,17.61363429871454,,186.30012866788115,186.30012866788115,formula
F565-V2,2.51,40.3,10.0,0.9746521652806908,163.88960159362549,72.34176246941102,236.2313640630365,20.2820832263355,13.475081587813175,24.350374202426984,,186.30012866788115,186.30012866788115,formula
F565-V2,3.78,57.7,7.0,1.182443325205078,154.57275132275132,58.27760413444003,212.85035545719134,24.17198791990431,14.842147540978809,28.36501971845222,,186.30012866788115,186.30012866788115,formula
F565-V2,5.03,68.5,7.0,1.2952498879869683,133.82355864811134,47.97320492823675,181.7967635763481,25.94479716629136,15.534002085394183,30.23967130755609,,186.30012866788115,186.30012866788115,formula
F565-V2,6.29,73.5,7.0,1.224945652911346,139.71670906200316,36.281006796271136,175.9977158582743,29.644866334662396,15.106539403468467,33.27199472151535,,186.30012866788115,186.30012866788115,formula
F565-V2,7.54,78.5,5.0,1.208600557989268,136.88976127320953,29.862392501521693,166.75215377473123,32.127072695781045,15.005413671787712,35.458584848545115,,186.30012866788115,186.30012866788115,formula
F565-V2,8.8,83.1,6.0,1.2449653107705838,123.16982954545452,26.356499725410046,149.52632927086455,32.922553060174415,15.229484481872932,36.274394517119205,,186.30012866788115,186.30012866788115,formula
