galaxy,r_kpc,v_obs_kmps,v_err_kmps,sigma_profile,a_bar_kmps2_per_kpc,a_struct_kmps2_per_kpc,a_total_kmps2_per_kpc,v_bar_kmps,v_struct_kmps,v_model_kmps,beta_raw,beta_formula,beta_clipped,beta_mode
F571-V1,1.95,32.0,10.0,0.41653135480263537,322.5717435897436,54.7653489038723,377.3370924936159,25.080169457162764,10.334042305049413,27.125768751549714,,256.3850935379219,256.3850935379219,formula
F571-V1,3.88,57.6,10.0,0.6330165484247021,384.8543556701031,41.82886777807209,426.68322344817517,38.64239769993575,12.739545006746502,40.6882158244733,,256.3850935379219,256.3850935379219,formula
F571-V1,5.83,70.9,7.0,0.8750843765099774,263.67233276157805,38.483463074628574,302.1557958362066,39.20726590824716,14.978604398443954,41.971041084598845,,256.3850935379219,256.3850935379219,formula
F571-V1,7.78,77.0,6.0,0.9063814834800729,221.19778920308482,29.86924182815924,251.06703103124406,41.48395834536526,15.244103824858938,44.196170664697625,,256.3850935379219,256.3850935379219,formula
F571-V1,9.72,82.5,6.0,0.9320208836959712,194.6842489711934,24.583977514988497,219.2682264861819,43.500929875118764,15.458210163071538,46.165865760816054,,256.3850935379219,256.3850935379219,formula
F571-V1,11.66,84.3,6.0,0.9887483837879011,153.9367495711835,21.74102460230961,175.6777741734931,42.36628966525154,15.92169422087141,45.259284648157326,,256.3850935379219,256.3850935379219,formula
F571-V1,13.59,83.9,6.0,1.0741623038097468,113.01960264900663,20.26484199684853,133.28444464585516,39.191024482654186,16.595156002194482,42.559788565466015,,256.3850935379219,256.3850935379219,formula
