galaxy,r_kpc,v_obs_kmps,v_err_kmps,sigma_profile,a_bar_kmps2_per_kpc,a_struct_kmps2_per_kpc,a_total_kmps2_per_kpc,v_bar_kmps,v_struct_kmps,v_model_kmps,beta_raw,beta_formula,beta_clipped,beta_mode
UGC07866,0.33,12.2,4.07,0.3908976414259013,283.29242424242415,443.6293538455791,726.9217780880033,9.66884170932589,12.099491178105016,15.488195077833993,,374.5166796991082,374.5166796991082,formula
UGC07866,0.66,19.4,4.07,0.5499013979224155,282.73030303030305,312.04128138151685,594.77158441182,13.660234258606257,14.350862194021694,19.812855566823306,,374.5166796991082,374.5166796991082,formula
UGC07866,1.0,23.9,4.07,0.46072631786851803,324.5125,172.54969081811328,497.06219081811327,18.014230485924177,13.135817097467264,22.294891585699922,,374.5166796991082,374.5166796991082,formula
UGC07866,1.33,26.0,4.07,0.4597969488663772,289.15225563909775,129.47490723700466,418.6271628761024,19.61052013588625,13.122561740194488,23.596061676161476,,374.5166796991082,374.5166796991082,formula
UGC07866,1.67,28.2,4.07,0.5148323045953299,249.3452095808383,115.45705707717538,364.80226665801365,20.40604077228113,13.88572235495449,24.682378032087644,,374.5166796991082,374.5166796991082,formula
UGC07866,2.0,30.6,4.07,0.5668374590017143,225.97984999999997,106.14504153720071,332.1248915372007,21.259343828067692,14.57017786694457,25.77304372933863,,374.5166796991082,374.5166796991082,formula
UGC07866,2.32,33.1,4.07,0.6353571693860762,203.86125000000004,102.56545581961083,306.4267058196109,21.747599867571594,15.425688234289487,26.662894769726286,,374.5166796991082,374.5166796991082,formula
