galaxy,r_kpc,v_obs_kmps,v_err_kmps,sigma_profile,a_bar_kmps2_per_kpc,a_struct_kmps2_per_kpc,a_total_kmps2_per_kpc,v_bar_kmps,v_struct_kmps,v_model_kmps,beta_raw,beta_formula,beta_clipped,beta_mode
UGC04325,0.7,41.3,3.05,1.1009358456134108,639.9682857142857,1168.6360999302633,1808.604385644549,21.16548605631347,28.601490694563182,35.58121793799622,,743.0453583745311,743.0453583745311,formula
UGC04325,1.4,68.7,3.07,1.1999631318065864,774.0649285714285,636.8764537924642,1410.9413823638927,32.91946080967912,29.860124502577847,44.44454899433056,,743.0453583745311,743.0453583745311,formula
UGC04325,2.09,83.8,3.05,1.0893113352584116,896.443875598086,387.27642654953377,1283.7203021476198,43.284728253738635,28.45009194165329,51.79744618693595,,743.0453583745311,743.0453583745311,formula
UGC04325,2.79,88.7,3.05,0.9318354668746924,929.3171684587813,248.17061592473274,1177.487784383514,50.91949430228073,26.313418980246645,57.316585020655275,,743.0453583745311,743.0453583745311,formula
UGC04325,3.49,90.1,3.05,0.8227061999686015,885.3456733524355,175.1598920322688,1060.5055653847044,55.58647677268276,24.72464404582234,60.83719604972453,,743.0453583745311,743.0453583745311,formula
UGC04325,4.19,91.6,3.05,0.8337116651758055,751.2791646778044,147.8485878357001,899.1277525135044,56.10579025376971,24.889467311125472,61.378703823326084,,743.0453583745311,743.0453583745311,formula
UGC04325,4.89,92.7,3.05,0.8667771821982044,631.2331288343557,131.7085402816628,762.9416691160186,55.558347707612754,25.378234020067886,61.080150310696936,,743.0453583745311,743.0453583745311,formula
UGC04325,5.59,91.5,3.05,0.8882964698737235,522.9129516994633,118.07595148482143,640.9889031842847,54.06554725516056,25.691332561783394,59.859234615889896,,743.0453583745311,743.0453583745311,formula
