r_kpc,v_obs_kmps,v_err_kmps,v_model_kmps,v_baryon_kmps,a_newton,sigma_profile,sigma_smoothed,sigma_transferred,beta_local,d_eff_local,cinfo_cap,eta_profile,projection_profile,a_struct_internal,a_struct_observed,a_struct,a_total,struct_to_bar_ratio,sigma_flip_severity
0.21,4.68,3.65,7.750312227646487,6.901594018775662,226.8190476190476,544.3528689091914,174.1731285541615,0.7940430040239299,89.97175889129092,2.0957709240670055,0.4719400871043253,0.28723490252810063,0.345777031545372,340.19736051122555,117.63243345714233,59.215902980984076,286.03495060003166,0.26107112078977174,0.688619842579957
0.64,13.1,3.44,17.84318120065877,17.174693592608865,460.89078125,310.569044976481,165.96701516066622,0.7744246107019132,91.56605607732486,2.1080418957751466,0.4837202199441407,0.29544373230794185,0.3305074249677637,110.79844895498726,36.61971005453505,36.57658649928511,497.4673677492851,0.07936063810886108,0.688619842579957
1.06,22.5,2.45,23.234568564438955,22.809009184968993,490.8027358490565,15.943728885135112,145.82574916859488,0.7192717144052879,96.22017216551718,2.1474486721524886,0.521550725266389,0.3222652345421029,0.28311973951083924,65.29098886213538,18.485167759052874,18.485166392089635,509.2879022411461,0.03766312826218232,0.688619842579957
1.48,30.4,1.71,26.504481643573623,26.494142748917163,474.28351351351347,-41.03056696747639,4.934403539379808,0.030651871825330964,73.22967895630025,2.1878636903993645,0.5603491427833899,0.3505013830113041,0.24411506217569032,1.51663968458017,0.3702345908994075,0.3702345908994075,474.6537481044129,0.0007806187234906963,0.688619842579957
1.91,36.0,1.7,29.419538407904625,29.509661129874058,455.92675392670156,-100.70632996035668,-57.17940545591639,-0.34106949633764516,86.65769780394793,2.1496829945026974,0.5236956747225895,0.3238069928263135,0.17968623755720578,-15.474501227105957,-2.7805549035730333,-2.7805549035730333,453.14619902312853,0.006098687737809461,0.688619842579957
2.33,41.9,4.97,30.003085703216,30.093715290738032,388.6831330472103,-160.10385923688395,-60.36815123294341,-0.3584590181543017,87.00105005254846,2.146541752958649,0.5206800828403029,0.32164007275352136,0.17464548111920922,-13.384682824132952,-2.3375743714487154,-2.3375743714487154,386.34555867576154,0.006014087498632589,0.688619842579957
