galaxy,r_kpc,v_obs_kmps,v_err_kmps,sigma_profile,a_bar_kmps2_per_kpc,a_struct_kmps2_per_kpc,a_total_kmps2_per_kpc,v_bar_kmps,v_struct_kmps,v_model_kmps,beta_raw,beta_formula,beta_clipped,use_dimension_proxy,d_eff_proxy,d_eff_boost,beta_mode
UGC04499,0.91,26.0,4.1,0.0,1009.9419780219781,0.0,1009.9419780219781,30.315791264619833,0.0,30.315791264619833,,1505.4497124600643,2000.0,True,2.241427805400571,1.828008311524789,formula
UGC04499,1.82,45.1,3.02,0.3991997835532064,708.6620879120879,438.6810808276993,1147.3431687397872,35.91329837260844,28.255965159704115,45.69643932634591,,1505.4497124600643,2000.0,True,2.241427805400571,1.828008311524789,formula
UGC04499,2.73,57.0,2.97,0.5992725032357135,575.8611721611721,439.02747489795854,1014.8886470591307,39.64972887675274,34.62000875897386,52.63692626352176,,1505.4497124600643,2000.0,True,2.241427805400571,1.828008311524789,formula
UGC04499,3.63,62.0,2.85,0.5608568435765727,540.7801928374655,309.01203502841474,849.7922278658802,44.30611808768626,33.49199437407611,55.54048781882587,,1505.4497124600643,2000.0,True,2.241427805400571,1.828008311524789,formula
UGC04499,4.55,66.9,2.75,0.644131810756718,446.4303516483517,283.13486187108487,729.5652135194366,45.06948080464207,35.892389465086275,57.61529069191126,,1505.4497124600643,2000.0,True,2.241427805400571,1.828008311524789,formula
UGC04499,5.45,70.6,2.86,0.7088225418162722,377.71561467889904,260.11836396927424,637.8339786481733,45.371247503237115,37.651627901493775,58.959267156508524,,1505.4497124600643,2000.0,True,2.241427805400571,1.828008311524789,formula
UGC04499,6.37,72.8,2.66,0.7709099154106546,313.2623233908948,242.04392948529184,555.3062528761866,44.670807022036215,39.266013686409636,59.475211902281686,,1505.4497124600643,2000.0,True,2.241427805400571,1.828008311524789,formula
UGC04499,7.28,73.3,2.66,0.7449638109502575,288.89688186813186,204.66038762369712,493.55726949182895,45.86032381045734,38.59958059228772,59.942446746028935,,1505.4497124600643,2000.0,True,2.241427805400571,1.828008311524789,formula
UGC04499,8.18,74.3,2.67,0.7518075217498458,261.4874327628362,183.81601998773738,445.30345275057357,46.248969718254266,38.77647538778753,60.35380885660566,,1505.4497124600643,2000.0,True,2.241427805400571,1.828008311524789,formula
