r_kpc,v_obs_kmps,v_err_kmps,v_model_kmps,a_newton,sigma_profile,sigma_smoothed,sigma_transferred,beta_local,d_eff_local,cinfo_cap,eta_profile,a_struct_raw,a_struct,struct_to_bar_ratio,a_total
2.61,179.0,14.7,195.8710657867521,20336.892911877396,-4912.188282459985,-3796.609830543443,-1544.171292434568,56.6989073093447,2.1686024111740556,0.46240160744937037,0.35467025857660817,-27957.070217179928,-5637.477428184611,0.27720446051481856,14699.415483692785
5.24,195.0,6.8,138.49247764781356,7417.837729007633,-3219.336435995467,-2896.958320749942,-1469.6126399672298,59.83347976050527,2.179803437236634,0.4698689581577561,0.37972239396128327,-20101.80126449594,-3757.500636444629,0.5065493171616349,3660.3370925630043
7.85,181.0,9.8,118.42361777615922,3467.569987261147,-1027.1478693417907,-1953.9751017475328,-1242.56248593628,63.04535575703125,2.1912977170614925,0.4775318113743283,0.4110777668442719,-10702.57760810075,-1681.053650039,0.4847929980403299,1786.516337222147
10.65,162.0,20.4,99.55679172442332,1860.9677558685448,-413.93073349248033,-992.9572041957102,-859.5376347559925,66.25723175355724,2.202791996886351,0.48519466459090077,0.44768001342150354,-5919.913883237901,-930.3053353558496,0.4999040592842838,930.6624205126952
13.47,145.0,9.6,86.10845617435018,1141.2792650334075,-197.27218744793998,-365.2184631367485,-471.74344018332647,69.46910775008323,2.2142862767112095,0.492857517807473,0.48428225999873514,-2917.5065569055187,-590.821490368969,0.5176835402785264,550.4577746644385
16.03,147.0,17.9,78.58774595590845,799.6433873986275,-107.09879470087266,-175.917435408522,-214.40272233291523,72.6809837466092,2.225780556536068,0.5005203710240455,0.5147420836862316,-1312.1625207451902,-414.36367346036155,0.5181855812105884,385.27971393826596
18.58,150.0,21.0,69.80703824419525,594.0044241119484,-80.64273070065856,-109.25983485015769,-131.12593489293891,75.30292324933484,2.2353485022883035,0.5068990015255357,0.5388986698754149,-678.3320061785587,-331.7319489544383,0.5584671350729179,262.27247515751014
