r_kpc,v_obs_kmps,v_err_kmps,v_model_kmps,a_newton,sigma_profile,sigma_smoothed,sigma_transferred,beta_local,d_eff_local,cinfo_cap,eta_profile,a_struct_raw,a_struct,struct_to_bar_ratio,a_total
0.1,13.9,3.84,10.114237345561934,659.0439999999999,2663.2133333333354,1622.127246401413,947.8550479851173,94.80045272154375,2.31921864553676,0.5628124303578399,0.41816233864257424,667642.2995574558,363.93397082359735,0.5522149823435119,1022.9779708235972
0.3,29.9,3.92,22.156574298738228,1191.686666666667,974.7362984218081,872.4519368184244,638.9462159700693,96.62087680986299,2.328519426499779,0.5690129509998527,0.4536658620557219,374388.2064509783,444.6926155183579,0.37316236554213733,1636.3792821850247
0.51,46.7,4.1,25.393102312160075,1058.6858823529412,-853.7400664147493,122.77662723543574,97.44268455267732,98.44130089818223,2.3378202074627983,0.5752134716418655,0.48916938546886946,58726.690559631475,205.6467549722143,0.1942471873858959,1264.3326373251555
0.71,60.4,9.4,22.608280444646613,841.6532394366197,-1085.1632145816077,-626.898682347553,-342.83976705098473,100.26172498650148,2.347120988425817,0.581413992283878,0.5246729088820171,-26006.24825527442,-121.7457117411401,0.14465067801869738,719.9075276954796
