r_kpc,v_obs_kmps,v_err_kmps,v_model_kmps,a_newton,sigma_profile,sigma_smoothed,sigma_transferred,beta_local,d_eff_local,cinfo_cap,eta_profile,a_struct_raw,a_struct,struct_to_bar_ratio,a_total
0.5,16.9,3.64,48.35934147562605,3395.465,1625.6219999999994,880.0051941111434,575.1331495180101,45.703850840135914,2.134146411565279,0.4394309410435194,0.3413575306033257,38790.47591690958,1281.7868159124125,0.3774996402296629,4677.251815912413
1.0,23.9,3.64,67.65332808299571,4208.276,706.0050816339907,214.064721993052,219.619184215156,51.12590266510509,2.1530065530971485,0.4520043687314323,0.36396289560986655,17866.185538592734,368.696800705457,0.08761231456906748,4576.972800705456
1.51,28.2,3.64,74.36545463710519,4108.530132450331,-1182.8451110782719,-316.53942767510443,-268.0750235793621,57.46122924157135,2.175963233314811,0.4673088222098739,0.39286231222075285,-6383.67790323183,-446.13222292493293,0.10858682023560073,3662.3979095253976
2.01,33.0,3.64,58.23209730542398,3013.6024378109455,-1704.0803605904578,-802.6013940531708,-629.0873782707248,64.4707925264042,2.2022376024321044,0.4848250682880696,0.4274111203603096,-17645.60245132893,-1326.5491260754395,0.4401871691605855,1687.053311735506
2.52,39.1,3.64,56.295143230592934,2387.4089682539684,-1027.3987483407823,-1082.3561582121495,-795.2536297396507,71.48035581123705,2.228511971549398,0.5023413143662653,0.46677320387651805,-21020.26788489367,-1129.812479621836,0.47323793059557967,1257.5964886321324
3.02,43.8,3.64,54.81180818998573,1975.9297019867552,-804.6878318903321,-965.9784540080217,-782.0406786332998,78.48991909606988,2.2547863406666915,0.519857560444461,0.5016173214793713,-19846.84247410561,-981.1170142199383,0.49653437226711356,994.8126877668169
3.52,53.1,3.64,50.94098997062067,1582.7211363636363,-692.7687391609027,-745.3536999014567,-692.9900168633128,84.61183342073777,2.2783695915904554,0.5355797277269703,0.5309621431977299,-16960.270740260763,-845.5096422764557,0.5342126435608532,737.2114940871807
4.03,61.0,3.64,46.01180507033975,1276.2332754342433,-600.9565900576331,-660.0652682448268,-624.8591909766766,89.63339792346544,2.2984624954716395,0.548974996981093,0.5540129133117431,-14817.791183299296,-750.901710711925,0.588373399413542,525.3315647223183
