r_kpc,v_obs_kmps,v_err_kmps,v_model_kmps,a_newton,sigma_profile,sigma_smoothed,sigma_transferred,beta_local,d_eff_local,cinfo_cap,eta_profile,a_struct_raw,a_struct,struct_to_bar_ratio,a_total
0.87,23.4,5.55,22.315562494235806,876.7247126436782,-6.406196327123785,-68.591865855057,-70.57804796202436,42.80126621617888,2.125831330490536,0.43388755366035736,0.34144878555277275,-3077.613388936579,-304.32893168489227,0.3471202845043776,572.395780958786
1.74,28.0,5.2,31.773492687212652,871.1513218390805,-125.38041132690358,-95.44099435032926,-81.00314809287379,49.15639335794974,2.1479864001234605,0.448657600082307,0.36472768267605704,-2595.009319839379,-290.94739221588753,0.33398031423710733,580.2039296231931
2.61,36.7,4.25,32.01690953271247,658.562796934866,-198.36032896701005,-113.76775781745317,-93.78098875234986,56.34083910593304,2.1739971938138765,0.46599812920925093,0.3943029146135284,-2033.883764060799,-265.8108827486995,0.403622682583737,392.7519141861665
3.5,47.6,4.25,32.277799888882704,522.0371428571428,-140.65183880348508,-126.8011878432765,-97.82347469941814,64.00248331600142,2.2023765636375647,0.48491770909170984,0.4294557664642668,-1774.457772378824,-224.36389552378387,0.42978531047776763,297.673247333359
4.37,63.3,4.75,30.587524932409437,411.01556064073225,-98.04001366274332,-115.03592933058995,-92.08581866638568,71.66412752606979,2.230755933461253,0.5038372889741687,0.469242537224794,-1502.5779758985377,-196.9202101851787,0.47910645980945277,214.09535045555356
5.24,71.2,5.25,30.570320180360365,351.44751908396944,-71.57334645624042,-87.0499751168072,-79.84715152737628,79.32577173613818,2.2591353032849413,0.5227568688566275,0.504113915673682,-1222.9110077242417,-173.0993366546282,0.4925325326119901,178.34818242934125
6.11,68.1,6.0,28.61207019760267,286.4779378068739,-66.55411876347088,-70.60571893572946,-67.5613093219106,85.90014309598465,2.284275220860149,0.5395168139067659,0.5332144589392991,-986.0802741738413,-152.49257594230062,0.532301290318216,133.9853618645733
6.98,74.4,6.0,26.21632306660358,235.6433524355301,-58.43055789809634,-62.683827782800066,-61.254612564780885,91.11873309558109,2.3051616099031147,0.5534410732687431,0.5560186673907291,-849.7026197304218,-137.17693479476637,0.582137935897414,98.46641764076372
