r_kpc,v_obs_kmps,v_err_kmps,v_model_kmps,a_newton,sigma_profile,sigma_smoothed,sigma_transferred,beta_local,d_eff_local,cinfo_cap,eta_profile,a_struct_raw,a_struct,struct_to_bar_ratio,a_total
0.21,16.4,3.3,19.343716206024098,1207.4638095238097,2221.301684088271,986.2370593083817,618.2292645424901,83.83289159203989,2.2713787553100824,0.5309191702067215,0.40918293313653,177388.48465856354,574.3426507580918,0.47566034379498023,1781.8064602819015
0.41,26.2,3.3,27.647460291921572,1651.724146341464,54.46317110636522,231.16215915477142,182.72290554708948,86.5356391589599,2.283583786535617,0.5390558576904114,0.4449329029290967,75714.31368106119,212.6223429106828,0.12872751384160427,1864.3464892521467
0.62,35.2,3.3,26.34594303290592,1229.7937096774194,-1787.1829268292695,-523.9127409988389,-404.51330502932245,89.2383867258799,2.295788817761152,0.5471925451741013,0.48068287272166355,-36333.19057248741,-110.26352533367094,0.08966017996838964,1119.5301843437485
0.82,44.0,3.3,18.236192427452025,918.9791463414634,-1554.0728166797803,-1278.9876411524492,-796.8257985689575,91.94113429279992,2.307993848986687,0.5553292326577912,0.5164328425142303,-78969.43227785137,-513.4197387182212,0.5586848632661472,405.55940762324224
