r_kpc,v_obs_kmps,v_err_kmps,v_model_kmps,a_newton,sigma_profile,sigma_smoothed,sigma_transferred,beta_local,d_eff_local,cinfo_cap,eta_profile,a_struct_raw,a_struct,struct_to_bar_ratio,a_total
0.68,20.5,2.47,22.844521754705124,539.1695588235294,248.3865486213527,141.8105004310289,89.69738621362572,71.07073183026463,2.219850237266359,0.4965668248442394,0.3715004042305149,7237.246449230298,228.2895208841112,0.42340951403532506,767.4590797076406
1.37,34.6,2.45,36.20477805545763,710.5562773722628,76.72971494098795,67.55174205516083,54.48876089085254,74.47685476191276,2.2337731335310327,0.5058487556873551,0.40084710906503207,4101.230191829524,246.22179127368327,0.3465197608052189,956.7780686459461
2.05,46.0,2.45,38.88153651601869,644.2892682926829,-112.83685864990153,-2.101375295159759,-0.8753570537939765,77.88297769356087,2.2476960297957063,0.5151306865304708,0.43753049010817874,486.200059285511,93.16140577877806,0.1445956193336087,737.450674071461
2.74,51.8,2.46,36.03243781428511,555.9697810218977,-122.9072432579877,-68.2340027718317,-49.55912026600208,81.28910062520899,2.26161892606038,0.5244126173735866,0.47421387115132546,-1125.6040222146285,-82.12431575170662,0.14771363220633754,473.8454652701911
3.42,56.8,2.44,28.290495738122264,475.90634502923973,-99.87903813025022,-100.03526351243069,-75.64230368127109,84.6952235568571,2.2755418223250534,0.5336945482167023,0.5108972521944721,-1697.3593308516429,-241.88524879862163,0.5082622901019741,234.0210962306181
4.11,61.4,2.44,27.832730881105533,419.13549878345486,-82.27658876200701,-93.92320953485178,-81.56999447466676,88.10134648850521,2.2894647185897274,0.5429764790598183,0.5402439570289895,-1790.1007643454186,-230.65352596105936,0.5503077802537213,188.4819728223955
