r_kpc,v_obs_kmps,v_err_kmps,v_model_kmps,a_newton,sigma_profile,sigma_smoothed,sigma_transferred,beta_local,d_eff_local,cinfo_cap,eta_profile,a_struct_raw,a_struct,struct_to_bar_ratio,a_total
1.02,56.1,3.4,26.00871936724755,608.4106862745098,59.037966166859036,20.893992460815106,10.090655251456022,44.87252427855889,2.1335231806092883,0.4390154537395255,0.34274040296951735,211.15496120539456,54.779003062978305,0.09003622766458523,663.1896893374881
2.04,71.1,3.0,34.81390542665426,668.629411764706,-2.931307944319533,-10.961554614017942,-9.906813089888841,52.378532202520816,2.161202766441529,0.4574685109610194,0.3664133320176779,-175.219726397082,-74.50783771763408,0.11143368270472337,594.1215740470719
3.05,80.7,1.5,34.94429536257786,602.4601311475411,-69.71262825218207,-41.6519526977165,-35.77578513840257,60.973868598653006,2.194914244904575,0.4799428299363834,0.39666447798910975,-630.7458901197045,-202.09823659439982,0.33545495568221495,400.36189455314127
4.07,82.8,1.5,35.78352078344566,527.1127764127764,-100.23976920730618,-64.77905675263574,-53.41131147515032,70.30797059762827,2.233315226442868,0.5055434842952454,0.4329570096935428,-865.4977646010625,-212.5033514350645,0.40314589390384153,314.6094249777119
5.09,83.7,1.5,32.318425462742766,397.9710019646365,-94.41402425163375,-75.53515580921392,-61.2663399722006,79.64207259660354,2.2717162079811613,0.5311441386541075,0.474537010513312,-926.3989893856117,-192.76852173067581,0.4843783109298127,205.2024802339607
6.11,86.0,1.5,31.811959798072657,334.5081669394435,-56.59755410773714,-74.09337970266786,-61.65973769043278,88.9761745955788,2.3101171895194548,0.5567447930129699,0.5113754054507103,-884.0402702624231,-168.8779236998051,0.5048544113136028,165.63024323963842
7.13,88.3,2.3,30.985732715997838,282.51199158485275,-56.71180322721042,-66.54617540509699,-58.323802614491484,97.25940911168041,2.3453843667355145,0.580256244490343,0.5424389110688613,-800.224776534636,-147.85341767920636,0.5233527145158312,134.6585739056464
8.14,90.0,3.0,26.577986697885542,219.38320638820636,-62.50374771945183,-60.16412009866061,-55.27513563177638,104.14079257668249,2.376250482318299,0.6008336548788659,0.5669241997637411,-736.6451589482651,-132.60318465442495,0.6044363506100777,86.78002173378141
