galaxy,segment_index,r_left_kpc,r_right_kpc,r_mid_kpc,dr_kpc,h_i_kpc,v_obs_segment_kms,v_vis_segment_kms,v_err_segment_kms,mass_bar_segment_msun,n_points,density_ref_gal_msun_per_kpc3,segment_wedge_volume_eff_kpc3,segment_density_eff_msun_per_kpc3,alpha_geom_i,alpha_dens_i,Dw_i,state_term_i,Dw_smooth_i,dDw_dr_i,propagation_source_i,causal_horizon_kpc,ell_info_kpc,c_info_gal,tau_struct_gal,propagation_term_i,history_term_i,delta_struct_i,DeltaD_i
UGC06667,1,0.87,3.5,2.185,2.63,7.93,49.525000000000006,14.461322096856858,3.5,106244653.66260938,4,5283780.848382281,45.5701415,2331453.231555346,2.6416196343184257,2.160575613510352,2.4010976239143886,0.3980171019020729,2.3504146211299335,0.0,0.0,3.0549999999999997,3.0549999999999997,1.0,2.0,0.0,0.0,0.23881026114124373,0.23881026114124373
UGC06667,2,4.37,7.85,6.109999999999999,3.4799999999999995,7.93,82.53999999999999,31.2656471036617,3.34,1388723225.6972206,5,5283780.848382281,168.614004,8236108.465209216,2.3091584530189575,2.290304783671999,2.2997316183454783,0.5724345548100706,2.3504146211299335,0.0,0.0,3.0549999999999997,3.0549999999999997,1.0,2.0,0.0,0.0,0.34346073288604234,0.34346073288604234
