galaxy,r_kpc,v_obs_kmps,v_err_kmps,v_gas_kmps,v_disk_kmps,v_bul_kmps,a_obs_kmps2_per_kpc,v_model_kmps,residual_kmps,abs_residual_kmps,frac_residual
F561-1,1.61,23.4,10.0,5.21,28.61,0.0,340.09937888198755,29.080512375128468,-5.680512375128469,5.680512375128469,-0.24275693910805424
F561-1,3.23,40.6,5.0,10.57,37.58,0.0,510.3281733746131,39.22784572543159,1.372154274568409,1.372154274568409,0.03379690331449283
F561-1,4.84,45.5,5.0,15.71,39.1,0.0,427.7376033057851,42.843881587619194,2.656118412380806,2.656118412380806,0.0583762288435342
F561-1,6.45,49.2,5.0,20.94,44.01,0.0,375.293023255814,49.697420580930824,-0.49742058093082164,0.49742058093082164,-0.010110174409163042
F561-1,8.06,50.4,5.0,25.97,48.52,0.0,315.15632754342425,55.92134194973076,-5.521341949730761,5.521341949730761,-0.10955043551053098
F561-1,9.66,50.4,5.0,29.26,49.44,0.0,262.95652173913044,58.301169674876306,-7.901169674876307,7.901169674876307,-0.15676923958087913
