galaxy,r_kpc,v_obs_kmps,v_err_kmps,v_gas_kmps,v_disk_kmps,v_bul_kmps,a_obs_kmps2_per_kpc,v_model_kmps,residual_kmps,abs_residual_kmps,frac_residual
UGC04325,0.7,41.3,3.05,2.87,20.97,0.0,2436.7,21.16548605631347,20.134513943686528,20.134513943686528,0.487518497425824
UGC04325,1.4,68.7,3.07,6.75,32.22,0.0,3371.2071428571435,37.25370175770875,31.446298242291256,31.446298242291256,0.45773359886886833
UGC04325,2.09,83.8,3.05,14.14,40.91,0.0,3360.0191387559807,51.835370859939616,31.96462914006038,31.96462914006038,0.3814394885448733
UGC04325,2.79,88.7,3.05,20.18,46.75,0.0,2819.960573476703,63.116523512978084,25.58347648702192,25.58347648702192,0.28842701789201713
UGC04325,3.49,90.1,3.05,24.08,50.1,0.0,2326.0773638968476,70.83142448956538,19.268575510434616,19.268575510434616,0.21385766382280375
UGC04325,4.19,91.6,3.05,26.71,49.34,0.0,2002.520286396181,74.67889672158779,16.921103278412204,16.921103278412204,0.1847282017293909
UGC04325,4.89,92.7,3.05,28.08,47.94,0.0,1757.3190184049083,77.52557938044055,15.174420619559456,15.174420619559456,0.16369385781617535
UGC04325,5.59,91.5,3.05,29.25,45.47,0.0,1497.7191413237924,79.51175918759718,11.988240812402822,11.988240812402822,0.131019025272162
