galaxy,r_kpc,v_obs_kmps,v_err_kmps,sigma_profile,a_bar_kmps2_per_kpc,a_struct_kmps2_per_kpc,a_total_kmps2_per_kpc,v_bar_kmps,v_struct_kmps,v_model_kmps,beta_raw,beta_formula,beta_clipped,use_dimension_proxy,d_eff_proxy,d_eff_response,beta_mode
UGC06399,0.87,24.8,6.5,0.33830169572659685,485.8862068965518,777.705047647349,1263.591254543901,20.560179960301905,26.011601093611937,33.15606115709756,,1584.254422393461,2000.0,True,2.523113363603824,1.3946406911980773,formula
UGC06399,1.74,46.2,5.6,0.5647902708312875,630.157816091954,649.1842193463075,1279.3420354382615,33.1130578473206,33.6092329823603,47.18108881387303,,1584.254422393461,2000.0,True,2.523113363603824,1.3946406911980773,formula
UGC06399,2.61,60.5,5.8,0.7465782470225628,559.1578927203066,572.0906107452589,1131.2485034655656,38.202121668828816,38.64138317976112,54.337451118405674,,1584.254422393461,2000.0,True,2.523113363603824,1.3946406911980773,formula
UGC06399,3.5,69.6,3.9,0.7218502981655512,571.6930571428571,412.48588466602934,984.1789418088865,44.73170799332393,37.99606027381132,58.690938792381765,,1584.254422393461,2000.0,True,2.523113363603824,1.3946406911980773,formula
UGC06399,4.37,77.5,3.7,0.7945721135597745,511.3289702517162,363.6485645582492,874.9775348099654,47.27057858753159,39.864071883333104,61.835684091950895,,1584.254422393461,2000.0,True,2.523113363603824,1.3946406911980773,formula
UGC06399,5.24,82.9,4.5,0.8425202449979874,454.924141221374,321.5726125946516,776.4967538160256,48.824199942241755,41.049244694585724,63.78748301975846,,1584.254422393461,2000.0,True,2.523113363603824,1.3946406911980773,formula
UGC06399,6.11,84.1,4.9,0.843869541095208,400.7293780687397,276.22570903280126,676.955087101541,49.48188052206585,41.08210172557407,64.31326132447658,,1584.254422393461,2000.0,True,2.523113363603824,1.3946406911980773,formula
UGC06399,6.98,85.6,4.9,0.868021057250285,350.7052292263611,248.7166353152679,599.421864541629,49.47648431325735,41.66583869911381,64.68357298805138,,1584.254422393461,2000.0,True,2.523113363603824,1.3946406911980773,formula
UGC06399,7.85,87.6,4.9,0.9355735139655499,295.3788535031847,238.36267871733756,533.7415322205222,48.1531307393403,43.25675702050605,64.7292130952563,,1584.254422393461,2000.0,True,2.523113363603824,1.3946406911980773,formula
