galaxy,segment_index,r_left_kpc,r_right_kpc,r_mid_kpc,dr_kpc,h_i_kpc,volume_kpc3,m_enc_inner_msun,m_enc_outer_msun,m_shell_msun,rho_eff_msun_per_kpc3,v_bar_segment_kms,v_obs_segment_kms,v_err_segment_kms,n_points,d_i,d_gal_mean,sigma_i,sigma_norm,beta_i,psi_i,g_bar_km2s2_per_kpc,g_topo_km2s2_per_kpc,g_eff_km2s2_per_kpc,v_eff_segment_kms,v_topo_segment_kms
IC4202,1,0.77,5.5,3.135,4.73,0.35,32.60968462037224,3282876490.7891593,54555844925.84128,51272968435.05212,1572323346.022806,185.46424308097198,141.28571428571428,3.8814285714285712,7,3.3380158773274773,3.2526375843660422,0.08537829296143506,0.3995733683250907,0.85,0.4658080245285159,10971.925187112556,370.8994562492577,11342.824643361813,188.57294412756906,34.09941048378135
IC4202,2,6.27,10.24,8.254999999999999,3.9700000000000006,0.35,72.07016180061143,62616475758.61854,140571648697.6012,77955172938.98267,1081656693.8569202,226.0905499053524,236.0,4.985,6,3.2963403029593303,3.2526375843660422,0.043702718593288115,0.2045302367566824,0.85,0.8081420452949126,6192.239461720733,185.8929094133934,6378.1323711341265,229.45910904497168,39.17328129232432
IC4202,3,11.02,14.59,12.805,3.5700000000000003,0.35,100.53000672911404,153705474459.59113,191354646314.1521,37649171854.560974,374506807.2661092,242.07131385357616,243.16666666666666,6.103333333333333,6,3.186852693377614,3.2526375843660422,-0.06578489098842821,-0.307875568430706,0.85,0.9227725256576542,4576.221865739678,-236.12763234278353,4340.094233396894,235.74330671017412,0.0
IC4202,4,14.98,18.65,16.814999999999998,3.669999999999998,0.35,135.7096869277186,194295136934.74173,212385271253.0604,18090134318.318665,133300243.54085934,229.03959164474358,245.83333333333334,9.143333333333334,6,3.10165872443213,3.2526375843660422,-0.15097885993391236,-0.7065862939766774,0.85,0.9653687906796219,3119.782012535885,-386.5027350814895,2733.2792774543955,214.38304748835822,0.0
IC4202,5,19.62,25.9,22.759999999999998,6.279999999999998,0.35,314.3256441059133,215103318543.75003,227161320071.7987,12058001528.048676,38361494.69238241,205.63923030792338,241.71428571428572,12.457142857142857,7,3.038963952113425,3.2526375843660422,-0.21367363225261737,-1.0,0.85,0.9894539089045888,1857.9742109681529,-333.89130422463876,1524.082906743514,186.24748845952897,0.0
