galaxy,segment_index,r_left_kpc,r_right_kpc,r_mid_kpc,dr_kpc,h_i_kpc,volume_kpc3,m_enc_inner_msun,m_enc_outer_msun,m_shell_msun,rho_eff_msun_per_kpc3,v_bar_segment_kms,v_obs_segment_kms,v_err_segment_kms,n_points,d_i,d_gal_mean,sigma_i,sigma_norm,beta_i,psi_i,g_bar_km2s2_per_kpc,g_topo_km2s2_per_kpc,g_eff_km2s2_per_kpc,v_eff_segment_kms,v_topo_segment_kms
UGC01281,1,0.08,0.69,0.38499999999999995,0.61,0.35,0.5164621242868939,678414.5680797785,18688514.058652706,18010099.49057293,34872062.52625091,7.517865646476006,7.756,4.0,5,3.035898774974673,3.035635662183777,0.00026311279089608064,0.015018483423922724,0.85,0.07411014639350466,146.80078929471193,0.0024331391614833627,146.80322243387343,7.5179279483805415,0.030606512005918962
UGC01281,2,0.84,1.46,1.15,0.62,0.35,1.5679688934066653,32286244.538946413,110124696.86647712,77838452.32753071,49642854.94109141,15.803338043385162,23.259999999999998,5.2059999999999995,5,3.04836975624473,3.035635662183777,0.012734094060953272,0.7268623464551922,0.85,0.20546639749666595,217.16999418565635,0.4829782852761317,217.65297247093247,15.82090131255398,0.7452684268553681
UGC01281,3,1.61,2.22,1.915,0.6100000000000001,0.35,2.568896020803642,143044249.93780386,286210494.98827,143166245.05046612,55730650.011158735,21.642519103318925,37.14,4.880000000000001,5,3.053154927176737,3.035635662183777,0.017519264992960082,1.0,0.85,0.31818710071400946,244.59458649479092,1.15894871315001,245.75353520794093,21.693732272783464,1.4897606471115479
UGC01281,4,2.38,3.07,2.7249999999999996,0.69,0.35,4.134885710838545,325617153.5791263,476918312.4036541,151301158.8245278,36591376.256889164,25.118562460484434,48.379999999999995,6.388,5,3.037418835336072,3.035635662183777,0.0017831731522952587,0.1017835595849373,0.85,0.4201582166601536,231.53841470871848,0.14745121617605972,231.68586592489453,25.126559347537768,0.6338805597901226
UGC01281,5,3.46,4.99,4.225,1.5300000000000002,0.35,14.215628217677475,568452970.1853794,871260513.4727304,302807543.287351,21301031.41771832,26.65534840303284,55.620000000000005,4.0,5,3.023172615954869,3.035635662183777,-0.012463046228907704,-0.7113909307220273,0.85,0.5704426417892609,168.16747893184981,-1.0162419716794588,167.15123696017037,26.57468675557098,0.0
