galaxy,segment_index,r_left_kpc,r_right_kpc,r_mid_kpc,dr_kpc,h_i_kpc,mass_bar_segment_msun,v_vis_segment_kms,v_obs_segment_kms,v_err_segment_kms,n_points,r_max_gal_kpc,r_min_gal_kpc,r_scale,sigma_scale,r_ref_kpc,density_ref_gal_msun_per_kpc3,segment_wedge_volume_eff_kpc3,segment_density_eff_msun_per_kpc3,alpha_geom_i,alpha_density_i,weight_geom_i,weight_density_i,Dw_i,sigma_left_i,sigma_right_i,sigma_i,alpha_star_gal,alpha_relax_i,neighbor_gradient_i,mass_ref_gal_msun,mass_norm_i,kappa_dyn_gal,beta_i,source_core_i,info_source_i,c_info_gal,tau_struct_gal,ell_info_kpc,I_struct_i,gamma_topo,mean_dw_pert,mean_sigma,mean_beta,dw_internal,dw_external,observer_gap,observer_factor,factor_dw,factor_sigma,factor_rscale,factor_beta,gamma_raw,g_topo_km2s2_per_kpc,v_struct_kms,v_topo_total_segment_kms
DDO168,1,0.41,2.06,1.235,1.6500000000000001,0.35,149296598.71170092,22.801932483717632,29.560000000000002,1.8199999999999998,5,4.12,0.41,2.3074512826452187,0.43337859720861316,0.41,266779782.15393928,0.7132124999999999,209329756.1550042,2.1578330418109193,2.416906618983465,0.19690600903263947,0.4396672179652319,2.336769500481895,,0.03266377699279133,0.03266377699279133,2.310469858724211,0.026299641757683734,0.01979622848047959,383130671.0139998,0.6242398603227362,0.43337859720861316,0.9758402699456329,0.02039003158759306,0.019897413928636795,1.0,2.0,2.0,0.05710317933181856,331109.07101626246,0.32043761198549925,0.03266377699279133,0.9849698294340112,2.310469858724211,2.3204376119854992,0.00996775326128807,1.0282291533605405,10.681253732883308,3.2663776993791327,0.9229805130584875,1.0,331109.07101626246,12396.453415485243,123.73204907429714,125.81553200267561
DDO168,2,2.47,4.12,3.295,1.65,0.35,616964743.3162987,28.378055993417775,53.36,2.06,5,4.12,0.41,2.3074512826452187,0.43337859720861316,0.41,266779782.15393928,1.9028624999999995,324229808.15287435,2.0635330888641175,2.3613389548146833,0.130515007629706,0.5486032942114448,2.3041057234891036,0.03266377699279133,,0.03266377699279133,2.310469858724211,0.006364135235107593,0.019796228480479593,383130671.0139998,1.2689856566503228,0.43337859720861316,0.9940993889223897,0.04144986449587701,0.04120528496626719,1.0,2.0,2.0,0.07970952038959145,331109.07101626246,0.32043761198549925,0.03266377699279133,0.9849698294340112,2.310469858724211,2.3204376119854992,0.00996775326128807,1.0282291533605405,10.681253732883308,3.2663776993791327,0.9229805130584875,1.0,331109.07101626246,2430.918713676118,89.49791707946508,93.88924977615042
