galaxy,segment_index,r_left_kpc,r_right_kpc,r_mid_kpc,dr_kpc,h_i_kpc,mass_bar_segment_msun,v_vis_segment_kms,v_obs_segment_kms,v_err_segment_kms,n_points,r_max_gal_kpc,r_min_gal_kpc,r_scale,sigma_scale,r_ref_kpc,density_ref_gal_msun_per_kpc3,segment_wedge_volume_eff_kpc3,segment_density_eff_msun_per_kpc3,alpha_geom_i,alpha_density_i,weight_geom_i,weight_density_i,Dw_i,sigma_left_i,sigma_right_i,sigma_i,alpha_star_gal,alpha_relax_i,neighbor_gradient_i,mass_ref_gal_msun,mass_norm_i,kappa_dyn_gal,beta_i,source_core_i,info_source_i,c_info_gal,tau_struct_gal,ell_info_kpc,I_struct_i,gamma_topo,mean_dw_pert,mean_sigma,mean_beta,dw_internal,dw_external,observer_gap,observer_factor,factor_dw,factor_sigma,factor_rscale,factor_beta,gamma_raw,g_topo_km2s2_per_kpc,v_struct_kms,v_topo_total_segment_kms
UGC08837,1,0.52,2.09,1.305,1.5699999999999998,0.35,111591795.45525987,19.17745861076016,17.752499999999998,2.07,4,4.2,0.52,2.089010992695987,0.47869542261692144,0.52,306666282.1503744,0.7170974999999997,155615931.5229239,2.1742318950592114,2.3268923291678485,0.1964768387881545,0.3366253922823429,2.270628750151377,,0.11199613849715728,0.11199613849715728,2.369747364101038,0.09911861394966115,0.07133512006188363,485258254.90987074,0.47954533061244314,0.47869542261692144,0.9228158712303554,0.05370722526293626,0.049561879872381476,1.0,2.0,2.0,0.1584206519052591,1000000.0,0.3266268193999555,0.11199613849715728,0.9562171064296761,2.369747364101038,2.3266268193999555,0.04312054470108251,1.0983089095650969,10.887560646698518,11.199613849815728,0.8356043970787947,1.0,1119074.138388859,93023.09238282418,348.4180471209629,348.9454262178442
UGC08837,2,2.63,4.2,3.415,1.5700000000000003,0.35,858924714.3644816,32.88988635846468,43.225,3.0075,4,4.2,0.52,2.089010992695987,0.47869542261692144,0.52,306666282.1503744,1.8765425000000002,457716632.7778249,2.0695539545214663,2.4512757578908073,0.13130734329344973,0.5988054204754426,2.382624888648534,0.11199613849715728,,0.11199613849715728,2.369747364101038,0.012877524547496133,0.07133512006188361,485258254.90987074,1.330427102808644,0.47869542261692144,0.9896183416289966,0.1490026980665286,0.14745580295884414,1.0,2.0,2.0,0.25859921251514295,1000000.0,0.3266268193999555,0.11199613849715728,0.9562171064296761,2.369747364101038,2.3266268193999555,0.04312054470108251,1.0983089095650969,10.887560646698518,11.199613849815728,0.8356043970787947,1.0,1119074.138388859,22174.088779383263,275.18087357517027,277.1394194377021
