galaxy,r_kpc,v_obs_kmps,v_err_kmps,sigma_profile,a_bar_kmps2_per_kpc,a_struct_kmps2_per_kpc,a_total_kmps2_per_kpc,v_bar_kmps,v_struct_kmps,v_model_kmps,beta_raw,beta_formula,beta_clipped,use_dimension_proxy,d_eff_proxy,d_eff_response,beta_mode
F565-V2,1.26,21.7,10.0,0.7932904516256133,128.92857142857144,1133.7061960822487,1262.63476751082,12.745587471748802,37.795102950827285,39.88633609475347,,1242.0008577858744,1800.6895256792873,True,1.5,1.4498295346505574,formula
F565-V2,2.51,40.3,10.0,0.9746521652806908,163.88960159362549,699.2214921121822,863.1110937058077,20.2820832263355,41.893268495088535,46.544697283381026,,1242.0008577858744,1800.6895256792873,True,1.5,1.4498295346505574,formula
F565-V2,3.78,57.7,7.0,1.182443325205078,154.57275132275132,563.2839445518972,717.8566958746485,24.17198791990431,46.143399424036495,52.091249844922814,,1242.0008577858744,1800.6895256792873,True,1.5,1.4498295346505574,formula
F565-V2,5.03,68.5,7.0,1.2952498879869683,133.82355864811134,463.68646251200875,597.5100211601201,25.94479716629136,48.294336173462455,54.82221635829223,,1242.0008577858744,1800.6895256792873,True,1.5,1.4498295346505574,formula
F565-V2,6.29,73.5,7.0,1.224945652911346,139.71670906200316,350.6751680006099,490.39187706261305,29.644866334662396,46.965378809542635,55.53885942944666,,1242.0008577858744,1800.6895256792873,True,1.5,1.4498295346505574,formula
F565-V2,7.54,78.5,5.0,1.208600557989268,136.88976127320953,288.6358574935566,425.5256187667661,32.127072695781045,46.65098461449037,56.64329762206131,,1242.0008577858744,1800.6895256792873,True,1.5,1.4498295346505574,formula
F565-V2,8.8,83.1,6.0,1.2449653107705838,123.16982954545452,254.74954487939192,377.9193744248464,32.922553060174415,47.347608122677634,57.66880001299358,,1242.0008577858744,1800.6895256792873,True,1.5,1.4498295346505574,formula
