galaxy,r_kpc,v_obs_kmps,v_err_kmps,sigma_profile,a_bar_kmps2_per_kpc,a_struct_kmps2_per_kpc,a_total_kmps2_per_kpc,v_bar_kmps,v_struct_kmps,v_model_kmps,beta_raw,beta_formula,beta_clipped,use_dimension_proxy,d_eff_proxy,d_eff_response,beta_mode
UGC09992,0.78,28.1,5.66,0.447001209596877,581.1899999999998,690.5349973237417,1271.7249973237415,21.291505348377786,23.208129996027655,31.495166262658756,,1079.07480442809,1204.957137360466,True,2.90714757272879,1.116657651921633,formula
UGC09992,1.55,31.3,5.66,0.33734983952515174,425.09845161290315,262.2529657569287,687.3514173698318,25.66909815322696,20.161649161793274,32.64038444815317,,1079.07480442809,1204.957137360466,True,2.90714757272879,1.116657651921633,formula
UGC09992,2.34,33.0,5.66,0.33330122772883686,314.74085470085475,171.6297834371231,486.37063813797783,27.138415576448086,20.040301725345056,33.73584582077153,,1079.07480442809,1204.957137360466,True,2.90714757272879,1.116657651921633,formula
UGC09992,3.12,33.4,5.66,0.27515569499853576,261.26695512820515,106.26628800444396,367.5332431326491,28.550882648352577,18.208536969615796,33.86301402081429,,1079.07480442809,1204.957137360466,True,2.90714757272879,1.116657651921633,formula
UGC09992,3.89,34.3,5.66,0.3346421460986171,204.16580976863753,103.65795434528341,307.82376411392096,28.181642961332116,20.080573756821604,34.60396570341545,,1079.07480442809,1204.957137360466,True,2.90714757272879,1.116657651921633,formula
