{
  "galaxies_processed": 32,
  "mean_rmse_vis_only_kms": 37.156493522124855,
  "mean_rmse_topo_kms": 37.15649345412759,
  "mean_rmse_improvement_kms": 6.799726556816488e-08,
  "median_rmse_improvement_kms": 1.8007494162475268e-08,
  "mean_mae_vis_only_kms": 32.856437432281865,
  "mean_mae_topo_kms": 32.856437359713226,
  "mean_Dw_i": 2.0362960515307176,
  "mean_beta_i": 0.9568385649968032,
  "mean_delta_sigma_i": 0.014904294091587895,
  "mean_v_struct_kms": 0.0026655360486991016
}