galaxy,segment_index,r_left_kpc,r_right_kpc,r_mid_kpc,dr_kpc,h_i_kpc,v_obs_segment_kms,v_vis_segment_kms,v_err_segment_kms,mass_bar_segment_msun,n_points,density_ref_gal_msun_per_kpc3,segment_wedge_volume_eff_kpc3,segment_density_eff_msun_per_kpc3,alpha_geom_i,alpha_dens_i,Dw_i,state_term_i,Dw_smooth_i,dDw_dr_i,propagation_source_i,causal_horizon_kpc,ell_info_kpc,c_info_gal,tau_struct_gal,propagation_term_i,history_term_i,delta_struct_i,DeltaD_i
UGC01281,1,0.08,0.69,0.38499999999999995,0.61,11.31,7.756,7.517865646476006,4.0,5059289.0791038815,5,9546723.325059151,2.6561534999999994,1904742.733845722,3.5,2.195158531948089,2.847579265974044,0.5442923279588365,2.8894224834303985,-0.0428812341515714,0.415237379234197,2.0,2.0,1.0,2.0,0.05995143226813259,0.25031098482369696,0.4266997907047807,0.4266997907047807
UGC01281,2,0.84,1.46,1.15,0.62,11.31,23.259999999999998,15.803338043385162,5.2059999999999995,66778267.22961664,5,9546723.325059151,8.064029999999999,8281004.315412598,3.5,2.3625314017735057,2.931265700886753,0.5970928689338021,2.8566183393044464,-0.06038797111760563,0.5,2.0,2.0,1.0,2.0,0.11426888385640664,0.3889008341790159,0.5138160550318875,0.5138160550318875
UGC01281,3,1.61,2.22,1.915,0.6100000000000001,11.31,37.14,21.642519103318925,4.880000000000001,208556650.21085298,5,9546723.325059151,13.211776500000003,15785662.905427815,3.129952180956751,2.452067921148333,2.791010051052542,0.5,2.797028887620462,-0.14345752810701362,0.7037561714764006,2.0,2.0,1.0,2.0,0.17955636364565258,0.5,0.5,0.5
UGC01281,4,2.38,3.07,2.7249999999999996,0.69,11.31,48.379999999999995,25.118562460484434,6.388,399756665.6176082,5,9546723.325059151,21.265627499999997,18798253.924912784,2.898197237586401,2.439424584257783,2.668810910922092,0.36712313026608917,2.6245985300925585,-0.15768250543840712,0.723080482643442,2.0,2.0,1.0,2.0,0.21924187169214712,0.5497563736871593,0.44017642763451725,0.44017642763451725
UGC01281,5,3.46,4.99,4.225,1.5300000000000002,11.31,55.620000000000005,26.65534840303284,4.0,697967314.7328941,5,9546723.325059151,73.1106675,9546723.325059151,2.587673671026395,2.2402755855796883,2.4139746283030417,0.2281625717542008,2.5413927696125667,-0.05547050698666123,0.47877814290586945,2.0,2.0,1.0,2.0,0.22916125272307428,0.5606835711146231,0.36117097149836974,0.36117097149836974
