galaxy,r_kpc,v_obs_kmps,v_err_kmps,sigma_profile,dsigma_dr,a_bar_kmps2_per_kpc,a_topo_kmps2_per_kpc,a_total_kmps2_per_kpc,v_bar_kmps,v_topo_kmps,v_model_kmps,g_scale,lambda_reorg,l0_kpc
UGC07577,0.19,3.74,3.17,-0.0569964966987447,-0.11006303605848029,79.16315789473684,-17.09894900962341,62.06420888511343,3.8782728114458376,0.0,3.4339772404853752,300.0,0.0,1.0
UGC07577,0.38,5.4,3.17,-0.07790847354985596,-0.055045300875689845,109.1578947368421,-23.372542064956786,85.7853526718853,6.440496875241847,0.0,5.709503832673765,300.0,0.0,1.0
UGC07577,0.57,7.31,3.17,-0.07791371103150685,-5.017181143024407e-05,135.10877192982457,-23.374113309452056,111.73465862037251,8.77564812421282,0.0,7.980523504984641,300.0,0.0,1.0
UGC07577,0.75,8.85,3.17,-0.07792659689567166,-2.24661968003248e-05,175.18213333333333,-23.3779790687015,151.80415426463182,11.462399399776645,0.0,10.670197547303136,300.0,0.0,1.0
UGC07577,0.94,10.7,3.17,-0.07792101379560874,0.0005814388109094404,181.16468085106382,-23.376304138682624,157.7883767123812,13.049704977508112,0.0,12.178713976017267,300.0,0.0,1.0
UGC07577,1.13,12.4,3.17,-0.07770565014752608,0.0058854272942097385,175.67300884955753,-23.311695044257824,152.36131380529972,14.089375429734279,0.0,13.121291270297625,300.0,0.0,1.0
UGC07577,1.32,14.1,3.17,-0.07568455142380905,0.30576926364860213,177.57856060606062,-22.705365427142713,154.8731951789179,15.310248201776483,0.0,14.297993482869254,300.0,0.0,1.0
UGC07577,1.51,15.9,3.17,0.03848667003894264,0.40466247829951807,160.38688741721853,11.546001011682792,171.93288842890132,15.562268472173328,4.1754594391085895,16.112686353542696,300.0,0.0,1.0
UGC07577,1.69,17.8,3.17,0.07786205577326247,0.21875214296844356,132.58656804733727,23.35861673197874,155.945184779316,14.969011323397414,6.282997873391656,16.234141870670097,300.0,0.0,1.0
