galaxy,r_kpc,v_obs_kmps,v_err_kmps,sigma_profile,dsigma_dr,a_bar_kmps2_per_kpc,a_topo_kmps2_per_kpc,a_total_kmps2_per_kpc,v_bar_kmps,v_topo_kmps,v_model_kmps,g_scale,lambda_reorg,l0_kpc
UGC07690,0.59,45.3,4.31,-0.028064030370222887,0.22530101228661376,3579.5850847457627,-8.419209111066866,3571.165875634696,45.956013752282736,0.0,45.901937504036475,300.0,0.0,1.0
UGC07690,1.18,59.8,4.31,0.10486356687887922,0.11310903027552852,2139.3093220338988,31.459070063663766,2170.7683920975624,50.24325825421755,6.0927582157117675,50.61132978568261,300.0,0.0,1.0
UGC07690,1.77,60.7,4.31,0.10540462535490075,0.0004679802925831311,1295.4780225988702,31.621387606470226,1327.0994102053405,47.885238852907484,7.481300425958866,48.46613205180967,300.0,0.0,1.0
UGC07690,2.36,58.8,4.31,0.10541578362412733,6.790613347723573e-05,904.6292372881355,31.6247350872382,936.2539723753737,46.2052486196103,8.639118867447197,47.00595041913185,300.0,0.0,1.0
UGC07690,2.95,57.9,4.31,0.10548475459240389,7.625525975774039e-05,642.1696610169491,31.64542637772117,673.8150873946703,43.524711371817276,9.661987777588909,44.5842405768482,300.0,0.0,1.0
UGC07690,3.54,56.9,4.31,0.10550576483064146,2.3627428913999826e-05,472.82771186440675,31.651729449192437,504.4794413135992,40.91222433454334,10.585231327190787,42.25940395048351,300.0,0.0,1.0
UGC07690,4.13,55.9,4.31,0.10551263495852241,1.1644284543979638e-05,356.4788619854722,31.653790487556723,388.1326524730289,38.370010424809635,11.433728819313902,40.03733076409576,300.0,0.0,1.0
