galaxy,r_kpc,v_obs_kmps,v_err_kmps,sigma_profile,dsigma_dr,a_bar_kmps2_per_kpc,a_topo_kmps2_per_kpc,a_total_kmps2_per_kpc,v_bar_kmps,v_topo_kmps,v_model_kmps,g_scale,lambda_reorg,l0_kpc
UGC05414,0.68,20.5,2.47,0.08891665804887489,0.016492091321213126,539.1695588235294,26.674997414662467,565.8445562381919,19.147723102238555,4.2589902843245,19.61566461382256,300.0,0.0,1.0
UGC05414,1.37,34.6,2.45,0.10029620106051194,0.012296131301362603,710.5562773722628,30.088860318153582,740.6451376904164,31.20035416465653,6.420415768146983,31.854102383144788,300.0,0.0,1.0
UGC05414,2.05,46.0,2.45,0.10584566902199087,0.004171878630607639,644.2892682926829,31.75370070659726,676.0429689992801,36.34271591392146,8.06815260443953,37.227517865800884,300.0,0.0,1.0
UGC05414,2.74,51.8,2.46,0.10593130607823871,8.131588625685804e-05,555.9697810218977,31.779391823471613,587.7491728453693,39.03020881317444,9.331427200397174,40.1301972783129,300.0,0.0,1.0
UGC05414,3.42,56.8,2.44,0.10595792149966374,2.365420660475903e-05,475.90634502923973,31.78737644989912,507.69372147913884,40.343521165113984,10.426544368037522,41.66908359273881,300.0,0.0,1.0
UGC05414,4.11,61.4,2.44,0.10596340034153638,7.94035054006412e-06,419.13549878345486,31.789020102460913,450.9245188859158,41.50478165223857,11.430348753258334,43.049968323113944,300.0,0.0,1.0
