galaxy,source_file,beta_mode,beta,r_kpc,v_obs_kmps,v_err_kmps,a_newton,sigma_profile,a_struct,a_total,v_model_kmps,residual_kmps
UGC02259,C:\Users\mincu\Desktop\topological_gravity_project\data\processed\sparc_normalized_beta_abar\UGC02259_normalized.csv,structural,462.5418891887065,1.02,56.1,3.4,608.4106862745098,59.037966166859036,26772.09059282148,27380.50127909599,167.11705868844723,-111.01705868844724
UGC02259,C:\Users\mincu\Desktop\topological_gravity_project\data\processed\sparc_normalized_beta_abar\UGC02259_normalized.csv,structural,462.5418891887065,2.04,71.1,3.0,668.629411764706,-2.931307944319533,-664.6336835095198,3.9957282551862363,2.855045645971343,68.24495435402865
UGC02259,C:\Users\mincu\Desktop\topological_gravity_project\data\processed\sparc_normalized_beta_abar\UGC02259_normalized.csv,structural,462.5418891887065,3.05,80.7,1.5,602.4601311475411,-69.71262825218207,-10572.13467936862,-9969.674548221079,1.746424919657298e-06,80.69999825357509
UGC02259,C:\Users\mincu\Desktop\topological_gravity_project\data\processed\sparc_normalized_beta_abar\UGC02259_normalized.csv,structural,462.5418891887065,4.07,82.8,1.5,527.1127764127764,-100.23976920730618,-11391.914550611136,-10864.80177419836,2.0174241001832015e-06,82.7999979825759
UGC02259,C:\Users\mincu\Desktop\topological_gravity_project\data\processed\sparc_normalized_beta_abar\UGC02259_normalized.csv,structural,462.5418891887065,5.09,83.7,1.5,397.9710019646365,-94.41402425163375,-8579.65444857741,-8181.683446612774,2.2561028345356956e-06,83.69999774389717
UGC02259,C:\Users\mincu\Desktop\topological_gravity_project\data\processed\sparc_normalized_beta_abar\UGC02259_normalized.csv,structural,462.5418891887065,6.11,86.0,1.5,334.5081669394435,-56.59755410773714,-4284.57276603155,-3950.064599092106,2.471841418861655e-06,85.99999752815859
UGC02259,C:\Users\mincu\Desktop\topological_gravity_project\data\processed\sparc_normalized_beta_abar\UGC02259_normalized.csv,structural,462.5418891887065,7.13,88.3,2.3,282.51199158485275,-56.71180322721042,-3679.044123984865,-3396.5321324000124,2.6702059845637377e-06,88.29999732979401
UGC02259,C:\Users\mincu\Desktop\topological_gravity_project\data\processed\sparc_normalized_beta_abar\UGC02259_normalized.csv,structural,462.5418891887065,8.14,90.0,3.0,219.38320638820636,-62.50374771945183,-3551.6709522763576,-3332.287745888151,2.8530685235374213e-06,89.99999714693148
