galaxy,source_file,beta_mode,beta,r_kpc,v_obs_kmps,v_err_kmps,a_newton,sigma_profile,a_struct,a_total,v_model_kmps,residual_kmps
UGC05918,C:\Users\mincu\Desktop\topological_gravity_project\data\processed\sparc_normalized_beta_abar\UGC05918_normalized.csv,structural,125.3296171171171,0.56,16.9,3.93,108.14285714285714,28.317655317655277,6337.573033243269,6445.7158903861255,60.0799542161629,-43.179954216162905
UGC05918,C:\Users\mincu\Desktop\topological_gravity_project\data\processed\sparc_normalized_beta_abar\UGC05918_normalized.csv,structural,125.3296171171171,1.11,27.4,3.93,123.71756756756754,11.551291239913997,1304.2512687448018,1427.9688363123694,39.81262875403645,-12.412628754036454
UGC05918,C:\Users\mincu\Desktop\topological_gravity_project\data\processed\sparc_normalized_beta_abar\UGC05918_normalized.csv,structural,125.3296171171171,1.67,33.5,3.93,120.96479041916167,25.9697006423464,1948.965651587679,2069.9304420068406,58.79442012769089,-25.29442012769089
UGC05918,C:\Users\mincu\Desktop\topological_gravity_project\data\processed\sparc_normalized_beta_abar\UGC05918_normalized.csv,structural,125.3296171171171,2.23,36.4,3.93,152.8036322869955,23.43767112472443,1317.2351337123876,1470.038765999383,57.25544906974902,-20.85544906974902
UGC05918,C:\Users\mincu\Desktop\topological_gravity_project\data\processed\sparc_normalized_beta_abar\UGC05918_normalized.csv,structural,125.3296171171171,2.79,39.8,3.93,147.21498207885304,-23.170748189719202,-1040.8534046360724,-893.6384225572193,1.6703293088490067e-06,39.799998329670686
UGC05918,C:\Users\mincu\Desktop\topological_gravity_project\data\processed\sparc_normalized_beta_abar\UGC05918_normalized.csv,structural,125.3296171171171,3.34,41.2,3.93,127.0841017964072,-18.26424811908683,-685.3446777536464,-558.2605759572391,1.8275666882497065e-06,41.19999817243331
UGC05918,C:\Users\mincu\Desktop\topological_gravity_project\data\processed\sparc_normalized_beta_abar\UGC05918_normalized.csv,structural,125.3296171171171,3.9,42.6,3.93,126.94166666666666,-6.925827596888226,-222.56700536850374,-95.62533870183708,1.97484176581315e-06,42.599998025158236
UGC05918,C:\Users\mincu\Desktop\topological_gravity_project\data\processed\sparc_normalized_beta_abar\UGC05918_normalized.csv,structural,125.3296171171171,4.46,44.5,3.93,119.32717488789238,-13.597306747811214,-382.0953472034018,-262.7681723155094,2.1118712081942876e-06,44.49999788812879
