galaxy,r_kpc,v_obs_kmps,v_err_kmps,sigma_profile,a_bar_kmps2_per_kpc,a_struct_kmps2_per_kpc,a_total_kmps2_per_kpc,v_bar_kmps,v_struct_kmps,v_model_kmps,beta_raw,beta_formula,beta_clipped,use_dimension_proxy,d_eff_proxy,d_eff_boost,beta_mode
NGC6789,0.1,13.9,3.84,0.9288027354201513,659.0439999999999,17169.44094620957,17828.484946209566,8.118152499183543,41.43602411695597,42.22379062354488,,1848.5562425096473,1848.5562425096473,False,,1.0,formula
NGC6789,0.3,29.9,3.92,0.8026519699054973,1191.686666666667,4945.824365104908,6137.511031771575,18.90782906628892,38.519440670023656,42.909827656744,,1848.5562425096473,1848.5562425096473,False,,1.0,formula
NGC6789,0.51,46.7,4.1,1.1785067850244602,1058.6858823529412,4271.6393613665505,5330.3252437194915,23.236389564646224,46.674790565110634,52.13890940839615,,1848.5562425096473,1848.5562425096473,False,,1.0,formula
NGC6789,0.71,60.4,9.4,1.4958071748109667,841.6532394366197,3894.484071250045,4736.137310686665,24.445322660991817,52.5840630855731,57.988425488087984,,1848.5562425096473,1848.5562425096473,False,,1.0,formula
