galaxy,r_kpc,v_obs_kmps,v_err_kmps,sigma_profile,a_bar_kmps2_per_kpc,a_struct_kmps2_per_kpc,a_total_kmps2_per_kpc,v_bar_kmps,v_struct_kmps,v_model_kmps,beta_raw,beta_formula,beta_clipped,use_dimension_proxy,d_eff_proxy,d_eff_boost,beta_mode
UGC04499,0.91,26.0,4.1,0.0,1009.9419780219781,0.0,1009.9419780219781,30.315791264619833,0.0,30.315791264619833,,1505.4497124600643,1505.4497124600643,False,,1.0,formula
UGC04499,1.82,45.1,3.02,0.3991997835532064,708.6620879120879,330.2061534968651,1038.868241408953,35.91329837260844,24.514795519528498,43.48264250668644,,1505.4497124600643,1505.4497124600643,False,,1.0,formula
UGC04499,2.73,57.0,2.97,0.5992725032357135,575.8611721611721,330.4668929235999,906.3280650847721,39.64972887675274,30.036221761090854,49.74209100632409,,1505.4497124600643,1505.4497124600643,False,,1.0,formula
UGC04499,3.63,62.0,2.85,0.5608568435765727,540.7801928374655,232.60103964011316,773.3812324775787,44.30611808768626,29.05755966858901,52.98465696683909,,1505.4497124600643,1505.4497124600643,False,,1.0,formula
UGC04499,4.55,66.9,2.75,0.644131810756718,446.4303516483517,213.12264819562236,659.552999843974,45.06948080464207,31.14013566589076,54.78107473653727,,1505.4497124600643,1505.4497124600643,False,,1.0,formula
UGC04499,5.45,70.6,2.86,0.7088225418162722,377.71561467889904,195.7975581215631,573.5131728004621,45.371247503237115,32.66644596160591,55.907484219579395,,1505.4497124600643,1505.4497124600643,False,,1.0,formula
UGC04499,6.37,72.8,2.66,0.7709099154106546,313.2623233908948,182.19248202316834,495.4548054140631,44.670807022036215,34.067082506249086,56.17870691363038,,1505.4497124600643,1505.4497124600643,False,,1.0,formula
UGC04499,7.28,73.3,2.66,0.7449638109502575,288.89688186813186,154.05296085003008,442.9498427181619,45.86032381045734,33.488887037168304,56.78622064364047,,1505.4497124600643,1505.4497124600643,False,,1.0,formula
UGC04499,8.18,74.3,2.67,0.7518075217498458,261.4874327628362,138.36288721804632,399.85031998088255,46.248969718254266,33.64236046182876,57.19069519986288,,1505.4497124600643,1505.4497124600643,False,,1.0,formula
