galaxy,r_kpc,v_obs_kmps,v_err_kmps,sigma_profile,a_bar_kmps2_per_kpc,a_struct_kmps2_per_kpc,a_total_kmps2_per_kpc,v_bar_kmps,v_struct_kmps,v_model_kmps,beta_raw,beta_formula,beta_clipped,use_dimension_proxy,d_eff_proxy,d_eff_boost,beta_mode
UGC05918,0.56,16.9,3.93,1.040547728111113,108.14285714285714,2086.059826051314,2194.202683194171,7.782030583337488,34.17884583464947,35.05358045319673,,1122.6717151257787,1122.6717151257787,False,,1.0,formula
UGC05918,1.11,27.4,3.93,1.1189985585485858,123.71756756756754,1131.7730008549684,1255.490568422536,11.718638999474297,35.44387155699861,37.33087905406214,,1122.6717151257787,1122.6717151257787,False,,1.0,formula
UGC05918,1.67,33.5,3.93,1.1274815833997707,120.96479041916167,757.9590916216463,878.9238820408079,14.213064412715505,35.57796625733614,38.311915679174135,,1122.6717151257787,1122.6717151257787,False,,1.0,formula
UGC05918,2.23,36.4,3.93,0.9366626559298782,152.8036322869955,471.5536638686383,624.3572961556338,18.459471823429833,32.42783789319083,37.313761140188795,,1122.6717151257787,1122.6717151257787,False,,1.0,formula
UGC05918,2.79,39.8,3.93,0.9322092059524781,147.21498207885304,375.11287028770926,522.3278523665623,20.266469845535507,32.35065545089788,38.17452957277547,,1122.6717151257787,1122.6717151257787,False,,1.0,formula
UGC05918,3.34,41.2,3.93,0.9519050816765408,127.0841017964072,319.96314691100196,447.04724870740915,20.602448883567217,32.690624201485456,38.64114142572326,,1122.6717151257787,1122.6717151257787,False,,1.0,formula
UGC05918,3.9,42.6,3.93,0.9044597648431315,126.94166666666666,260.36189627146075,387.3035629381274,22.250224717966333,31.865520479959166,38.86494430021349,,1122.6717151257787,1122.6717151257787,False,,1.0,formula
UGC05918,4.46,44.5,3.93,0.9126508532268186,119.32717488789238,229.73257818456452,349.0597530724569,23.069442992842287,32.00948763574884,39.456387299183355,,1122.6717151257787,1122.6717151257787,False,,1.0,formula
