galaxy,r_kpc,v_obs_kmps,v_err_kmps,sigma_profile,a_bar_kmps2_per_kpc,a_struct_kmps2_per_kpc,a_total_kmps2_per_kpc,v_bar_kmps,v_struct_kmps,v_model_kmps,beta_raw,beta_formula,beta_clipped,use_dimension_proxy,d_eff_proxy,d_eff_response,beta_mode,beta_ceiling_theory
NGC6789,0.1,13.9,3.84,0.9288027354201513,659.0439999999999,558070774456.1239,558070775115.1678,8.118152499183543,236235.2163535581,236235.216493047,,55535216173.561195,60084962411.709114,True,2.765339854495047,1.3013163806839674,formula,60084962411.709114
NGC6789,0.3,29.9,3.92,0.8026519699054973,1191.686666666667,160757711471.52026,160757712663.20694,18.90782906628892,219607.17984951238,219607.1806634794,,55535216173.561195,60084962411.709114,True,2.765339854495047,1.3013163806839674,formula,60084962411.709114
NGC6789,0.51,46.7,4.1,1.1785067850244602,1058.6858823529412,138844188000.27225,138844189058.95813,23.236389564646224,266102.49130765174,266102.49232216645,,55535216173.561195,60084962411.709114,True,2.765339854495047,1.3013163806839674,formula,60084962411.709114
NGC6789,0.71,60.4,9.4,1.4958071748109667,841.6532394366197,126585236441.80527,126585237283.45851,24.445322660991817,299792.4579999999,299792.45899664576,,55535216173.561195,60084962411.709114,True,2.765339854495047,1.3013163806839674,formula,60084962411.709114
