galaxy,r_kpc,v_obs_kmps,v_err_kmps,sigma_profile,a_bar_kmps2_per_kpc,a_struct_kmps2_per_kpc,a_total_kmps2_per_kpc,v_bar_kmps,v_struct_kmps,v_model_kmps,beta_raw,beta_formula,beta_clipped,use_dimension_proxy,d_eff_proxy,d_eff_response,beta_mode,beta_ceiling_theory
UGC10310,1.1,33.2,5.06,0.6964132706911642,422.49172727272725,75409599041.20438,75409599463.6961,21.557850078335733,288011.3868327515,288011.38763956144,,90280295478.96678,119111111801.47311,True,2.5142336895901947,1.48768166301369,formula,119111111801.47311
UGC10310,2.21,54.6,5.06,0.6703725522393402,590.7111764705883,36130687791.139786,36130688381.85096,36.13131190532666,282575.33512042224,282575.33743037557,,90280295478.96678,119111111801.47311,True,2.5142336895901947,1.48768166301369,formula,119111111801.47311
UGC10310,3.31,65.7,5.06,0.7396504483966414,515.948821752266,26616491617.215126,26616492133.163948,41.32542316782734,296817.4308442516,296817.43372108834,,90280295478.96678,119111111801.47311,True,2.5142336895901947,1.48768166301369,formula,119111111801.47311
UGC10310,4.42,69.2,5.06,0.7545519180736101,419.25904977375563,20333827573.231163,20333827992.49021,43.04793839430641,299792.4579999999,299792.46109067975,,90280295478.96678,119111111801.47311,True,2.5142336895901947,1.48768166301369,formula,119111111801.47311
UGC10310,5.52,70.9,5.06,0.6569464897804913,406.58922101449286,14175657027.505331,14175657434.094553,47.37480870673781,279731.34753157257,279731.35154322966,,90280295478.96678,119111111801.47311,True,2.5142336895901947,1.48768166301369,formula,119111111801.47311
UGC10310,6.64,72.4,5.06,0.642004587155592,360.1084939759036,11516548216.528362,11516548576.636856,48.8990838359984,276531.87909850164,276531.8834219098,,90280295478.96678,119111111801.47311,True,2.5142336895901947,1.48768166301369,formula,119111111801.47311
UGC10310,7.74,73.2,5.06,0.7109837875434991,285.7251291989664,10941352636.579912,10941352922.305042,47.02672112746114,291008.7101911703,291008.7139909062,,90280295478.96678,119111111801.47311,True,2.5142336895901947,1.48768166301369,formula,119111111801.47311
