galaxy,r_kpc,v_obs_kmps,v_err_kmps,sigma_profile,a_bar_kmps2_per_kpc,a_struct_kmps2_per_kpc,a_total_kmps2_per_kpc,v_bar_kmps,v_struct_kmps,v_model_kmps,beta_raw,beta_clipped,beta_hit_lower,beta_hit_upper,beta_mode
NGC6789,0.1,13.9,3.84,0.7212264273078961,659.0439999999999,13083.749438419642,13742.793438419641,8.118152499183543,36.17146587908713,37.07127383624636,1814.097340727936,1814.097340727936,False,False,structural
NGC6789,0.3,29.9,3.92,0.6415451346962084,1191.686666666667,3879.417742697791,5071.104409364458,18.90782906628892,34.114884182851,39.004247497027,1814.097340727936,1814.097340727936,False,False,structural
NGC6789,0.51,46.7,4.1,0.87083674562937,1058.6858823529412,3097.6129891262945,4156.2988714792355,23.236389564646224,39.74647939697817,46.04033475610717,1814.097340727936,1814.097340727936,False,False,structural
NGC6789,0.71,60.4,9.4,1.0527168211909874,841.6532394366197,2689.7616702283613,3531.4149096649808,24.445322660991817,43.7004666549699,50.072992579454805,1814.097340727936,1814.097340727936,False,False,structural
