galaxy,segment_index,r_left_kpc,r_right_kpc,r_mid_kpc,dr_kpc,h_i_kpc,v_obs_segment_kms,v_vis_segment_kms,v_err_segment_kms,mass_bar_segment_msun,n_points,density_ref_gal_msun_per_kpc3,segment_wedge_volume_eff_kpc3,segment_density_eff_msun_per_kpc3,alpha_geom_i,alpha_dens_i,Dw_i,sigma_i,ell_info_kpc,c_info_gal,tau_struct_gal,propagation_source_i,propagation_term_i,delta_struct_i,DeltaD_i
UGC05721,1,0.09,0.81,0.45,0.7200000000000001,1.17,42.86,35.85206097057993,5.208,134487032.773804,5,338250959.87158346,0.37908000000000003,354772166.22824734,3.084805548460877,2.69664115968943,2.8907233540751536,0.31775910081633807,2.0,1.0,2.0,0.5969998711937171,0.07366579387480315,0.40139175165587554,0.40139175165587554
UGC05721,2,0.99,1.53,1.26,0.54,1.17,71.3,45.44545181502869,4.57,605049688.1466572,4,338250959.87158346,0.796068,760047744.8492557,2.491053674824551,2.65487483169308,2.5729642532588155,0.3043823451223844,2.0,1.0,2.0,0.5866105683826582,0.10342124377896544,0.48490517363127456,0.48490517363127456
UGC05721,3,1.71,2.67,2.19,0.96,1.17,82.12,40.42297225977421,7.4959999999999996,832032417.0998001,5,338250959.87158346,2.459808,338250959.87158346,2.259677546836042,2.304239780824728,2.281958663830385,0.21450081438426372,2.0,1.0,2.0,0.5,0.14722472463685912,0.5726697601587426,0.5726697601587426
UGC05721,4,3.15,4.49,3.8200000000000003,1.3400000000000003,1.17,78.525,32.80303406408797,4.57,955720800.3313518,4,338250959.87158346,5.988996000000002,159579468.8010063,2.1494019204560963,2.1385233285244793,2.143962624490288,0.09490195906784837,2.0,1.0,2.0,0.30672627141959624,0.13560673392436667,0.5524441436060951,0.5524441436060951
UGC05721,5,4.93,6.74,5.835,1.8100000000000005,1.17,78.7,31.605710564737638,4.57,1355225681.695731,5,338250959.87158346,12.356779500000004,109674667.39175288,2.0963306536345634,2.0879788377548123,2.092154745694688,0.051807878795600004,2.0,1.0,2.0,0.19454069702714957,0.10986013452533724,0.5,0.5
