galaxy,r_kpc,v_obs_kmps,v_err_kmps,sigma_profile,a_bar_kmps2_per_kpc,a_struct_kmps2_per_kpc,a_total_kmps2_per_kpc,v_bar_kmps,v_struct_kmps,v_model_kmps,beta_raw,beta_formula,beta_clipped,beta_mode
F567-2,1.92,26.9,8.0,0.07510213750494216,348.5900520833334,17.811418796125455,366.4014708794588,25.87069577726892,5.847899117508858,26.523401442661175,,455.3522073364483,455.3522073364483,formula
F567-2,3.83,46.8,5.0,0.4696086341668487,311.294046997389,55.83220056191363,367.1262475593026,34.52906312079724,14.623177772021005,37.497913650657004,,455.3522073364483,455.3522073364483,formula
F567-2,5.75,47.6,5.0,0.5450594547502392,188.49739130434784,43.164178408716936,231.66156971306478,32.922029099069825,15.754174870494563,36.49731532387173,,455.3522073364483,455.3522073364483,formula
F567-2,7.67,48.1,8.0,0.40709685569822984,181.42417209908737,24.168507410940876,205.59267951002823,37.30312855512256,13.615155226508309,39.71014797053665,,455.3522073364483,455.3522073364483,formula
F567-2,9.59,52.2,10.0,0.39132202139319355,175.06891553701772,18.580745174218094,193.6496607112358,40.974515250335784,13.348758227668652,43.0940859773212,,455.3522073364483,455.3522073364483,formula
