galaxy,r_kpc,v_obs_kmps,v_err_kmps,sigma_profile,a_bar_kmps2_per_kpc,a_struct_kmps2_per_kpc,a_total_kmps2_per_kpc,v_bar_kmps,v_struct_kmps,v_model_kmps,beta_raw,beta_formula,beta_clipped,beta_mode
NGC4138,2.61,179.0,14.7,0.0,20336.892911877396,0.0,20336.892911877396,230.38943226632597,0.0,230.38943226632597,,1387.9282414275629,1387.9282414275629,formula
NGC4138,5.24,195.0,6.8,0.0,7417.837729007633,0.0,7417.837729007633,197.1534166581954,0.0,197.1534166581954,,1387.9282414275629,1387.9282414275629,formula
NGC4138,7.85,181.0,9.8,0.16960456296577917,3467.569987261147,29.98712902104258,3497.55711628219,164.98613396282732,15.342716930686828,165.69798840907873,,1387.9282414275629,1387.9282414275629,formula
NGC4138,10.65,162.0,20.4,0.2464124045769845,1860.9677558685448,32.112932896757854,1893.0806887653027,140.78105909532007,18.49331596416584,141.9905255126217,,1387.9282414275629,1387.9282414275629,formula
NGC4138,13.47,145.0,9.6,0.27101378867433057,1141.2792650334075,27.92484715051112,1169.2041121839186,123.98803047068697,19.394527349677404,125.49573455347948,,1387.9282414275629,1387.9282414275629,formula
NGC4138,16.03,147.0,17.9,0.41601215026251437,799.6433873986275,36.01965141150035,835.6630388101279,113.21785857363669,24.029045177167372,115.73970153809086,,1387.9282414275629,1387.9282414275629,formula
NGC4138,18.58,150.0,21.0,0.5308457246082039,594.0044241119484,39.654239667642884,633.6586637795913,105.05523404381145,27.14361385344267,108.50519790786433,,1387.9282414275629,1387.9282414275629,formula
