galaxy,r_kpc,v_obs_kmps,v_err_kmps,sigma_profile,a_bar_kmps2_per_kpc,a_struct_kmps2_per_kpc,a_total_kmps2_per_kpc,v_bar_kmps,v_struct_kmps,v_model_kmps,beta_raw,beta_formula,beta_clipped,beta_mode
UGC05918,0.56,16.9,3.93,0.9399305352825359,108.14285714285714,885.5245365697938,993.6673937126509,7.782030583337488,22.26867172686967,23.589271724219987,,527.5855202746687,527.5855202746687,formula
UGC05918,1.11,27.4,3.93,1.0047248755638787,123.71756756756754,477.5480146011448,601.2655821687124,11.718638999474297,23.023429288602312,25.834178837487187,,527.5855202746687,527.5855202746687,formula
UGC05918,1.67,33.5,3.93,1.0117177011058667,120.96479041916167,319.6213231790602,440.58611359822186,14.213064412715505,23.103411213693757,27.125243035022386,,527.5855202746687,527.5855202746687,formula
UGC05918,2.23,36.4,3.93,0.8536135336539395,152.8036322869955,201.95252926740454,354.7561615544,18.459471823429833,21.221548960109207,28.12661089193492,,527.5855202746687,527.5855202746687,formula
UGC05918,2.79,39.8,3.93,0.8498954507517192,147.21498207885304,160.71416973617198,307.929151815025,20.266469845535507,21.175281192086207,29.310788688875633,,527.5855202746687,527.5855202746687,formula
UGC05918,3.34,41.2,3.93,0.8663265825316444,127.0841017964072,136.84471879423154,263.92882059063874,20.602448883567217,21.378993446201655,29.690440562119203,,527.5855202746687,527.5855202746687,formula
UGC05918,3.9,42.6,3.93,0.8266884675717242,126.94166666666666,111.83304237664018,238.77470904330684,22.250224717966333,20.88417739028513,30.515919866012506,,527.5855202746687,527.5855202746687,formula
UGC05918,4.46,44.5,3.93,0.8335460332870671,119.32717488789238,98.60242548086181,217.9296003687542,23.069442992842287,20.970617960485658,31.176369539198173,,527.5855202746687,527.5855202746687,formula
