galaxy,r_kpc,v_obs_kmps,v_err_kmps,sigma_profile,a_bar_kmps2_per_kpc,a_struct_kmps2_per_kpc,a_total_kmps2_per_kpc,v_bar_kmps,v_struct_kmps,v_model_kmps,beta_raw,beta_formula,beta_clipped,beta_mode
UGC09992,0.78,28.1,5.66,0.4367565817504879,581.1899999999998,294.9788076446163,876.1688076446162,21.291505348377786,15.168502561650598,26.14214356097833,,526.8002351347363,526.8002351347363,formula
UGC09992,1.55,31.3,5.66,0.33171968318380174,425.09845161290315,112.74194006454645,537.8403916774496,25.66909815322696,13.219304334950724,28.873042913763815,,526.8002351347363,526.8002351347363,formula
UGC09992,2.34,33.0,5.66,0.3278132033268394,314.74085470085475,73.80003102258551,388.5408857234403,27.138415576448086,13.141235580905247,30.152705891724715,,526.8002351347363,526.8002351347363,formula
UGC09992,3.12,33.4,5.66,0.27149338878837154,261.26695512820515,45.84063495232068,307.1075900805258,28.550882648352577,11.959213228772223,30.954412949549546,,526.8002351347363,526.8002351347363,formula
UGC09992,3.89,34.3,5.66,0.3291072660395476,204.16580976863753,44.56909643552285,248.73490620416038,28.181642961332116,13.167147949885878,31.105928456392103,,526.8002351347363,526.8002351347363,formula
