galaxy,r_kpc,v_obs_kmps,v_err_kmps,sigma_profile,a_bar_kmps2_per_kpc,a_struct_kmps2_per_kpc,a_total_kmps2_per_kpc,v_bar_kmps,v_struct_kmps,v_model_kmps,beta_raw,beta_formula,beta_clipped,beta_mode
UGC05414,0.68,20.5,2.47,0.12777608394748996,539.1695588235294,153.8972409572856,693.066799780815,19.147723102238555,10.229864312441011,21.70910923669956,,819.0118261408022,819.0118261408022,formula
UGC05414,1.37,34.6,2.45,0.18752291429693138,710.5562773722628,112.10473319822985,822.6610105704926,31.20035416465653,12.392880394870875,33.57149958642859,,819.0118261408022,819.0118261408022,formula
UGC05414,2.05,46.0,2.45,0.3827372507081273,644.2892682926829,152.9104071388163,797.1996754314991,36.34271591392146,17.704980503648496,40.42597351498877,,819.0118261408022,819.0118261408022,formula
UGC05414,2.74,51.8,2.46,0.44375273213192407,555.9697810218977,132.6418742694662,688.6116552913638,39.03020881317444,19.06406922717019,43.43726436480936,,819.0118261408022,819.0118261408022,formula
UGC05414,3.42,56.8,2.44,0.5146936697736205,475.90634502923973,123.25736911824679,599.1637141474865,40.343521165113984,20.531444235231092,45.26742650498704,,819.0118261408022,819.0118261408022,formula
UGC05414,4.11,61.4,2.44,0.5705395867094708,419.13549878345486,113.69310676314896,532.8286055466039,41.50478165223857,21.61662945041484,46.7966405716964,,819.0118261408022,819.0118261408022,formula
