galaxy,r_kpc,v_obs_kmps,v_err_kmps,sigma_profile,a_bar_kmps2_per_kpc,a_struct_kmps2_per_kpc,a_total_kmps2_per_kpc,v_bar_kmps,v_struct_kmps,v_model_kmps,beta_raw,beta_formula,beta_clipped,beta_mode
UGC07690,0.59,45.3,4.31,0.0,3579.5850847457627,0.0,3579.5850847457627,45.956013752282736,0.0,45.956013752282736,,1113.2095543393484,1113.2095543393484,formula
UGC07690,1.18,59.8,4.31,0.29704999282408706,2139.3093220338988,280.2363475662785,2419.5456696001775,50.24325825421755,18.18457835992379,53.432797887891,,1113.2095543393484,1113.2095543393484,formula
UGC07690,1.77,60.7,4.31,0.3847152732004836,1295.4780225988702,241.95972758590455,1537.4377501847748,47.885238852907484,20.694654329730927,52.1657437196773,,1113.2095543393484,1113.2095543393484,formula
UGC07690,2.36,58.8,4.31,0.389892797279461,904.6292372881355,183.91202843202998,1088.5412657201655,46.2052486196103,20.833443956763144,50.68488322073546,,1113.2095543393484,1113.2095543393484,formula
UGC07690,2.95,57.9,4.31,0.4466576394833453,642.1696610169491,168.55035653949835,810.7200175564475,43.524711371817276,22.298510080082036,48.90423347514528,,1113.2095543393484,1113.2095543393484,formula
UGC07690,3.54,56.9,4.31,0.5004038967241542,472.82771186440675,157.35999967852234,630.187711542929,40.91222433454334,23.601999891152637,47.2320283161963,,1113.2095543393484,1113.2095543393484,formula
UGC07690,4.13,55.9,4.31,0.5535768092995528,356.4788619854722,149.212347015243,505.69120900071516,38.370010424809635,24.824322612569986,45.70016075653294,,1113.2095543393484,1113.2095543393484,formula
