galaxy,r_kpc,v_obs_kmps,v_err_kmps,sigma_profile,a_bar_kmps2_per_kpc,a_struct_kmps2_per_kpc,a_total_kmps2_per_kpc,v_bar_kmps,v_struct_kmps,v_model_kmps,beta_raw,beta_formula,beta_clipped,beta_mode
UGC04499,0.91,26.0,4.1,0.0,1009.9419780219781,0.0,1009.9419780219781,30.315791264619833,0.0,30.315791264619833,,879.3522698328752,879.3522698328752,formula
UGC04499,1.82,45.1,3.02,0.3722063768267077,708.6620879120879,179.83545181804172,888.4975397301297,35.91329837260844,18.0914488725706,40.21275322965136,,879.3522698328752,879.3522698328752,formula
UGC04499,2.73,57.0,2.97,0.5385968996326178,575.8611721611721,173.48586308311053,749.3470352442827,39.64972887675274,21.762729751042073,45.22960762837648,,879.3522698328752,879.3522698328752,formula
UGC04499,3.63,62.0,2.85,0.5076041142532431,540.7801928374655,122.96496695457176,663.7451597920373,44.30611808768626,21.127300585855625,49.08558780380546,,879.3522698328752,879.3522698328752,formula
UGC04499,4.55,66.9,2.75,0.574261739189446,446.4303516483517,110.98425578778328,557.4146074361349,45.06948080464207,22.4717236507219,50.36106098797377,,879.3522698328752,879.3522698328752,formula
UGC04499,5.45,70.6,2.86,0.6247609828242332,377.71561467889904,100.80458501825825,478.5201996971573,45.371247503237115,23.438963039125845,51.067945801153066,,879.3522698328752,879.3522698328752,formula
UGC04499,6.37,72.8,2.66,0.6722851629905444,313.2623233908948,92.80619843810041,406.0685218289952,44.670807022036215,24.314100519054776,50.859182888154024,,879.3522698328752,879.3522698328752,formula
UGC04499,7.28,73.3,2.66,0.6525305362016001,288.89688186813186,78.81925936045882,367.7161412285907,45.86032381045734,23.95421065583544,51.73947726972259,,879.3522698328752,879.3522698328752,formula
UGC04499,8.18,74.3,2.67,0.6577554508680217,261.4874327628362,70.70889348603193,332.1963262488681,46.248969718254266,24.049922010595818,52.12836031102207,,879.3522698328752,879.3522698328752,formula
