galaxy,r_kpc,v_obs_kmps,v_err_kmps,sigma_profile,a_bar_kmps2_per_kpc,a_struct_kmps2_per_kpc,a_total_kmps2_per_kpc,v_bar_kmps,v_struct_kmps,v_model_kmps,beta_raw,beta_formula,beta_clipped,beta_mode
UGC07866,0.33,12.2,4.07,0.3785780609054354,283.29242424242415,660.680954379593,943.9733786220172,9.66884170932589,14.765659990168597,17.6496803071689,,575.9042518835392,575.9042518835392,formula
UGC07866,0.66,19.4,4.07,0.5247053288911612,282.73030303030305,457.84853014298574,740.5788331732888,13.660234258606257,17.383326203416036,22.108415363710957,,575.9042518835392,575.9042518835392,formula
UGC07866,1.0,23.9,4.07,0.4433316437374293,324.5125,255.31657862290396,579.8290786229039,18.014230485924177,15.978628809222148,24.079640334168282,,575.9042518835392,575.9042518835392,formula
UGC07866,1.33,26.0,4.07,0.44247582690942744,289.15225563909775,191.59677449084526,480.749030129943,19.61052013588625,15.963198616593862,25.286285019211977,,575.9042518835392,575.9042518835392,formula
UGC07866,1.67,28.2,4.07,0.49287855685427073,249.3452095808383,169.970572787184,419.31578236802227,20.40604077228113,16.84787394761123,26.462376245428096,,575.9042518835392,575.9042518835392,formula
UGC07866,2.0,30.6,4.07,0.5399962565648234,225.97984999999997,155.49307007843817,381.47292007843816,21.259343828067692,17.63479912436987,27.621474257484454,,575.9042518835392,575.9042518835392,formula
UGC07866,2.32,33.1,4.07,0.6013503652964614,203.86125000000004,149.27596217497916,353.1372121749792,21.747599867571594,18.60968114304895,28.62303848730864,,575.9042518835392,575.9042518835392,formula
