galaxy,r_kpc,v_obs_kmps,v_err_kmps,sigma_profile,a_bar_kmps2_per_kpc,a_struct_kmps2_per_kpc,a_total_kmps2_per_kpc,v_bar_kmps,v_struct_kmps,v_model_kmps,beta_raw,beta_formula,beta_clipped,beta_mode
UGC00191,0.62,29.9,1.42,0.47978546826749,771.8001612903225,830.1655358751029,1601.9656971654254,21.87501085714016,22.68705869526863,31.5153729510308,,1072.7766184773375,1072.7766184773375,formula
UGC00191,0.87,34.4,2.31,0.317145177993698,933.8218390804599,391.0642892120375,1324.8861282924975,28.50307001008839,18.44521432823356,33.950713271070946,,1072.7766184773375,1072.7766184773375,formula
UGC00191,1.12,46.3,2.05,0.5396713408385001,924.3794642857142,516.9167822445149,1441.2962465302292,32.17615576789745,24.06131326660822,40.177752502023516,,1072.7766184773375,1072.7766184773375,formula
UGC00191,1.37,49.8,1.87,0.5368937885989284,878.5649635036496,420.41394380631016,1298.9789073099596,34.693428772607646,23.999314636352533,42.185318571923155,,1072.7766184773375,1072.7766184773375,formula
UGC00191,1.62,57.6,2.76,0.6480069540453878,808.7704320987656,429.1152524139571,1237.8856845127227,36.196796819608224,26.366014278055196,44.78141142160005,,1072.7766184773375,1072.7766184773375,formula
UGC00191,2.3,71.3,7.5,0.7378018008921855,728.5805217391304,344.1289222033081,1072.7094439424386,40.93574477153188,28.133547964442887,49.67123635533556,,1072.7766184773375,1072.7766184773375,formula
UGC00191,4.97,76.65,1.09,0.6523503570191759,462.8997987927566,140.8101026288763,603.7099014216329,47.96469534980911,26.45422858571981,54.77625589674339,,1072.7766184773375,1072.7766184773375,formula
UGC00191,7.45,81.0,0.63,0.6732703006023109,330.9405771812081,96.94881025521711,427.8893874364252,49.6538749746684,26.875056026013556,56.46039263414104,,1072.7766184773375,1072.7766184773375,formula
UGC00191,9.98,83.85,1.04,0.7719989060338853,216.15250501002006,82.98420600032418,299.13671101034424,46.44568871273199,28.77815796542988,54.63867106622594,,1072.7766184773375,1072.7766184773375,formula
