galaxy,r_kpc,v_obs_kmps,v_err_kmps,sigma_profile,a_bar_kmps2_per_kpc,a_struct_kmps2_per_kpc,a_total_kmps2_per_kpc,v_bar_kmps,v_struct_kmps,v_model_kmps,beta_raw,beta_formula,beta_clipped,use_dimension_proxy,d_eff_proxy,d_eff_response,beta_mode
DDO170,1.87,27.7,3.0,0.2841155063210998,217.22914438502676,303.86685168032056,521.0959960653473,20.154862936770375,23.837596620511043,31.21617389498911,,1999.403422848468,2000.0,True,2.0790095997241105,1.7044371744520501,formula
DDO170,3.36,42.4,1.5,0.2912849493810151,183.68077380952383,173.38389844108042,357.06467225060425,24.84285410334328,24.136484805415023,34.63722417807221,,1999.403422848468,2000.0,True,2.0790095997241105,1.7044371744520501,formula
DDO170,4.86,52.5,1.0,0.2915369000402962,169.0435596707819,119.97403293839349,289.0175926091754,28.66272317837229,24.14692113045869,37.478333742051454,,1999.403422848468,2000.0,True,2.0790095997241105,1.7044371744520501,formula
DDO170,6.35,55.6,1.0,0.29146651451166894,153.2505511811024,91.80047701154928,245.05102819265167,31.195207965326986,24.14400606824265,39.44710419059095,,1999.403422848468,2000.0,True,2.0790095997241105,1.7044371744520501,formula
DDO170,7.85,58.6,1.1,0.2914737740204887,137.04811464968157,74.26083414534745,211.308948795029,32.79981249946408,24.144306741776152,40.728064624297794,,1999.403422848468,2000.0,True,2.0790095997241105,1.7044371744520501,formula
DDO170,9.34,59.0,1.2,0.2915066427771605,114.01157387580301,62.421122650355564,176.43269652615857,32.63231680405178,24.14566804945187,40.59410530550367,,1999.403422848468,2000.0,True,2.0790095997241105,1.7044371744520501,formula
DDO170,10.83,60.0,1.3,0.2916125767297003,89.95710064635273,53.85273808489387,143.8098387312466,31.212744192076414,24.150054936985146,39.464674754258404,,1999.403422848468,2000.0,True,2.0790095997241105,1.7044371744520501,formula
DDO170,12.33,62.2,1.0,0.2916754798163865,68.55718572587185,47.31151335221192,115.86869907808376,29.074217100379503,24.152659473291404,37.797632989815284,,1999.403422848468,2000.0,True,2.0790095997241105,1.7044371744520501,formula
