galaxy,r_kpc,v_obs_kmps,v_err_kmps,sigma_profile,a_bar_kmps2_per_kpc,a_struct_kmps2_per_kpc,a_total_kmps2_per_kpc,v_bar_kmps,v_struct_kmps,v_model_kmps,beta_raw,beta_formula,beta_clipped,use_dimension_proxy,d_eff_proxy,d_eff_response,beta_mode
F561-1,1.61,23.4,10.0,-0.05758673664802239,525.2647204968944,-40.971810465652155,484.29291003124223,29.080512375128468,0.0,27.92331615604243,,1996.198795953891,1145.4827741478782,True,4.401760913056671,0.5738320133594235,formula
F561-1,3.23,40.6,5.0,0.050473696296384915,471.8208359133127,17.899922493832964,489.72075840714564,39.03820308364615,7.60373261333409,39.77182482178911,,1996.198795953891,1145.4827741478782,True,4.401760913056671,0.5738320133594235,formula
F561-1,4.84,45.5,5.0,0.05702440998629722,366.862417355372,13.495966806869776,380.35838416224175,42.138036261790845,8.082108595239841,42.90611354277208,,1996.198795953891,1145.4827741478782,True,4.401760913056671,0.5738320133594235,formula
F561-1,6.45,49.2,5.0,0.018226514263174953,368.2734418604651,3.2369237397251958,371.51036560019026,48.7377030644654,4.569262316964032,48.951423453473005,,1996.198795953891,1145.4827741478782,True,4.401760913056671,0.5738320133594235,formula
F561-1,8.06,50.4,5.0,-0.05733119857011093,375.7607071960298,-8.147878459468181,367.6128287365616,55.03300191703157,0.0,54.433072663746316,,1996.198795953891,1145.4827741478782,True,4.401760913056671,0.5738320133594235,formula
F561-1,9.66,50.4,5.0,-0.05757382642129348,341.6626501035197,-6.827104182957728,334.83554592056197,57.449640555881636,0.0,56.87276477886959,,1996.198795953891,1145.4827741478782,True,4.401760913056671,0.5738320133594235,formula
