galaxy,r_kpc,v_obs_kmps,v_err_kmps,sigma_profile,a_bar_kmps2_per_kpc,a_struct_kmps2_per_kpc,a_total_kmps2_per_kpc,v_bar_kmps,v_struct_kmps,v_model_kmps,beta_raw,beta_formula,beta_clipped,use_dimension_proxy,d_eff_proxy,d_eff_response,beta_mode
F567-2,1.92,26.9,8.0,0.06996977553523188,348.5900520833334,49.7930101322581,398.38306221559145,25.87069577726892,9.777657155675666,27.656743833176304,,1998.4850757414922,1366.341091172956,True,3.679029958648364,0.6836884136680412,formula
F567-2,3.83,46.8,5.0,0.1318380399623649,311.294046997389,47.03282803662701,358.326875034016,34.52906312079724,13.42146532165104,37.04580855346906,,1998.4850757414922,1366.341091172956,True,3.679029958648364,0.6836884136680412,formula
F567-2,5.75,47.6,5.0,0.13186191235002767,188.49739130434784,31.333625948606873,219.83101725295472,32.922029099069825,13.422680403126996,35.55317635886405,,1998.4850757414922,1366.341091172956,True,3.679029958648364,0.6836884136680412,formula
F567-2,7.67,48.1,8.0,0.1317416444037211,181.42417209908737,23.46858176890481,204.89275386799218,37.30312855512256,13.416557761493813,39.64249515567228,,1998.4850757414922,1366.341091172956,True,3.679029958648364,0.6836884136680412,formula
F567-2,9.59,52.2,10.0,0.13168746565421863,175.06891553701772,18.76225187860128,193.831167415619,40.974515250335784,13.413798698198294,43.11427716564185,,1998.4850757414922,1366.341091172956,True,3.679029958648364,0.6836884136680412,formula
