galaxy,r_kpc,v_obs_kmps,v_err_kmps,sigma_profile,a_bar_kmps2_per_kpc,a_struct_kmps2_per_kpc,a_total_kmps2_per_kpc,v_bar_kmps,v_struct_kmps,v_model_kmps,beta_raw,beta_formula,beta_clipped,use_dimension_proxy,d_eff_proxy,d_eff_response,beta_mode
NGC3953,3.5,181.0,7.5,-0.04144072218396683,11904.2784,-1.5865588379906526,11902.691841162008,204.12,0.0,204.10639736193235,,235.64024235278708,133.99756665234202,True,4.499336254637402,0.5686531524260128,formula
NGC3953,5.24,203.0,6.5,-0.041385068137999886,9147.012385496184,-1.0583012263804112,9145.954084269804,218.93,0.0,218.91733463016075,,235.64024235278708,133.99756665234202,True,4.499336254637402,0.5686531524260128,formula
NGC3953,6.98,216.0,5.6,-0.04116159517508451,7520.256747851003,-0.7901939244971499,7519.466553926505,229.11,0.0,229.09796277227568,,235.64024235278708,133.99756665234202,True,4.499336254637402,0.5686531524260128,formula
NGC3953,8.72,223.0,6.1,-0.04142975845458081,6852.61490825688,-0.6366383967784542,6851.978269860101,244.44795356067107,0.0,244.43659814598158,,235.64024235278708,133.99756665234202,True,4.499336254637402,0.5686531524260128,formula
NGC3953,10.47,224.0,5.6,-0.04143733322777601,5883.889589302769,-0.5303249112783402,5883.359264391491,248.20218371319783,0.0,248.19099802003075,,235.64024235278708,133.99756665234202,True,4.499336254637402,0.5686531524260128,formula
NGC3953,12.19,223.0,6.1,-0.041430226805280655,4906.096800656276,-0.4554183410797573,4905.641382315196,244.5512625197425,0.0,244.53991177397248,,235.64024235278708,133.99756665234202,True,4.499336254637402,0.5686531524260128,formula
NGC3953,13.94,224.0,6.1,-0.04096260560090832,4004.6004304160692,-0.39375103832577557,4004.2066793777435,236.27130591758282,0.0,236.2596899822857,,235.64024235278708,133.99756665234202,True,4.499336254637402,0.5686531524260128,formula
NGC3953,15.68,215.0,9.7,-0.03776859805730474,3141.721147959184,-0.3227614946141076,3141.3983864645697,221.95086753603826,0.0,221.93946629602507,,235.64024235278708,133.99756665234202,True,4.499336254637402,0.5686531524260128,formula
