galaxy,r_kpc,v_obs_kmps,v_err_kmps,sigma_profile,a_bar_kmps2_per_kpc,a_struct_kmps2_per_kpc,a_total_kmps2_per_kpc,v_bar_kmps,v_struct_kmps,v_model_kmps,beta_raw,beta_formula,beta_clipped,use_dimension_proxy,d_eff_proxy,d_eff_response,beta_mode
UGC02455,0.5,16.9,3.64,-0.375600369393503,3395.465,-237.66225142383203,3157.802748576168,41.20354960437268,0.0,39.73539196092174,,550.2606871078391,316.3764878713975,True,4.383316534972452,0.5749574615883737,formula
UGC02455,1.0,23.9,3.64,-0.3756390650695767,4208.276,-118.84336811400804,4089.4326318859917,64.87122628716062,0.0,63.948671853964186,,550.2606871078391,316.3764878713975,True,4.383316534972452,0.5749574615883737,formula
UGC02455,1.51,28.2,3.64,-0.37564382565231297,4108.530132450331,-78.70521473540023,4029.8249177149305,78.76471608531322,0.0,78.00663834411495,,550.2606871078391,316.3764878713975,True,4.383316534972452,0.5749574615883737,formula
UGC02455,2.01,33.0,3.64,-0.3755762722794744,3013.6024378109455,-59.11617012518001,2954.4862676857656,77.82892071717299,0.0,77.0617765046225,,550.2606871078391,316.3764878713975,True,4.383316534972452,0.5749574615883737,formula
UGC02455,2.52,39.1,3.64,-0.3751468205496723,2387.4089682539684,-47.0982672704868,2340.3107009834816,77.56462209022874,0.0,76.79572231887903,,550.2606871078391,316.3764878713975,True,4.383316534972452,0.5749574615883737,formula
UGC02455,3.02,43.8,3.64,-0.3738749715665369,1975.9297019867552,-39.167301459350846,1936.7624005274042,77.24835079145703,0.0,76.47890198997865,,550.2606871078391,316.3764878713975,True,4.383316534972452,0.5749574615883737,formula
UGC02455,3.52,53.1,3.64,-0.35616813207699866,1582.7211363636363,-32.01227918131729,1550.708857182319,74.64032690174929,0.0,73.88162949801367,,550.2606871078391,316.3764878713975,True,4.383316534972452,0.5749574615883737,formula
UGC02455,4.03,61.0,3.64,-0.26187416221051046,1276.2332754342433,-20.55851804080048,1255.6747573934429,71.71624711318907,0.0,71.13627254991349,,550.2606871078391,316.3764878713975,True,4.383316534972452,0.5749574615883737,formula
