galaxy,r_kpc,v_obs_kmps,v_err_kmps,sigma_profile,a_bar_kmps2_per_kpc,a_struct_kmps2_per_kpc,a_total_kmps2_per_kpc,v_bar_kmps,v_struct_kmps,v_model_kmps,beta_raw,beta_formula,beta_clipped,use_dimension_proxy,d_eff_proxy,d_eff_response,beta_mode
UGC07690,0.59,45.3,4.31,-0.028295548386899762,3579.5850847457627,-34.75033343646925,3544.8347513092936,45.956013752282736,0.0,45.732401022387656,,1263.8755909531963,724.5908949058986,True,4.410627343884251,0.5733087181147496,formula
UGC07690,1.18,59.8,4.31,0.12878681327210842,2139.3093220338988,79.08284091603042,2218.392162949929,50.24325825421755,9.660111401061371,51.163490423161285,,1263.8755909531963,724.5908949058986,True,4.410627343884251,0.5733087181147496,formula
UGC07690,1.77,60.7,4.31,0.12984210578056982,1295.4780225988702,53.153902612434706,1348.6319252113049,47.885238852907484,9.699608632517574,48.857737438649465,,1263.8755909531963,724.5908949058986,True,4.410627343884251,0.5733087181147496,formula
UGC07690,2.36,58.8,4.31,0.12986242669596784,904.6292372881355,39.87166609079789,944.5009033789335,46.2052486196103,9.70036762057413,47.212520923736776,,1263.8755909531963,724.5908949058986,True,4.410627343884251,0.5733087181147496,formula
UGC07690,2.95,57.9,4.31,0.1299811186775999,642.1696610169491,31.926486475753194,674.0961474927024,43.524711371817276,9.704799591102947,44.59353804200192,,1263.8755909531963,724.5908949058986,True,4.410627343884251,0.5733087181147496,formula
UGC07690,3.54,56.9,4.31,0.1300117458985881,472.82771186440675,26.611674381055437,499.4393862454622,40.91222433454334,9.705942886136114,42.04777553342074,,1263.8755909531963,724.5908949058986,True,4.410627343884251,0.5733087181147496,formula
UGC07690,4.13,55.9,4.31,0.13001976385880076,356.4788619854722,22.811413329274107,379.2902753147463,38.370010424809635,9.706242169341442,39.57864117235333,,1263.8755909531963,724.5908949058986,True,4.410627343884251,0.5733087181147496,formula
