galaxy,r_kpc,v_obs_kmps,v_err_kmps,sigma_profile,a_bar_kmps2_per_kpc,a_struct_kmps2_per_kpc,a_total_kmps2_per_kpc,v_bar_kmps,v_struct_kmps,v_model_kmps,beta_raw,beta_formula,beta_clipped,use_dimension_proxy,d_eff_proxy,d_eff_response,beta_mode
UGC06818,0.87,23.4,5.55,-0.17981647125688807,876.7247126436782,-256.2000289412819,620.5246837023963,27.61793801137225,0.0,23.23481170186418,,1999.0164770632043,1239.5640044592246,True,3.9611717585171093,0.6200869370923312,formula
UGC06818,1.74,28.0,5.2,-0.1910658355684046,871.1513218390805,-136.11398405317203,735.0373377859084,38.93331863584198,0.0,35.76261969917026,,1999.0164770632043,1239.5640044592246,True,3.9611717585171093,0.6200869370923312,formula
UGC06818,2.61,36.7,4.25,-0.16365599487955682,658.562796934866,-77.72493500638384,580.8378619284822,41.45900264116348,0.0,38.935675410005906,,1999.0164770632043,1239.5640044592246,True,3.9611717585171093,0.6200869370923312,formula
UGC06818,3.5,47.6,4.25,0.1547324222842746,522.0371428571428,54.80021171039177,576.8373545675346,42.744941221155045,13.84921445376492,44.93251318351079,,1999.0164770632043,1239.5640044592246,True,3.9611717585171093,0.6200869370923312,formula
UGC06818,4.37,63.3,4.75,0.1913647659744331,411.01556064073225,54.28120723653791,465.29676787727016,42.38086832522429,15.401586789148405,45.09264768921504,,1999.0164770632043,1239.5640044592246,True,3.9611717585171093,0.6200869370923312,formula
UGC06818,5.24,71.2,5.25,0.19144593921472475,351.44751908396944,45.288071574515556,396.73559065848497,42.91369245357477,15.404852970751183,45.594895493360454,,1999.0164770632043,1239.5640044592246,True,3.9611717585171093,0.6200869370923312,formula
UGC06818,6.11,68.1,6.0,0.1914408949771918,286.4779378068739,38.83850121034136,325.31643901721526,41.83754533908508,15.404650025079627,44.58344359058848,,1999.0164770632043,1239.5640044592246,True,3.9611717585171093,0.6200869370923312,formula
UGC06818,6.98,74.4,6.0,0.19145503128771515,235.6433524355301,34.0001096356542,269.6434620711843,40.556018049113256,15.405218766926561,43.383307449488754,,1999.0164770632043,1239.5640044592246,True,3.9611717585171093,0.6200869370923312,formula
