galaxy,r_kpc,v_obs_kmps,v_err_kmps,sigma_profile,a_bar_kmps2_per_kpc,a_struct_kmps2_per_kpc,a_total_kmps2_per_kpc,v_bar_kmps,v_struct_kmps,v_model_kmps,beta_raw,beta_formula,beta_clipped,use_dimension_proxy,d_eff_proxy,d_eff_response,beta_mode
UGC07866,0.33,12.2,4.07,0.16147157091511014,283.29242424242415,723.5095827385805,1006.8020069810048,9.66884170932589,15.451801264051113,18.227579716016375,,1998.8850863720297,1478.639000974686,True,3.513345267548645,0.7397318690582715,formula
UGC07866,0.66,19.4,4.07,0.16250326068552362,282.73030303030305,364.0661500532903,646.7964530835934,13.660234258606257,15.501085737301487,20.661211460976137,,1998.8850863720297,1478.639000974686,True,3.513345267548645,0.7397318690582715,formula
UGC07866,1.0,23.9,4.07,0.16224221181933518,324.5125,239.89766200046517,564.4101620004651,18.014230485924177,15.488630087921436,23.757318072553247,,1998.8850863720297,1478.639000974686,True,3.513345267548645,0.7397318690582715,formula
UGC07866,1.33,26.0,4.07,0.16223678199778901,289.15225563909775,180.36814530417945,469.5204009432772,19.61052013588625,15.488370903828416,24.989240349689677,,1998.8850863720297,1478.639000974686,True,3.513345267548645,0.7397318690582715,formula
UGC07866,1.67,28.2,4.07,0.16244520139535004,249.3452095808383,143.83102413434256,393.17623371518084,20.40604077228113,15.498316369991679,25.624291410775676,,1998.8850863720297,1478.639000974686,True,3.513345267548645,0.7397318690582715,formula
UGC07866,2.0,30.6,4.07,0.16252042062189348,225.97984999999997,120.15451619317118,346.13436619317116,21.259343828067692,15.501904153565857,26.311000216379885,,1998.8850863720297,1478.639000974686,True,3.513345267548645,0.7397318690582715,formula
UGC07866,2.32,33.1,4.07,0.1625534544775002,203.86125000000004,103.60253341965303,307.46378341965305,21.747599867571594,15.503479529886025,26.707975916074115,,1998.8850863720297,1478.639000974686,True,3.513345267548645,0.7397318690582715,formula
