galaxy,r_kpc,v_obs_kmps,v_err_kmps,sigma_profile,a_bar_kmps2_per_kpc,a_struct_kmps2_per_kpc,a_total_kmps2_per_kpc,v_bar_kmps,v_struct_kmps,v_model_kmps,beta_raw,beta_clipped,beta_hit_lower,beta_hit_upper,beta_mode
UGC10310,1.1,33.2,5.06,0.6138751923073898,422.49172727272725,1116.1367132861633,1538.6284405588906,21.557850078335733,35.03926917923346,41.13989893782895,3874.9755197165414,2000.0,False,True,structural
UGC10310,2.21,54.6,5.06,0.5936745745401549,590.7111764705883,537.2620584073801,1127.9732348779685,36.13131190532666,34.45793303551898,49.928156876459106,3874.9755197165414,2000.0,False,True,structural
UGC10310,3.31,65.7,5.06,0.6470496278478588,515.948821752266,390.9665425062591,906.9153642585251,41.32542316782734,35.97359108701434,54.78950497764803,3874.9755197165414,2000.0,False,True,structural
UGC10310,4.42,69.2,5.06,0.6583824060011914,419.25904977375563,297.9105909507653,717.169640724521,43.04793839430641,36.287254125965255,56.301774501363475,3874.9755197165414,2000.0,False,True,structural
UGC10310,5.52,70.9,5.06,0.5831917188544863,406.58922101449286,211.30134741104578,617.8905684255386,47.37480870673781,34.152356254129415,58.40167752478496,3874.9755197165414,2000.0,False,True,structural
UGC10310,6.64,72.4,5.06,0.5714694851133868,360.1084939759036,172.1293629859599,532.2378569618635,48.8990838359984,33.807380410596345,59.447955139153215,3874.9755197165414,2000.0,False,True,structural
UGC10310,7.74,73.2,5.06,0.6251044921386841,285.7251291989664,161.52570856296748,447.2508377619339,47.02672112746114,35.35829441980153,58.836395915091266,3874.9755197165414,2000.0,False,True,structural
