galaxy,gamma_topo,n_points,n_segments,mean_Dw_i,mean_sigma_i,mean_beta_i,mean_info_source_i,mean_v_struct_kms,rmse_vis_only_kms,rmse_topo_kms,mae_vis_only_kms,mae_topo_kms,reduced_chi2_vis_only,reduced_chi2_topo,rmse_improvement_kms,mae_improvement_kms
ESO563-G021,1e-06,26,5,2.008788424053411,0.005749287926006286,0.9749421862207205,0.013913114581428892,0.00015480096104405024,64.78208319473143,64.78208319479373,57.10482145811693,57.10482145820236,67.4922502885804,67.49225028865405,-6.230038707144558e-11,-8.542855312043685e-11
ESO563-G021,0.0001,26,5,2.008788424053411,0.005749287926006286,0.9749421862207205,0.013913114581428892,0.0015480096104405025,64.78208319473143,64.78208320096267,57.10482145811693,57.104821466660795,67.4922502885804,67.49225029594591,-6.231246629795351e-09,-8.543864282728464e-09
ESO563-G021,0.01,26,5,2.008788424053411,0.005749287926006286,0.9749421862207205,0.013913114581428892,0.015480096104405025,64.78208319473143,64.78208381785738,57.10482145811693,57.10482231250471,67.4922502885804,67.49225102513239,-6.231259561673141e-07,-8.543877783040443e-07
ESO563-G021,1.0,26,5,2.008788424053411,0.005749287926006286,0.9749421862207205,0.013913114581428892,0.15480096104405022,64.78208319473143,64.78214550780346,57.10482145811693,57.10490689534102,67.4922502885804,67.49232394465402,-6.231307203563574e-05,-8.543722408660415e-05
ESO563-G021,100.0,26,5,2.008788424053411,0.005749287926006286,0.9749421862207205,0.013913114581428892,1.5480096104405026,64.78208319473143,64.7883192418924,57.10482145811693,57.11334968179681,67.4922502885804,67.49962461581427,-0.006236047160967928,-0.008528223679881819
ESO563-G021,10000.0,26,5,2.008788424053411,0.005749287926006286,0.9749421862207205,0.013913114581428892,15.480096104405025,64.78208319473143,65.44172312563745,57.10482145811693,57.84011600071272,67.4922502885804,68.3012659374099,-0.6596399309060246,-0.7352945425957884
ESO563-G021,1000000.0,26,5,2.008788424053411,0.005749287926006286,0.9749421862207205,0.013913114581428892,154.80096104405024,64.78208319473143,137.28894392667672,57.10482145811693,83.40193588489917,67.4922502885804,316.27401339211616,-72.5068607319453,-26.297114426782244
