galaxy,r_kpc,v_obs_kmps,v_err_kmps,sigma_profile,a_bar_kmps2_per_kpc,a_struct_kmps2_per_kpc,a_total_kmps2_per_kpc,v_bar_kmps,v_struct_kmps,v_model_kmps,beta_raw,beta_formula,beta_clipped,use_dimension_proxy,d_eff_proxy,d_eff_response,beta_mode
D512-2,0.96,22.9,2.71,0.6085083890232073,247.05093749999997,1044.1450482461016,1291.1959857461015,15.400288958328021,31.660373439305125,35.20721724755107,,1137.0215963268981,1647.2726825102632,True,1.847308187937727,1.4487611210127498,formula
D512-2,1.92,33.5,2.71,0.631984322231079,254.36333333333334,542.2138071802187,796.5771405135521,22.099266956168478,32.26531434506752,39.107903418439854,,1137.0215963268981,1647.2726825102632,True,1.847308187937727,1.4487611210127498,formula
D512-2,2.88,37.2,4.19,0.7665865557864988,166.04725694444443,438.46426809955886,604.5115250440033,21.86815264259878,35.53557502175432,41.72521051027459,,1137.0215963268981,1647.2726825102632,True,1.847308187937727,1.4487611210127498,formula
D512-2,3.83,35.9,5.98,0.7376080676732203,122.36409921671016,317.2432428922395,439.60734210894964,21.64842950423887,34.85744712794208,41.03286634244891,,1137.0215963268981,1647.2726825102632,True,1.847308187937727,1.4487611210127498,formula
