galaxy,r_kpc,v_obs_kmps,v_err_kmps,sigma_profile,a_bar_kmps2_per_kpc,a_struct_kmps2_per_kpc,a_total_kmps2_per_kpc,v_bar_kmps,v_struct_kmps,v_model_kmps,beta_raw,beta_formula,beta_clipped,use_dimension_proxy,d_eff_proxy,d_eff_response,beta_mode
F567-2,1.92,26.9,8.0,0.07525510052447791,348.5900520833334,53.97591275184622,402.5659648351796,25.87069577726892,10.180066428248134,27.801558454222395,,973.8766619219672,1377.0993827831803,True,2.443644026924693,1.4140387963147656,formula
F567-2,3.83,46.8,5.0,0.4768453357719359,311.294046997389,171.45258944505778,482.74663644244674,34.52906312079724,25.625444729303165,42.99906531047589,,973.8766619219672,1377.0993827831803,True,2.443644026924693,1.4140387963147656,formula
F567-2,5.75,47.6,5.0,0.5551043979933535,188.49739130434784,132.94503023597844,321.4424215403263,32.922029099069825,27.648398215030035,42.99178902833512,,973.8766619219672,1377.0993827831803,True,2.443644026924693,1.4140387963147656,formula
F567-2,7.67,48.1,8.0,0.41238841939082466,181.42417209908737,74.04169984485475,255.46587194394212,37.30312855512256,23.830649126912927,44.26537289812474,,973.8766619219672,1377.0993827831803,True,2.443644026924693,1.4140387963147656,formula
F567-2,9.59,52.2,10.0,0.39617638393084337,175.06891553701772,56.889911760629474,231.9588272976472,40.974515250335784,23.357530986481354,47.16444798557953,,973.8766619219672,1377.0993827831803,True,2.443644026924693,1.4140387963147656,formula
