galaxy,r_kpc,v_obs_kmps,v_err_kmps,sigma_profile,a_bar_kmps2_per_kpc,a_struct_kmps2_per_kpc,a_total_kmps2_per_kpc,v_bar_kmps,v_struct_kmps,v_model_kmps,beta_raw,beta_formula,beta_clipped,use_dimension_proxy,d_eff_proxy,d_eff_response,beta_mode
UGC04483,0.08,5.11,2.79,0.3492898230689228,218.1125,7813.837016958301,8031.9495169583015,4.177200019151585,25.00213913561526,25.348687566749174,,1243.2459787458008,1789.6512296417989,True,2.223143658465034,1.4394989086932075,formula
UGC04483,0.24,10.8,1.94,0.1499089928534364,414.40833333333336,1117.8533891438171,1532.2617224771504,9.972863179649062,16.37940210735777,19.176621532337652,,1243.2459787458008,1789.6512296417989,True,2.223143658465034,1.4394989086932075,formula
UGC04483,0.4,17.3,1.56,0.5433304375088243,380.00225,2430.9299639737096,2810.9322139737096,12.328864505703677,31.182879687249603,33.53166988966526,,1243.2459787458008,1789.6512296417989,True,2.223143658465034,1.4394989086932075,formula
UGC04483,0.57,20.8,1.25,0.6637504168862518,319.42877192982456,2084.003069746908,2403.4318416767323,13.493494728942537,34.46566044276154,37.012918687341276,,1243.2459787458008,1789.6512296417989,True,2.223143658465034,1.4394989086932075,formula
UGC04483,0.73,20.8,1.62,0.6163408183183012,268.97780821917814,1511.0069909339456,1779.9847991531237,14.012630017238022,33.211972289850245,36.04703737315704,,1243.2459787458008,1789.6512296417989,True,2.223143658465034,1.4394989086932075,formula
UGC04483,0.89,22.9,1.76,0.7244690412965229,224.52719101123594,1456.794281565997,1681.321472577233,14.136095642008085,36.00759517926374,38.683020960025054,,1243.2459787458008,1789.6512296417989,True,2.223143658465034,1.4394989086932075,formula
UGC04483,1.05,24.3,2.23,0.7843366900651819,193.79676190476187,1336.8467826936487,1530.6435445984107,14.26487294019824,37.46583939842175,40.08959617941208,,1243.2459787458008,1789.6512296417989,True,2.223143658465034,1.4394989086932075,formula
UGC04483,1.21,24.2,1.23,0.7754007690098389,169.33719008264464,1146.856974978227,1316.1941650608717,14.3142586255803,37.25180451634061,39.907329398541,,1243.2459787458008,1789.6512296417989,True,2.223143658465034,1.4394989086932075,formula
