galaxy,r_kpc,v_obs_kmps,v_err_kmps,sigma_profile,a_bar_kmps2_per_kpc,a_struct_kmps2_per_kpc,a_total_kmps2_per_kpc,v_bar_kmps,v_struct_kmps,v_model_kmps,beta_raw,beta_formula,beta_clipped,use_dimension_proxy,d_eff_proxy,d_eff_response,beta_mode
UGC08837,0.52,7.31,2.12,0.0,266.70192307692304,0.0,266.70192307692304,11.776459569836767,0.0,11.776459569836767,,967.7465617805838,1048.9598234704604,True,2.9339560526981425,1.0839199692329053,formula
UGC08837,1.05,14.6,2.05,0.0,282.31047619047615,0.0,282.31047619047615,17.217026456389036,0.0,17.217026456389036,,967.7465617805838,1048.9598234704604,True,2.9339560526981425,1.0839199692329053,formula
UGC08837,1.57,21.0,2.05,0.021879008729597443,274.7496178343949,14.617962506182927,289.36758034057783,20.76913334734986,4.790636819328637,21.314481019595743,,967.7465617805838,1048.9598234704604,True,2.9339560526981425,1.0839199692329053,formula
UGC08837,2.09,28.1,2.06,0.08057539341768745,347.4413397129187,40.440359069607815,387.88169878252654,26.94721506946497,9.193495007638843,28.47231550920087,,967.7465617805838,1048.9598234704604,True,2.9339560526981425,1.0839199692329053,formula
UGC08837,2.63,35.3,2.5,0.24393165521325058,359.70406844106463,97.29068668872569,456.9947551297903,30.757465760364585,15.996077831498212,34.66837472382212,,967.7465617805838,1048.9598234704604,True,2.9339560526981425,1.0839199692329053,formula
UGC08837,3.15,43.0,3.38,0.43878207864376856,338.92168253968254,146.115800557514,485.0374830971965,32.674199301589624,21.453782224963717,39.087953025915404,,967.7465617805838,1048.9598234704604,True,2.9339560526981425,1.0839199692329053,formula
UGC08837,3.68,46.6,3.15,0.5050614264140355,306.6017663043478,143.96444149266455,450.56620779701234,33.590095266313256,23.017148926246396,40.719573238100196,,967.7465617805838,1048.9598234704604,True,2.9339560526981425,1.0839199692329053,formula
UGC08837,4.2,48.0,3.0,0.5072264861953235,284.0139523809524,126.68100129023533,410.6949536711877,34.53778510559124,23.06643027039486,41.53214183519781,,967.7465617805838,1048.9598234704604,True,2.9339560526981425,1.0839199692329053,formula
