galaxy,r_kpc,v_obs_kmps,v_err_kmps,sigma_profile,a_bar_kmps2_per_kpc,a_struct_kmps2_per_kpc,a_total_kmps2_per_kpc,v_bar_kmps,v_struct_kmps,v_model_kmps,beta_raw,beta_formula,beta_clipped,use_dimension_proxy,d_eff_proxy,d_eff_response,beta_mode
UGC07866,0.33,12.2,4.07,0.3908976414259013,283.29242424242415,1956.3538561187552,2239.6462803611794,9.66884170932589,25.40859642953914,27.18608600955991,,1158.3752897592483,1651.5750009752076,True,2.372196528657482,1.4257685014314003,formula
UGC07866,0.66,19.4,4.07,0.5499013979224155,282.73030303030305,1376.0657603181537,1658.7960633484568,13.660234258606257,30.136413220719906,33.087843716537066,,1158.3752897592483,1651.5750009752076,True,2.372196528657482,1.4257685014314003,formula
UGC07866,1.0,23.9,4.07,0.46072631786851803,324.5125,760.9240688830015,1085.4365688830014,18.014230485924177,27.58485216351542,32.945964379313615,,1158.3752897592483,1651.5750009752076,True,2.372196528657482,1.4257685014314003,formula
UGC07866,1.33,26.0,4.07,0.4597969488663772,289.15225563909775,570.9692829115671,860.1215385506648,19.61052013588625,27.557016280293922,33.82250206995905,,1158.3752897592483,1651.5750009752076,True,2.372196528657482,1.4257685014314003,formula
UGC07866,1.67,28.2,4.07,0.5148323045953299,249.3452095808383,509.15219399047925,758.4974035713176,20.40604077228113,29.159632438768845,35.59059797143201,,1158.3752897592483,1651.5750009752076,True,2.372196528657482,1.4257685014314003,formula
UGC07866,2.0,30.6,4.07,0.5668374590017143,225.97984999999997,468.0872884517703,694.0671384517702,21.259343828067692,30.596970060833485,37.25767406727828,,1158.3752897592483,1651.5750009752076,True,2.372196528657482,1.4257685014314003,formula
UGC07866,2.32,33.1,4.07,0.6353571693860762,203.86125000000004,452.30173174500607,656.1629817450062,21.747599867571594,32.39351814249903,39.01663898452062,,1158.3752897592483,1651.5750009752076,True,2.372196528657482,1.4257685014314003,formula
