galaxy,r_kpc,v_obs_kmps,v_err_kmps,sigma_profile,a_bar_kmps2_per_kpc,a_struct_kmps2_per_kpc,a_total_kmps2_per_kpc,v_bar_kmps,v_struct_kmps,v_model_kmps,beta_raw,beta_formula,beta_clipped,beta_mode
UGC06923,0.93,40.5,7.35,0.0,2849.6313978494622,0.0,2849.6313978494622,51.479677543667655,0.0,51.479677543667655,,1666.7208168254735,1666.7208168254735,formula
UGC06923,1.94,53.9,5.9,0.0,1708.528711340206,0.0,1708.528711340206,57.572091329045875,0.0,57.572091329045875,,1666.7208168254735,1666.7208168254735,formula
UGC06923,2.87,73.0,4.7,0.34856246105954714,1263.750975609756,202.4238013281762,1466.1747769379324,60.22429161061174,24.103035282135437,64.86849473983396,,1666.7208168254735,1666.7208168254735,formula
UGC06923,3.72,78.4,3.9,0.43931565626515146,1005.6108602150538,196.83240576733124,1202.4432659823851,61.16267162248556,27.059500170078387,66.88115541357276,,1666.7208168254735,1666.7208168254735,formula
UGC06923,4.47,79.3,5.3,0.467905055173403,825.8104921700223,174.466911802099,1000.2774039721212,60.75666959272866,27.92610061851426,66.86733130427281,,1666.7208168254735,1666.7208168254735,formula
UGC06923,5.16,81.1,5.1,0.5134914599054671,705.6989922480622,165.8618033888653,871.5607956369274,60.34407013120677,29.254861228290675,67.06156653021569,,1666.7208168254735,1666.7208168254735,formula
