galaxy,segment_index,r_left_kpc,r_right_kpc,r_mid_kpc,dr_kpc,h_i_kpc,v_obs_segment_kms,v_vis_segment_kms,v_err_segment_kms,mass_bar_segment_msun,n_points,density_ref_gal_msun_per_kpc3,segment_wedge_volume_eff_kpc3,segment_density_eff_msun_per_kpc3,alpha_geom_i,alpha_dens_i,Dw_i,sigma_i,beta_i,ell_info_kpc,c_info_gal,tau_struct_gal,S_i,I_int_i,eta_sigma_term_i,eta_dw_term_i,eta_density_term_i,eta_flow_term_i,eta_transition_term_i,propagation_source_i,propagation_term_i,eta_obs_i,I_ext_i,DeltaD_i
NGC4088,1,1.74,6.98,4.36,5.24,1.41,140.475,206.23582623980633,8.925,43117577877.2855,4,1338497201.579239,32.213424,1338497201.579239,2.0886953301209505,2.2378253204756997,2.1632603252983253,0.036533128614173016,9.92986568666727e-05,5.24,1.0,2.0,4855.653719674732,10800.167336803195,0.4482153891180077,0.47427289678332146,0.5,0.48277705767331885,0.5326567627828631,0.07605865262472832,0.33626384527407543,0.551366348260065,5954.848825090809,0.44863365173993497
NGC4088,2,8.72,13.94,11.33,5.219999999999999,1.41,176.5,228.6614531039015,6.625,137738539364.0437,4,1338497201.579239,83.39106599999998,1651718175.2304704,2.0438904639887947,2.2095639293795095,2.1267271966841523,0.04497484612552172,0.00024861862844916113,5.24,1.0,2.0,18468.82644305053,23763.909637495104,0.5,0.5,0.502488980735805,0.5031435141663676,0.5,0.13051420296339966,0.5,0.6233298068796771,14812.753205045921,0.37667019312032285
NGC4088,3,15.68,21.48,18.58,5.800000000000001,1.41,169.5,176.15766912675343,6.975,134056681773.51591,4,1338497201.579239,151.94724,882258090.199703,2.029469563753979,2.117151702340585,2.073310633047282,0.05341656363687042,0.00033952605310768637,5.24,1.0,2.0,16000.910654748272,20952.504492186366,0.5428986510699197,0.5333869310463376,0.49499170863274,0.5,0.46243641716093825,0.14333724648182314,0.5666258955826161,0.6533421305356932,13689.153924983724,0.34665786946430677
