galaxy,segment_index,r_left_kpc,r_right_kpc,r_mid_kpc,dr_kpc,h_i_kpc,v_obs_segment_kms,v_vis_segment_kms,v_err_segment_kms,mass_bar_segment_msun,n_points,density_ref_gal_msun_per_kpc3,segment_wedge_volume_eff_kpc3,segment_density_eff_msun_per_kpc3,alpha_geom_i,alpha_dens_i,Dw_i,sigma_i,beta_i,ell_info_kpc,c_info_gal,tau_struct_gal,S_i,I_int_i,eta_sigma_term_i,eta_dw_term_i,eta_density_term_i,eta_flow_term_i,eta_transition_term_i,propagation_source_i,propagation_term_i,eta_obs_i,I_ext_i,DeltaD_i
UGC08837,1,0.52,2.09,1.305,1.5699999999999998,0.93,17.752499999999998,19.17745861076016,2.07,111591795.45525987,4,115412041.66949572,1.9054304999999996,58565135.51937995,2.27388953808764,2.224544362866248,2.249216950476944,0.01627559377506227,2.0330986729726434e-07,2.0,1.0,2.0,0.1937913781244377,0.26680466982573003,0.5,0.4920171329349712,0.4925720352912235,0.49573006348972665,0.5,0.11944165244934553,0.4503292928861159,0.6007303874575389,0.16027767267989154,0.39926961254246107
UGC08837,2,2.63,4.2,3.415,1.5700000000000003,0.93,43.225,32.88988635846468,3.0075,858924714.3644816,4,115412041.66949572,4.986241500000001,172258947.8196115,2.125746028086978,2.340136685316785,2.2329413567018817,0.01627559377506227,7.47935203659577e-08,2.0,1.0,2.0,0.2096923596706629,0.27716905001082404,0.5,0.5077358500157848,0.5072136342269377,0.5041982317776889,0.5,0.13054997932803483,0.5414377397713147,0.6419094421826399,0.1779174302827403,0.35809055781736004
