galaxy,r_kpc,v_obs_kmps,v_err_kmps,sigma_profile,a_bar_kmps2_per_kpc,a_struct_kmps2_per_kpc,a_total_kmps2_per_kpc,v_bar_kmps,v_struct_kmps,v_model_kmps,beta_raw,beta_formula,beta_clipped,beta_mode
NGC4068,0.21,4.68,3.65,0.0,226.8190476190476,0.0,226.8190476190476,6.901594018775662,0.0,6.901594018775662,,1042.0310186975173,1042.0310186975173,formula
NGC4068,0.64,13.1,3.44,0.0,460.89078125,0.0,460.89078125,17.174693592608865,0.0,17.174693592608865,,1042.0310186975173,1042.0310186975173,formula
NGC4068,1.06,22.5,2.45,0.0,490.8027358490565,0.0,490.8027358490565,22.809009184968993,0.0,22.809009184968993,,1042.0310186975173,1042.0310186975173,formula
NGC4068,1.48,30.4,1.71,0.24455820258280428,474.28351351351347,172.18731957310362,646.4708330866171,26.494142748917163,15.96362217569037,30.931809403398844,,1042.0310186975173,1042.0310186975173,formula
NGC4068,1.91,36.0,1.7,0.33748542540339593,455.92675392670156,184.1205662977307,640.0473202244323,29.509661129874058,18.752873956507724,34.96412992809439,,1042.0310186975173,1042.0310186975173,formula
NGC4068,2.33,41.9,4.97,0.5142396137811044,388.6831330472103,229.98009811285067,618.663231160061,30.093715290738032,23.148512449030974,37.966897800622874,,1042.0310186975173,1042.0310186975173,formula
