galaxy,r_kpc,v_obs_kmps,v_err_kmps,sigma_profile,a_bar_kmps2_per_kpc,a_struct_kmps2_per_kpc,a_total_kmps2_per_kpc,v_bar_kmps,v_struct_kmps,v_model_kmps,beta_raw,beta_formula,beta_clipped,beta_mode
UGC05999,3.48,46.2,5.0,0.22269793329040358,481.7158908045976,88.43770504560575,570.1535958502034,40.94351352778606,17.543181397873877,44.5436248363187,,1381.9760651185622,1381.9760651185622,formula
UGC05999,6.94,81.1,5.0,0.845239859962674,309.2445100864553,168.31430198163986,477.55881206809516,46.32663272891739,34.17749633534588,57.5695940210853,,1381.9760651185622,1381.9760651185622,formula
UGC05999,10.42,91.2,5.0,0.8814438782283359,245.6576295585413,116.9034877597736,362.56111731831487,50.59399667944805,34.90178136509426,61.46451693828595,,1381.9760651185622,1381.9760651185622,formula
UGC05999,13.89,97.7,5.0,0.9707245124858758,182.6917782577394,96.58157250391397,279.2733507616534,50.37448560531413,36.62673944100628,62.282476203819684,,1381.9760651185622,1381.9760651185622,formula
UGC05999,16.22,100.0,5.0,0.8332321488636153,205.08954993834774,70.99302628956987,276.0825762279176,57.67627328460119,33.93386047028577,66.91830382202484,,1381.9760651185622,1381.9760651185622,formula
