galaxy,r_kpc,v_obs_kmps,v_err_kmps,sigma_profile,a_bar_kmps2_per_kpc,a_struct_kmps2_per_kpc,a_total_kmps2_per_kpc,v_bar_kmps,v_struct_kmps,v_model_kmps,beta_raw,beta_formula,beta_clipped,beta_mode
UGC07559,0.36,9.31,3.23,0.0,274.37027777777774,0.0,274.37027777777774,9.938475738260871,0.0,9.938475738260871,,1039.4811962207625,1039.4811962207625,formula
UGC07559,0.72,15.9,3.23,0.0,356.85847222222225,0.0,356.85847222222225,16.02928881766125,0.0,16.02928881766125,,1039.4811962207625,1039.4811962207625,formula
UGC07559,1.08,21.4,3.23,0.2731611925436304,310.6712962962963,262.9128918392064,573.5841881355027,18.317341510164624,16.850695035705293,24.8891728104078,,1039.4811962207625,1039.4811962207625,formula
UGC07559,1.45,26.1,3.23,0.44694221672164813,269.80758620689653,320.405537985778,590.2131241926745,19.779307369066288,21.554304212369697,29.254213885855453,,1039.4811962207625,1039.4811962207625,formula
UGC07559,1.8,29.7,3.23,0.5643895750354662,233.48677777777777,325.9290836624412,559.415861440219,20.500639014430746,24.221320166175794,31.73245264067047,,1039.4811962207625,1039.4811962207625,formula
UGC07559,2.17,31.1,3.23,0.5774054810141371,207.78700460829495,276.59084797649774,484.37785258479266,21.234354240240037,24.499023248060322,32.420671493801606,,1039.4811962207625,1039.4811962207625,formula
UGC07559,2.53,32.1,3.23,0.5414227230638277,201.5507509881423,222.45009479505546,424.00084578319775,22.581483565080486,23.723379603915845,32.75243715865264,,1039.4811962207625,1039.4811962207625,formula
