{
  "n_success": 32,
  "n_failed": 0,
  "mean_M_gal": 0.10375320930912943,
  "mean_R_gal": 0.11626958169112511,
  "mean_eta_obs_mean": 0.5902451025539421,
  "mean_propagation_term_mean": 0.4375796411602445
}