galaxy,segment_index,r_left_kpc,r_right_kpc,r_mid_kpc,dr_kpc,h_i_kpc,v_obs_segment_kms,v_vis_segment_kms,v_err_segment_kms,mass_bar_segment_msun,n_points,density_ref_gal_msun_per_kpc3,segment_wedge_volume_eff_kpc3,segment_density_eff_msun_per_kpc3,alpha_geom_i,alpha_dens_i,Dw_i,sigma_i,ell_info_kpc,c_info_gal,tau_struct_gal,propagation_source_i,propagation_term_i,delta_struct_i,DeltaD_i
NGC4183,1,0.87,4.37,2.62,3.5,9.99,74.28,55.05702458827953,6.24,1846572703.4668882,5,41664180.60558628,91.6083,20157264.172208067,2.597548134372131,2.161684623638417,2.379616379005274,0.06638457851437662,3.5,1.0,2.0,0.5264876072102396,0.09706118647541946,0.47128828254472804,0.47128828254472804
NGC4183,2,5.24,7.85,6.545,2.6099999999999994,9.99,105.075,78.4315719271537,5.2,9361191609.134169,4,41664180.60558628,170.65367549999993,54854907.64676892,2.3720794246165147,2.2543841763652797,2.313231800490897,0.07661117690596875,3.5,1.0,2.0,0.5620110694060491,0.10888746548625491,0.5,0.5
NGC4183,3,8.72,12.31,10.515,3.59,9.99,112.2,83.77962206637491,5.72,17160333196.635647,5,41664180.60558628,377.11101149999996,45504725.85878243,2.2565920717138312,2.196195978672841,2.2263940251933363,0.05723513055212903,3.5,1.0,2.0,0.4894397732206234,0.12757527230961863,0.5395153312474458,0.5395153312474458
NGC4183,4,13.12,16.03,14.575,2.910000000000002,9.99,109.25,72.17567239808223,4.925,17653461947.61814,4,41664180.60558628,423.70836750000035,41664180.60558628,2.227742644593442,2.1697804341798363,2.198761539386639,0.043668722036945606,3.5,1.0,2.0,0.4224355939390588,0.10474354990918645,0.4903012313792595,0.4903012313792595
NGC4183,5,16.95,21.02,18.985,4.07,9.99,110.8,64.2317986909034,7.359999999999999,18211696928.989456,5,41664180.60558628,771.9168105000002,23592823.32145745,2.174800032282976,2.1033131299559136,2.139056581119445,0.05970495826719402,3.5,1.0,2.0,0.5,0.13690081643431992,0.5569867504039867,0.5569867504039867
