galaxy,segment_index,r_left_kpc,r_right_kpc,r_mid_kpc,dr_kpc,h_i_kpc,v_obs_segment_kms,v_vis_segment_kms,v_err_segment_kms,mass_bar_segment_msun,n_points,density_ref_gal_msun_per_kpc3,segment_wedge_volume_eff_kpc3,segment_density_eff_msun_per_kpc3,alpha_geom_i,alpha_dens_i,Dw_i,sigma_i,ell_info_kpc,c_info_gal,tau_struct_gal,propagation_source_i,propagation_term_i,delta_struct_i,DeltaD_i
NGC4013,1,5.49,9.88,7.6850000000000005,4.390000000000001,1.6299999999999994,194.85714285714286,221.90782079557766,5.0,87989071370.68933,7,610229883.7962602,54.99155449999999,1600046992.1374807,2.071539041962746,2.372236701843596,2.221887871903171,0.07033727651671962,4.42,1.0,2.0,0.693097275873249,0.10693013674516126,0.4782971910998652,0.4782971910998652
NGC4013,2,10.56,14.98,12.77,4.42,1.6299999999999994,182.0,180.49914362500803,7.142857142857143,96734375898.66878,7,610229883.7962602,92.00274199999997,1051429270.4305358,2.049675532137536,2.2534256586353676,2.1515505953864515,0.06285792729744366,4.42,1.0,2.0,0.668678610158852,0.1377105385955333,0.5414328776871377,0.5414328776871377
NGC4013,3,15.68,20.79,18.235,5.109999999999999,1.63,166.25,144.67868483384245,5.125,88747170912.23474,8,610229883.7962602,151.88478549999996,584305864.6070561,2.036258161874177,2.1560858727423904,2.096172017308284,0.02880288702549416,4.42,1.0,2.0,0.4804632614307124,0.12627642146086082,0.5198475194334851,0.5198475194334851
NGC4013,4,21.48,25.2,23.34,3.719999999999999,1.6299999999999997,172.5,126.15143218923197,5.0,86362432811.85263,6,610229883.7962602,141.52442399999995,610229883.7962602,2.035453023653029,2.152436619017898,2.0939448213354632,0.016686232970035242,4.42,1.0,2.0,0.3488544566938156,0.08539193597683783,0.42267791947723043,0.42267791947723043
NGC4013,5,25.9,31.01,28.455,5.110000000000003,1.63,177.5,114.36964773183456,6.125,86540580121.68549,8,610229883.7962602,237.01023150000012,365134363.9216919,2.026729381330184,2.0988697214062424,2.0627995513682134,0.031145269967249867,4.42,1.0,2.0,0.5,0.11663407967699828,0.5,0.5
