galaxy,r_kpc,v_obs_kmps,v_err_kmps,v_gas_kmps,v_disk_kmps,v_bul_kmps,a_obs_kmps2_per_kpc,v_model_kmps,residual_kmps,abs_residual_kmps,frac_residual
UGC04499,0.91,26.0,4.1,-3.26,30.14,0.0,742.8571428571428,30.315791264619833,-4.315791264619833,4.315791264619833,-0.1659919717161474
UGC04499,1.82,45.1,3.02,5.75,35.45,0.0,1117.5879120879122,36.29705159868046,8.80294840131954,8.80294840131954,0.19518732597160843
UGC04499,2.73,57.0,2.97,15.79,36.37,0.0,1190.10989010989,41.047806164078466,15.952193835921534,15.952193835921534,0.27986304975300935
UGC04499,3.63,62.0,2.85,22.36,38.25,0.0,1058.953168044077,46.812100683327074,15.187899316672926,15.187899316672926,0.24496611801085363
UGC04499,4.55,66.9,2.75,25.59,37.1,0.0,983.6505494505496,48.90529297562063,17.994707024379373,17.994707024379373,0.26897917824184414
UGC04499,5.45,70.6,2.86,27.95,35.74,0.0,914.561467889908,50.67348221532216,19.926517784677834,19.926517784677834,0.2822452944005359
UGC04499,6.37,72.8,2.66,28.63,34.29,0.0,831.9999999999999,51.658945712726855,21.141054287273143,21.141054287273143,0.29039909735265307
UGC04499,7.28,73.3,2.66,31.18,33.63,0.0,738.0343406593405,54.183173176267374,19.116826823732623,19.116826823732623,0.2608025487548789
UGC04499,8.18,74.3,2.67,32.26,33.14,0.0,674.8765281173594,55.86044117077393,18.439558829226065,18.439558829226065,0.24817710402726872
