galaxy,r_kpc,v_obs_kmps,v_err_kmps,v_gas_kmps,v_disk_kmps,v_bul_kmps,a_obs_kmps2_per_kpc,v_model_kmps,residual_kmps,abs_residual_kmps,frac_residual
UGC00191,0.62,29.9,1.42,1.81,21.8,0.0,1441.9516129032256,21.87501085714016,8.024989142859837,8.024989142859837,0.26839428571437585
UGC00191,0.87,34.4,2.31,2.95,28.35,0.0,1360.183908045977,28.67419773482417,5.72580226517583,5.72580226517583,0.16644774026673925
UGC00191,1.12,46.3,2.05,4.13,31.91,0.0,1914.008928571428,32.60265442446925,13.697345575530747,13.697345575530747,0.29583899731167923
UGC00191,1.37,49.8,1.87,5.34,34.28,0.0,1810.2481751824812,35.489287709581795,14.310712290418202,14.310712290418202,0.2873637006108073
UGC00191,1.62,57.6,2.76,6.6,35.59,0.0,2048.0,37.469309567807265,20.130690432192736,20.130690432192736,0.34949115333667946
UGC00191,2.3,71.3,7.5,10.14,39.66,0.0,2210.3,43.94670515800276,27.35329484199724,27.35329484199724,0.3836366738008028
UGC00191,4.97,76.65,1.09,23.98,41.54,0.0,1182.1373239436623,57.1865902054,19.463409794600004,19.463409794600004,0.25392576379125903
UGC00191,7.45,81.0,0.63,33.08,37.03,0.0,880.6711409395973,63.39183974133572,17.608160258664277,17.608160258664277,0.21738469455141082
UGC00191,9.98,83.85,1.04,33.72,31.94,0.0,704.4912324649298,65.45432549520041,18.395674504799587,18.395674504799587,0.2193878891448967
