galaxy,r_kpc,v_obs_kmps,v_err_kmps,v_gas_kmps,v_disk_kmps,v_bul_kmps,a_obs_kmps2_per_kpc,v_model_kmps,residual_kmps,abs_residual_kmps,frac_residual
UGC02259,1.02,56.1,3.4,4.05,24.58,0.0,3085.5,24.911421075482625,31.188578924517376,31.188578924517376,0.555946148387119
UGC02259,2.04,71.1,3.0,7.98,36.06,0.0,2478.0441176470586,39.08836511833527,32.011634881664726,32.011634881664726,0.45023396458037596
UGC02259,3.05,80.7,1.5,14.47,40.35,0.0,2135.24262295082,46.91216446689741,33.787835533102594,33.787835533102594,0.4186844551809491
UGC02259,4.07,82.8,1.5,19.07,42.21,0.0,1684.4815724815721,52.1136822558187,30.686317744181295,30.686317744181295,0.3706077022244118
UGC02259,5.09,83.7,1.5,21.9,39.32,0.0,1376.3634577603145,52.83775753594155,30.862242464058454,30.862242464058454,0.36872452167333875
UGC02259,6.11,86.0,1.5,24.6,37.93,0.0,1210.4746317512274,54.78646594549673,31.21353405450327,31.21353405450327,0.3629480704012008
UGC02259,7.13,88.3,2.3,26.68,36.09,0.0,1093.5329593267882,56.233739345025356,32.06626065497464,32.06626065497464,0.3631513097958623
UGC02259,8.14,90.0,3.0,25.72,33.53,0.0,995.085995085995,55.88286476015572,34.11713523984428,34.11713523984428,0.3790792804427142
