galaxy,r_kpc,v_obs_kmps,v_err_kmps,v_gas_kmps,v_disk_kmps,v_bul_kmps,a_obs_kmps2_per_kpc,v_model_kmps,residual_kmps,abs_residual_kmps,frac_residual
UGC07866,0.33,12.2,4.07,3.43,9.04,0.0,451.03030303030295,9.66884170932589,2.53115829067411,2.53115829067411,0.2074719910388615
UGC07866,0.66,19.4,4.07,3.44,13.22,0.0,570.2424242424241,13.825142260791166,5.5748577392088325,5.5748577392088325,0.287363800990146
UGC07866,1.0,23.9,4.07,5.29,17.22,0.0,571.2099999999999,18.36157085415305,5.538429145846948,5.538429145846948,0.23173343706472585
UGC07866,1.33,26.0,4.07,8.85,17.5,0.0,508.2706766917293,20.164370302607736,5.835629697392264,5.835629697392264,0.2244472960535486
UGC07866,1.67,28.2,4.07,11.12,17.11,0.0,476.19161676646706,21.215626609052624,6.9843733909473755,6.9843733909473755,0.24767281528182183
UGC07866,2.0,30.6,4.07,13.66,16.29,0.0,468.18000000000006,22.355952917499216,8.244047082500785,8.244047082500785,0.2694133033496988
UGC07866,2.32,33.1,4.07,14.34,16.35,0.0,472.2456896551725,23.191320983618102,9.9086790163819,9.9086790163819,0.29935586152211174
