galaxy,r_kpc,v_obs_kmps,v_err_kmps,v_gas_kmps,v_disk_kmps,v_bul_kmps,a_obs_kmps2_per_kpc,v_model_kmps,residual_kmps,abs_residual_kmps,frac_residual
UGC02023,0.76,15.1,8.69,0.58,17.55,0.0,300.0131578947368,17.559581430091097,-2.459581430091097,2.459581430091097,-0.16288618742325145
UGC02023,1.51,28.0,8.69,10.02,30.38,0.0,519.205298013245,31.989760861875787,-3.989760861875787,3.989760861875787,-0.14249145935270668
UGC02023,2.27,37.6,8.69,14.0,35.0,0.0,622.8017621145375,37.69615364994153,-0.09615364994152742,0.09615364994152742,-0.002557277923976793
UGC02023,3.03,47.9,8.69,14.92,36.8,0.0,757.2310231023102,40.137527446739654,7.762472553260345,7.762472553260345,0.16205579443132245
UGC02023,3.78,58.8,8.69,19.48,36.55,0.0,914.6666666666666,43.126290894780986,15.673709105219011,15.673709105219011,0.26655967866018726
