galaxy,r_kpc,v_obs_kmps,v_err_kmps,v_gas_kmps,v_disk_kmps,v_bul_kmps,a_obs_kmps2_per_kpc,v_model_kmps,residual_kmps,abs_residual_kmps,frac_residual
UGC00891,1.48,24.35,2.92,9.7,18.56,0.0,400.62331081081084,20.941910132554764,3.408089867445238,3.408089867445238,0.13996262289302824
UGC00891,2.97,43.55,1.4,18.44,19.59,0.0,638.5867003367002,27.80882847463808,15.741171525361917,15.741171525361917,0.36145055167306356
UGC00891,4.45,54.15,0.67,22.96,18.92,0.0,658.9264044943819,32.29413970292822,21.85586029707178,21.85586029707178,0.4036169953291187
UGC00891,5.94,60.15,0.48,21.83,18.18,0.0,609.0946969696969,33.3292170714904,26.8207829285096,26.8207829285096,0.4458983030508662
UGC00891,7.39,63.75,0.95,21.02,16.53,0.0,549.940798376184,34.3447519044137,29.405248095586302,29.405248095586302,0.4612587936562557
