{
  "n_success": 32,
  "n_failed": 0,
  "mean_M_gal": 0.11033639950338403,
  "mean_R_gal": 0.3091390647532654,
  "mean_eta_obs_mean": 0.5940772211745353
}