galaxy,r_kpc,v_obs_kmps,v_err_kmps,sigma_profile,a_bar_kmps2_per_kpc,a_struct_kmps2_per_kpc,a_total_kmps2_per_kpc,v_bar_kmps,v_struct_kmps,v_model_kmps,beta_raw,beta_formula,beta_clipped,use_dimension_proxy,d_eff_proxy,d_eff_response,beta_mode
UGC07690,0.59,45.3,4.31,0.0,3579.5850847457627,0.0,3579.5850847457627,45.956013752282736,0.0,45.956013752282736,,1666.4793722306338,959.4366695215177,True,3.6170261414788047,0.5757266999574572,formula
UGC07690,1.18,59.8,4.31,0.3182422431036027,2139.3093220338988,258.7570151054049,2398.066337139304,50.24325825421755,17.473788307759076,53.19509637010143,,1666.4793722306338,959.4366695215177,True,3.6170261414788047,0.5757266999574572,formula
UGC07690,1.77,60.7,4.31,0.42177792499122646,1295.4780225988702,228.62667097812363,1524.104693576994,47.885238852907484,20.116391516156142,51.939053780669504,,1666.4793722306338,959.4366695215177,True,3.6170261414788047,0.5757266999574572,formula
UGC07690,2.36,58.8,4.31,0.42805071252897975,904.6292372881355,174.02014831149023,1078.6493855996257,46.2052486196103,20.265427457004623,50.45406376115918,,1666.4793722306338,959.4366695215177,True,3.6170261414788047,0.5757266999574572,formula
UGC07690,2.95,57.9,4.31,0.4980234411394619,642.1696610169491,161.97354295270878,804.1432039696579,43.524711371817276,21.859138860222536,48.705466343219534,,1666.4793722306338,959.4366695215177,True,3.6170261414788047,0.5757266999574572,formula
UGC07690,3.54,56.9,4.31,0.5663408855315666,472.82771186440675,153.4938454882128,626.3215573526195,40.91222433454334,23.310259823268236,47.08692295137019,,1666.4793722306338,959.4366695215177,True,3.6170261414788047,0.5757266999574572,formula
UGC07690,4.13,55.9,4.31,0.6359311568442575,356.4788619854722,147.73260803090082,504.211470016373,38.370010424809635,24.70092450026153,45.63324852744565,,1666.4793722306338,959.4366695215177,True,3.6170261414788047,0.5757266999574572,formula
