galaxy,r_kpc,v_obs_kmps,v_err_kmps,sigma_profile,a_bar_kmps2_per_kpc,a_struct_kmps2_per_kpc,a_total_kmps2_per_kpc,v_bar_kmps,v_struct_kmps,v_model_kmps,beta_raw,beta_formula,beta_clipped,use_dimension_proxy,d_eff_proxy,d_eff_response,beta_mode
UGC07559,0.36,9.31,3.23,0.0,274.37027777777774,0.0,274.37027777777774,9.938475738260871,0.0,9.938475738260871,,1039.4811962207625,1442.6400381453586,True,2.544786017143891,1.3878462096191437,formula
UGC07559,0.72,15.9,3.23,0.0,356.85847222222225,0.0,356.85847222222225,16.02928881766125,0.0,16.02928881766125,,1039.4811962207625,1442.6400381453586,True,2.544786017143891,1.3878462096191437,formula
UGC07559,1.08,21.4,3.23,0.2731611925436304,310.6712962962963,364.88266039905056,675.5539566953469,18.317341510164624,19.851278881497148,27.01107686174275,,1039.4811962207625,1442.6400381453586,True,2.544786017143891,1.3878462096191437,formula
UGC07559,1.45,26.1,3.23,0.44694221672164813,269.80758620689653,444.67361143454457,714.4811976414411,19.779307369066288,25.392454323678315,32.18691871832546,,1039.4811962207625,1442.6400381453586,True,2.544786017143891,1.3878462096191437,formula
UGC07559,1.8,29.7,3.23,0.5643895750354662,233.48677777777777,452.3394433655598,685.8262211433375,20.500639014430746,28.534382734834264,35.13527000121114,,1039.4811962207625,1442.6400381453586,True,2.544786017143891,1.3878462096191437,formula
UGC07559,2.17,31.1,3.23,0.5774054810141371,207.78700460829495,383.8655599795272,591.6525645878221,21.234354240240037,28.861536084477102,35.83135589334534,,1039.4811962207625,1442.6400381453586,True,2.544786017143891,1.3878462096191437,formula
UGC07559,2.53,32.1,3.23,0.5414227230638277,201.5507509881423,308.7265208907369,510.2772718788792,22.581483565080486,27.947774470493428,35.93050929020579,,1039.4811962207625,1442.6400381453586,True,2.544786017143891,1.3878462096191437,formula
