galaxy,r_kpc,v_obs_kmps,v_err_kmps,sigma_profile,a_bar_kmps2_per_kpc,a_struct_kmps2_per_kpc,a_total_kmps2_per_kpc,v_bar_kmps,v_struct_kmps,v_model_kmps,beta_raw,beta_formula,beta_clipped,use_dimension_proxy,d_eff_proxy,d_eff_response,beta_mode
UGCA442,0.42,14.2,1.91,1.0216426444007816,110.86976190476193,4319.811183083593,4430.680944988355,6.823877197019302,42.59484354819383,43.13798786331033,,1224.8928504403984,1775.8858313507976,True,1.5,1.4498295346505574,formula
UGCA442,1.26,28.6,1.82,0.7765444865508532,228.9184126984127,1094.4875802216193,1323.405992920032,16.983438992147615,37.13562105417439,40.83493052619583,,1224.8928504403984,1775.8858313507976,True,1.5,1.4498295346505574,formula
UGCA442,2.11,41.0,1.74,0.7988273914189675,270.6552132701422,672.3347137989869,942.9899270691291,23.897332487120817,37.66465513071721,44.60615143806807,,1224.8928504403984,1775.8858313507976,True,1.5,1.4498295346505574,formula
UGCA442,2.96,49.0,1.91,0.9059754583157537,229.48665540540543,543.5503310724636,773.036986477869,26.06301018685294,40.11120766038455,47.83502357033487,,1224.8928504403984,1775.8858313507976,True,1.5,1.4498295346505574,formula
UGCA442,3.79,54.8,2.05,1.033954141349595,179.02532981530342,484.4814010261809,663.5067308414843,26.048147726853824,42.85072356319349,50.14668991956723,,1224.8928504403984,1775.8858313507976,True,1.5,1.4498295346505574,formula
UGCA442,4.65,56.4,3.12,1.1268977797710253,130.90447311827958,430.3745807475345,561.279053865814,24.671963845628504,44.73524114695299,51.087646260872454,,1224.8928504403984,1775.8858313507976,True,1.5,1.4498295346505574,formula
UGCA442,5.48,57.8,2.83,1.2678812249975087,90.46979927007298,410.8781575380964,501.3479568081694,22.265994251324148,47.45115702813545,52.41552063376618,,1224.8928504403984,1775.8858313507976,True,1.5,1.4498295346505574,formula
UGCA442,6.33,56.5,0.65,1.370678650359536,62.14011058451817,384.5448332556926,446.68494384021074,19.832975066792173,49.3372961815758,53.17438946060908,,1224.8928504403984,1775.8858313507976,True,1.5,1.4498295346505574,formula
