r_kpc,v_obs_kmps,v_err_kmps,v_baryon_kmps,v_model_kmps,a_newton,sigma_profile,beta_local,d_eff_local,cinfo_cap,a_struct,a_total
0.56,16.9,3.93,7.782030583337488,33.3147310309007,108.14285714285714,28.317655317655277,59.56548869678967,2.189603782717353,0.4726848005818167,1873.7701851093893,1981.9130422522464
1.11,27.4,3.93,11.718638999474297,26.898541363579845,123.71756756756754,11.551291239913997,63.323637489934704,2.227708484916677,0.4973407843578497,528.1126373767711,651.8302049443387
1.67,33.5,3.93,14.213064412715505,36.60020782726251,120.96479041916167,25.9697006423464,68.20722800907713,2.269960553208604,0.5246803579585084,681.1760556879088,802.1408461070705
2.23,36.4,3.93,18.459471823429833,38.55681656889846,152.8036322869955,23.43767112472443,73.47238556853077,2.2781783394359834,0.5299977490468127,513.8457416716067,666.6493739586022
2.79,39.8,3.93,20.266469845535507,0.0,147.21498207885304,-23.170748189719202,79.14108591242008,2.322047613549788,0.5583837499439803,-439.0306721338048,-291.81569005495174
3.34,41.2,3.93,20.602448883567217,0.0,127.0841017964072,-18.26424811908683,83.62272492444419,2.3688554366483774,0.5886711648901265,-328.5472807995475,-201.46317900314028
3.9,42.6,3.93,22.250224717966333,0.0,126.94166666666666,-6.925827596888226,86.895375009439,2.3855227783368096,0.5994559153944061,-134.35182858325666,-7.410161916589999
4.46,44.5,3.93,23.069442992842287,0.0,119.32717488789238,-13.597306747811214,89.94440451309009,2.403597490841321,0.6111513176032076,-212.2908552363413,-92.9636803484489
