r_kpc,v_obs_kmps,v_err_kmps,v_baryon_kmps,v_model_kmps,a_newton,sigma_profile,beta_local,d_eff_local,cinfo_cap,a_struct,a_total
0.76,15.1,8.69,17.559581430091097,106.8683675557966,405.7090789473684,362.67027884280225,73.9521394561265,2.2869024977401606,0.535642792655398,14621.722479001104,15027.431557948472
1.51,28.0,8.69,31.989760861875787,89.10088110547524,677.7117880794701,145.88219237082404,74.35937052376565,2.2908104317204967,0.5381714558191449,4579.882260776181,5257.594048855652
2.27,37.6,8.69,37.69615364994153,0.0,625.9911894273127,-103.48712825273459,74.76660159140481,2.294704491204337,0.5406911413675122,-2428.8680739866218,-1802.876884559309
3.03,47.9,8.69,39.70952530564927,0.0,520.4113531353136,-114.0323410132174,75.17383265904397,2.2985845406588385,0.5432017616027779,-1958.624856293983,-1438.2135031586695
3.78,58.8,8.69,41.41706049443876,0.0,453.8023544973545,-88.81199818394543,75.58106372668313,2.3024504470331895,0.5457032304332402,-1319.1683479651558,-865.3659934678013
