galaxy,r_kpc,v_obs_kmps,v_err_kmps,v_gas_kmps,v_disk_kmps,v_bul_kmps,a_obs_kmps2_per_kpc,v_model_kmps,residual_kmps,abs_residual_kmps,frac_residual
UGC09992,0.78,28.1,5.66,6.39,20.31,0.0,1012.3205128205129,21.291505348377786,6.808494651622215,6.808494651622215,0.24229518333175143
UGC09992,1.55,31.3,5.66,10.35,23.49,0.0,632.0580645161291,26.25796722718369,5.0420327728163095,5.0420327728163095,0.16108730903566484
UGC09992,2.34,33.0,5.66,14.5,22.94,0.0,465.3846153846154,28.228521601547964,4.771478398452036,4.771478398452036,0.14459025449854654
UGC09992,3.12,33.4,5.66,17.55,22.52,0.0,357.55128205128204,30.035775001872455,3.3642249981275434,3.3642249981275434,0.10072529934513604
UGC09992,3.89,34.3,5.66,17.55,22.05,0.0,302.43958868894595,30.11100226287551,4.188997737124488,4.188997737124488,0.12212821391033495
