galaxy,r_kpc,v_obs_kmps,v_err_kmps,v_gas_kmps,v_disk_kmps,v_bul_kmps,a_obs_kmps2_per_kpc,v_model_kmps,residual_kmps,abs_residual_kmps,frac_residual
UGC07261,0.95,46.8,5.66,3.86,27.74,0.0,2305.515789473684,28.0072704846438,18.792729515356196,18.792729515356196,0.40155404947342305
UGC07261,1.9,63.0,5.66,4.52,51.06,0.0,2088.947368421053,52.43895375752129,10.56104624247871,10.56104624247871,0.1676356546425192
UGC07261,2.86,66.8,5.66,4.73,51.26,0.0,1560.2237762237762,53.8606839012986,12.939316098701397,12.939316098701397,0.19370233680690715
UGC07261,3.81,69.6,5.66,12.72,49.4,0.0,1271.4330708661414,54.80575486760212,14.794245132397876,14.794245132397876,0.21256099328157868
UGC07261,4.76,73.4,5.66,18.24,44.13,0.0,1131.840336134454,53.5165022096563,19.883497790343704,19.883497790343704,0.27089234046789784
UGC07261,5.72,74.7,5.66,23.64,39.21,0.0,975.5402097902098,53.76345663273645,20.936543367263553,20.936543367263553,0.28027501160995383
UGC07261,6.67,76.1,5.66,29.52,35.32,0.0,868.2473763118439,55.87975087780165,20.220249122198346,20.220249122198346,0.2657062959553002
