galaxy,r_kpc,v_obs_kmps,v_err_kmps,v_gas_kmps,v_disk_kmps,v_bul_kmps,a_obs_kmps2_per_kpc,v_model_kmps,residual_kmps,abs_residual_kmps,frac_residual
UGC07608,0.6,14.6,6.69,4.56,9.68,0.0,355.26666666666665,10.70028037015853,3.899719629841469,3.899719629841469,0.2671040842357171
UGC07608,1.19,31.5,6.69,6.39,13.08,0.0,833.8235294117648,14.825020247538358,16.674979752461642,16.674979752461642,0.5293644365860839
UGC07608,1.79,44.8,6.69,9.63,14.81,0.0,1121.2513966480444,18.478525940963532,26.321474059036465,26.321474059036465,0.5875329031034926
UGC07608,2.38,50.6,6.69,13.15,16.52,0.0,1075.781512605042,22.499858017011455,28.100141982988546,28.100141982988546,0.5553387743673626
UGC07608,2.99,55.6,6.69,14.93,16.97,0.0,1033.8996655518395,24.67222141560212,30.92777858439788,30.92777858439788,0.5562550105107532
UGC07608,3.59,61.4,6.69,18.09,16.51,0.0,1050.1281337047353,27.209422983954735,34.19057701604527,34.19057701604527,0.5568497885349393
UGC07608,4.18,66.0,6.69,21.26,16.39,0.0,1042.1052631578948,30.138545634048036,35.861454365951964,35.861454365951964,0.5433553691810904
UGC07608,4.78,69.3,6.69,24.12,16.26,0.0,1004.705020920502,32.935740264606366,36.36425973539363,36.36425973539363,0.5247367927185228
