galaxy,r_kpc,v_obs_kmps,v_err_kmps,v_gas_kmps,v_disk_kmps,v_bul_kmps,a_obs_kmps2_per_kpc,v_model_kmps,residual_kmps,abs_residual_kmps,frac_residual
UGC04483,0.08,5.11,2.79,1.47,3.91,0.0,326.40125,4.177200019151585,0.9327999808484151,0.9327999808484151,0.1825440275632906
UGC04483,0.24,10.8,1.94,4.46,8.92,0.0,486.00000000000006,9.98158079216437,0.81841920783563,0.81841920783563,0.07577955628107685
UGC04483,0.4,17.3,1.56,7.28,9.95,0.0,748.225,12.379840513649448,4.920159486350553,4.920159486350553,0.2844022824480088
UGC04483,0.57,20.8,1.25,9.38,9.7,0.0,759.0175438596492,13.641495156357548,7.1585048436424525,7.1585048436424525,0.3441588867135794
UGC04483,0.73,20.8,1.62,10.63,9.13,0.0,592.6575342465754,14.26537518568979,6.534624814310211,6.534624814310211,0.31416465453414477
UGC04483,0.89,22.9,1.76,11.34,8.44,0.0,589.2247191011236,14.509391763105318,8.39060823689468,8.39060823689468,0.3664021064146149
UGC04483,1.05,24.3,2.23,11.95,7.79,0.0,562.3714285714285,14.785533468196913,9.514466531803087,9.514466531803087,0.39154183258448916
UGC04483,1.21,24.2,1.23,12.36,7.22,0.0,484.0,14.991183416931786,9.208816583068213,9.208816583068213,0.38052961087058734
