galaxy,r_kpc,v_obs_kmps,v_err_kmps,v_gas_kmps,v_disk_kmps,v_bul_kmps,a_obs_kmps2_per_kpc,v_model_kmps,residual_kmps,abs_residual_kmps,frac_residual
UGC04325,0.7,41.3,3.05,2.87,20.97,0.0,2436.7,21.16548605631347,20.134513943686528,20.134513943686528,0.487518497425824
UGC04325,1.4,68.7,3.07,6.75,32.22,0.0,3371.2071428571435,34.367109729457255,34.33289027054275,34.33289027054275,0.49975095008068043
UGC04325,2.09,83.8,3.05,14.14,40.91,0.0,3360.0191387559807,46.19578145854385,37.60421854145615,37.60421854145615,0.448737691425491
UGC04325,2.79,88.7,3.05,20.18,46.75,0.0,2819.960573476703,55.12032028188811,33.57967971811189,33.57967971811189,0.37857587055368536
UGC04325,3.49,90.1,3.05,24.08,50.1,0.0,2326.0773638968476,60.88578931324322,29.214210686756772,29.214210686756772,0.3242420719950807
UGC04325,4.19,91.6,3.05,26.71,49.34,0.0,2002.520286396181,62.656243670885985,28.94375632911401,28.94375632911401,0.3159798725885809
UGC04325,4.89,92.7,3.05,28.08,47.94,0.0,1757.3190184049083,63.42724885104967,29.272751148950334,29.272751148950334,0.31577940829504136
UGC04325,5.59,91.5,3.05,29.25,45.47,0.0,1497.7191413237924,63.33775300726905,28.16224699273095,28.16224699273095,0.3077841201391361
