galaxy,r_kpc,v_obs_kmps,v_err_kmps,sigma_profile,a_bar_kmps2_per_kpc,a_struct_kmps2_per_kpc,a_total_kmps2_per_kpc,v_bar_kmps,v_struct_kmps,v_model_kmps,beta_raw,beta_formula,beta_clipped,beta_mode
F567-2,1.92,26.9,8.0,0.07379193639273698,348.5900520833334,15.671321789936917,364.2613738732703,25.87069577726892,5.485338443221064,26.445828363594114,,407.7537371636232,407.7537371636232,formula
F567-2,3.83,46.8,5.0,0.4076228383813191,311.294046997389,43.396797833740585,354.6908448311296,34.52906312079724,12.892235481219943,36.857372881191985,,407.7537371636232,407.7537371636232,formula
F567-2,5.75,47.6,5.0,0.459019731887102,188.49739130434784,32.55078454066264,221.0481758450105,32.922029099069825,13.680899499258453,35.65146576381973,,407.7537371636232,407.7537371636232,formula
F567-2,7.67,48.1,8.0,0.3617720925209373,181.42417209908737,19.232584449402378,200.65675654848974,37.30312855512256,12.14553097756192,39.230566179025715,,407.7537371636232,407.7537371636232,formula
F567-2,9.59,52.2,10.0,0.3497420943286089,175.06891553701772,14.870557456300595,189.9394729933183,40.974515250335784,11.941886199672258,42.67926365351121,,407.7537371636232,407.7537371636232,formula
