galaxy,r_kpc,v_obs_kmps,v_err_kmps,sigma_profile,a_bar_kmps2_per_kpc,a_struct_kmps2_per_kpc,a_total_kmps2_per_kpc,v_bar_kmps,v_struct_kmps,v_model_kmps,beta_raw,beta_formula,beta_clipped,beta_mode
UGC06818,0.87,23.4,5.55,0.0,876.7247126436782,0.0,876.7247126436782,27.61793801137225,0.0,27.61793801137225,,847.2261491957852,847.2261491957852,formula
UGC06818,1.74,28.0,5.2,0.0,871.1513218390805,0.0,871.1513218390805,38.93331863584198,0.0,38.93331863584198,,847.2261491957852,847.2261491957852,formula
UGC06818,2.61,36.7,4.25,0.0,658.562796934866,0.0,658.562796934866,41.45900264116348,0.0,41.45900264116348,,847.2261491957852,847.2261491957852,formula
UGC06818,3.5,47.6,4.25,0.19497559222663463,522.0371428571428,47.19669148266838,569.2338343398112,42.744941221155045,12.852564731964563,44.635394253768375,,847.2261491957852,847.2261491957852,formula
UGC06818,4.37,63.3,4.75,0.5878133693642609,411.01556064073225,113.96129459319965,524.9768552339319,42.38086832522429,22.316156868338297,47.897274007737465,,847.2261491957852,847.2261491957852,formula
UGC06818,5.24,71.2,5.25,0.7001124228374875,351.44751908396944,113.19724274899538,464.64476183296483,42.91369245357477,24.354743932234964,49.34306994913,,847.2261491957852,847.2261491957852,formula
UGC06818,6.11,68.1,6.0,0.6803618096768623,286.4779378068739,94.34047726225921,380.81841506913315,41.83754533908508,24.00875498797061,48.236920673612694,,847.2261491957852,847.2261491957852,formula
UGC06818,6.98,74.4,6.0,0.8001467775614888,235.6433524355301,97.12109930441785,332.76445173994796,40.556018049113256,26.03661408756593,48.194355200011096,,847.2261491957852,847.2261491957852,formula
