galaxy,r_kpc,v_obs_kmps,v_err_kmps,sigma_profile,a_bar_kmps2_per_kpc,a_struct_kmps2_per_kpc,a_total_kmps2_per_kpc,v_bar_kmps,v_struct_kmps,v_model_kmps,beta_raw,beta_formula,beta_clipped,beta_mode
UGC07608,0.6,14.6,6.69,0.47157571218765765,190.82666666666665,541.3714097378563,732.1980764045229,10.70028037015853,18.022842335289784,20.959934299580087,,688.803170833053,688.803170833053,formula
UGC07608,1.19,31.5,6.69,0.9110317304669794,178.0827731092437,527.3290291388056,705.4118022480493,14.55742078803797,25.050380130352885,28.97309173483525,,688.803170833053,688.803170833053,formula
UGC07608,1.79,44.8,6.69,1.0420012624638455,174.34245810055867,400.9685886017548,575.3110467023134,17.665588017385666,26.790553812811357,32.09060257454106,,688.803170833053,688.803170833053,formula
UGC07608,2.38,50.6,6.69,0.9955944814786599,187.32474789915966,288.1380822295757,475.46283012873533,21.114755504149226,26.18718457006003,33.639285600416514,,688.803170833053,688.803170833053,formula
UGC07608,2.99,55.6,6.69,1.0170424297752036,170.86481605351167,234.29500016752937,405.15981622104107,22.602783014487397,26.46775491991931,34.805572118569074,,688.803170833053,688.803170833053,formula
UGC07608,3.59,61.4,6.69,1.0325891452698972,167.08306406685242,198.11996585785437,365.2030299247068,24.49139032394854,26.669283406752744,36.20882319863071,,688.803170833053,688.803170833053,formula
UGC07608,4.18,66.0,6.69,1.0166233503349165,172.39705741626798,167.5247337927302,339.9217912089982,26.844360674078274,26.462301246369563,37.69447024768503,,688.803170833053,688.803170833053,formula
UGC07608,4.78,69.3,6.69,0.9907519532278226,177.0213389121339,142.76842822016,319.7897671322939,29.088863848558955,26.12342027553752,39.09725165395088,,688.803170833053,688.803170833053,formula
