galaxy,r_kpc,v_obs_kmps,v_err_kmps,sigma_profile,a_bar_kmps2_per_kpc,a_struct_kmps2_per_kpc,a_total_kmps2_per_kpc,v_bar_kmps,v_struct_kmps,v_model_kmps,beta_raw,beta_formula,beta_clipped,beta_mode
UGC07232,0.21,16.4,3.3,0.057819838996764225,1207.4638095238097,343.2394703741933,1550.703279898003,15.923799797786959,8.490011117694758,18.045711090965096,,1246.635930318215,1246.635930318215,formula
UGC07232,0.41,26.2,3.3,0.013481864389532887,1651.724146341464,40.99262574553499,1692.7167720869988,26.023199265270982,4.099631270696103,26.344143116747404,,1246.635930318215,1246.635930318215,formula
UGC07232,0.62,35.2,3.3,0.42389102793618305,1229.7937096774194,852.3190096205936,2082.112719298013,27.61289734888391,22.987774706673285,35.92923441940794,,1246.635930318215,1246.635930318215,formula
UGC07232,0.82,44.0,3.3,0.7533616966331614,918.9791463414634,1145.3265360346222,2064.3056823760858,27.451100160102875,30.645844082817987,41.142808114522154,,1246.635930318215,1246.635930318215,formula
