galaxy,r_kpc,v_obs_kmps,v_err_kmps,sigma_profile,a_bar_kmps2_per_kpc,a_struct_kmps2_per_kpc,a_total_kmps2_per_kpc,v_bar_kmps,v_struct_kmps,v_model_kmps,beta_raw,beta_formula,beta_clipped,beta_mode
UGC04499,0.91,26.0,4.1,0.0,1009.9419780219781,0.0,1009.9419780219781,30.315791264619833,0.0,30.315791264619833,,888.5066918051797,888.5066918051797,formula
UGC04499,1.82,45.1,3.02,0.3761206933861351,708.6620879120879,183.61854560438746,892.2806335164754,35.91329837260844,18.280748152085714,40.29827233269418,,888.5066918051797,888.5066918051797,formula
UGC04499,2.73,57.0,2.97,0.5473954748677955,575.8611721611721,178.1555100673664,754.0166822285386,39.64972887675274,22.053674126637272,45.370315653342224,,888.5066918051797,888.5066918051797,formula
UGC04499,3.63,62.0,2.85,0.5153262977603876,540.7801928374655,126.13522424884106,666.9154170863065,44.30611808768626,21.39791728237337,49.20267232603624,,888.5066918051797,888.5066918051797,formula
UGC04499,4.55,66.9,2.75,0.5843936051267553,446.4303516483517,114.11816017654414,560.5485118248959,45.06948080464207,22.786786276332954,50.5024328998443,,888.5066918051797,888.5066918051797,formula
UGC04499,5.45,70.6,2.86,0.6369507577462258,377.71561467889904,103.84128635007367,481.55690102897273,45.371247503237115,23.789388613579405,51.22972877741889,,888.5066918051797,888.5066918051797,formula
UGC04499,6.37,72.8,2.66,0.6865867480212509,313.2623233908948,95.76717741313,409.0295008040248,44.670807022036215,24.698925485163077,51.04427411690402,,888.5066918051797,888.5066918051797,formula
UGC04499,7.28,73.3,2.66,0.6659342944473345,288.89688186813186,81.27569737898594,370.1725792471178,45.86032381045734,24.324618741493516,51.912006096075864,,888.5066918051797,888.5066918051797,formula
UGC04499,8.18,74.3,2.67,0.6713939508999484,261.4874327628362,72.92640809439149,334.4138408572277,46.248969718254266,24.42412778815494,52.30205749501756,,888.5066918051797,888.5066918051797,formula
