galaxy,segment_index,r_left_kpc,r_right_kpc,r_mid_kpc,dr_kpc,h_i_kpc,v_obs_segment_kms,v_vis_segment_kms,v_err_segment_kms,mass_bar_segment_msun,n_points,density_ref_gal_msun_per_kpc3,segment_wedge_volume_eff_kpc3,segment_density_eff_msun_per_kpc3,alpha_geom_i,alpha_dens_i,Dw_i,sigma_i,ell_info_kpc,c_info_gal,tau_struct_gal,propagation_source_i,propagation_term_i,delta_struct_i,DeltaD_i
NGC3917,1,0.87,3.5,2.185,2.63,4.65,62.125,54.43461988407375,4.35,1505363826.400241,4,168121561.79605794,26.721457500000003,56335393.62140859,2.4737327698144806,2.1269622323222896,2.3003475010683854,0.05615084210249233,2.6250000000000004,1.0,2.0,0.5145844196078981,0.10327028031810545,0.45662769386501045,0.45662769386501045
NGC3917,2,4.37,6.98,5.675000000000001,2.6100000000000003,4.65,118.75,99.36390463229996,3.7,13027551834.596252,4,168121561.79605794,68.87463750000002,189148753.55382085,2.250259903582997,2.2381334143487885,2.244196658965893,0.04400887126504127,2.6250000000000004,1.0,2.0,0.4538080366475575,0.11770634256223628,0.4892308960091347,0.4892308960091347
NGC3917,3,7.85,10.47,9.16,2.620000000000001,4.65,135.75,110.84518004828477,3.725,26167892397.148483,4,168121561.79605794,111.59628000000006,234487138.79305357,2.1839589599045572,2.240700557172049,2.212329758538303,0.0497851037602115,2.6250000000000004,1.0,2.0,0.48451204930488595,0.1280702983448937,0.5103243672525355,0.5103243672525355
NGC3917,4,11.35,14.86,13.105,3.51,4.65,137.2,101.61509729949712,4.9,31462493967.401325,5,168121561.79605794,213.8932575,147094370.03829503,2.131248544323364,2.1580043585675766,2.14462645144547,0.06770330709283279,2.6250000000000004,1.0,2.0,0.5610556801855737,0.1787661198916582,0.5926188909636882,0.5926188909636882
