galaxy,r_kpc,v_obs_kmps,v_err_kmps,sigma_profile,a_bar_kmps2_per_kpc,a_struct_kmps2_per_kpc,a_total_kmps2_per_kpc,v_bar_kmps,v_struct_kmps,v_model_kmps,beta_raw,beta_formula,beta_clipped,use_dimension_proxy,d_eff_proxy,d_eff_response,beta_mode
DDO170,1.87,27.7,3.0,0.504084651363988,217.22914438502676,406.080731829869,623.3098762148958,20.154862936770375,27.55668645758875,34.14073034546647,,1039.0431248189707,1506.4354101381493,True,1.5,1.4498295346505574,formula
DDO170,3.36,42.4,1.5,0.7597385995209867,183.68077380952383,340.6241454664229,524.3049192759468,24.84285410334328,33.83041721243149,41.972187562327285,,1039.0431248189707,1506.4354101381493,True,1.5,1.4498295346505574,formula
DDO170,4.86,52.5,1.0,0.83600151549625,169.0435596707819,259.1321575869769,428.17571725775883,28.66272317837229,35.48777656986569,45.61725535225358,,1039.0431248189707,1506.4354101381493,True,1.5,1.4498295346505574,formula
DDO170,6.35,55.6,1.0,0.8068146477305786,153.2505511811024,191.40380389913082,344.65435508023324,31.195207965326986,34.86279040408958,46.78199605360465,,1039.0431248189707,1506.4354101381493,True,1.5,1.4498295346505574,formula
DDO170,7.85,58.6,1.1,0.8093868910203745,137.04811464968157,155.32344880697065,292.3715634566522,32.79981249946408,34.9183200216551,47.90737702206957,,1039.0431248189707,1506.4354101381493,True,1.5,1.4498295346505574,formula
DDO170,9.34,59.0,1.2,0.822162331650286,114.01157387580301,132.60540142181324,246.61697529761625,32.63231680405178,35.19281814915844,47.993776151494224,,1039.0431248189707,1506.4354101381493,True,1.5,1.4498295346505574,formula
DDO170,10.83,60.0,1.3,0.886913001205087,89.95710064635273,123.36815796188753,213.32525860824026,31.212744192076414,36.552389124751365,48.065710758577595,,1039.0431248189707,1506.4354101381493,True,1.5,1.4498295346505574,formula
DDO170,12.33,62.2,1.0,0.9971644863220407,68.55718572587185,121.82999934531553,190.3871850711874,29.074217100379503,38.75775911901694,48.450737785174546,,1039.0431248189707,1506.4354101381493,True,1.5,1.4498295346505574,formula
