galaxy,r_kpc,v_obs_kmps,v_err_kmps,sigma_profile,a_bar_kmps2_per_kpc,a_struct_kmps2_per_kpc,a_total_kmps2_per_kpc,v_bar_kmps,v_struct_kmps,v_model_kmps,beta_raw,beta_formula,beta_clipped,use_dimension_proxy,d_eff_proxy,d_eff_response,beta_mode
NGC4138,2.61,179.0,14.7,0.0,20336.892911877396,0.0,20336.892911877396,230.38943226632597,0.0,230.38943226632597,,1811.7387868950798,996.7651714777008,True,4.5,0.5501704653494427,formula
NGC4138,5.24,195.0,6.8,0.0,7417.837729007633,0.0,7417.837729007633,197.1534166581954,0.0,197.1534166581954,,1811.7387868950798,996.7651714777008,True,4.5,0.5501704653494427,formula
NGC4138,7.85,181.0,9.8,0.17795118666054432,3467.569987261147,22.595610839026474,3490.1655981001736,164.98613396282732,13.318241065784845,165.52280793016521,,1811.7387868950798,996.7651714777008,True,4.5,0.5501704653494427,formula
NGC4138,10.65,162.0,20.4,0.2647226875149659,1860.9677558685448,24.776183569473503,1885.7439394380183,140.78105909532007,16.243963648533963,141.7151119500489,,1811.7387868950798,996.7651714777008,True,4.5,0.5501704653494427,formula
NGC4138,13.47,145.0,9.6,0.2934344489168746,1141.2792650334075,21.71382619094975,1162.9930912243572,123.98803047068697,17.102199823183366,125.16196282733861,,1811.7387868950798,996.7651714777008,True,4.5,0.5501704653494427,formula
NGC4138,16.03,147.0,17.9,0.4726051513685676,799.6433873986275,29.387171225523083,829.0305586241506,113.21785857363669,21.704293463394173,115.27948583657516,,1811.7387868950798,996.7651714777008,True,4.5,0.5501704653494427,formula
NGC4138,18.58,150.0,21.0,0.6275170826165175,594.0044241119484,33.66454103656834,627.6689651485168,105.05523404381145,25.009741551232384,107.99115413986203,,1811.7387868950798,996.7651714777008,True,4.5,0.5501704653494427,formula
