galaxy,r_kpc,v_obs_kmps,v_err_kmps,sigma_profile,a_bar_kmps2_per_kpc,a_struct_kmps2_per_kpc,a_total_kmps2_per_kpc,v_bar_kmps,v_struct_kmps,v_model_kmps,beta_raw,beta_formula,beta_clipped,use_dimension_proxy,d_eff_proxy,d_eff_response,beta_mode
UGC04325,0.7,41.3,3.05,1.1009358456134108,639.9682857142857,3145.5309874668887,3785.4992731811744,21.16548605631347,46.92410565185896,51.476688813741916,,1784.7732539312858,2000.0,True,2.7128028831125657,1.3039193315521072,formula
UGC04325,1.4,68.7,3.07,1.1999631318065864,774.0649285714285,1714.2330454379808,2488.2979740094092,32.91946080967912,48.98904228103641,59.022175185375644,,1784.7732539312858,2000.0,True,2.7128028831125657,1.3039193315521072,formula
UGC04325,2.09,83.8,3.05,1.0893113352584116,896.443875598086,1042.4031916348438,1938.84706723293,43.284728253738635,46.67571821104441,63.65681715666299,,1784.7732539312858,2000.0,True,2.7128028831125657,1.3039193315521072,formula
UGC04325,2.79,88.7,3.05,0.9318354668746924,929.3171684587813,667.9824135302455,1597.2995819890268,50.91949430228073,43.17025519671368,66.7567662020067,,1784.7732539312858,2000.0,True,2.7128028831125657,1.3039193315521072,formula
UGC04325,3.49,90.1,3.05,0.8227061999686015,885.3456733524355,471.46487104217846,1356.810544394614,55.58647677268276,40.56368326393947,68.81328941372591,,1784.7732539312858,2000.0,True,2.7128028831125657,1.3039193315521072,formula
UGC04325,4.19,91.6,3.05,0.8337116651758055,751.2791646778044,397.9530621364226,1149.232226814227,56.10579025376971,40.834095194477015,69.39224041887978,,1784.7732539312858,2000.0,True,2.7128028831125657,1.3039193315521072,formula
UGC04325,4.89,92.7,3.05,0.8667771821982044,631.2331288343557,354.5100949685908,985.7432238029465,55.558347707612754,41.63597440190885,69.42826776174391,,1784.7732539312858,2000.0,True,2.7128028831125657,1.3039193315521072,formula
UGC04325,5.59,91.5,3.05,0.8882964698737235,522.9129516994633,317.81626829113543,840.7292199905987,54.06554725516056,42.14964934311372,68.5541854283708,,1784.7732539312858,2000.0,True,2.7128028831125657,1.3039193315521072,formula
