galaxy,r_kpc,v_obs_kmps,v_err_kmps,sigma_profile,a_bar_kmps2_per_kpc,a_struct_kmps2_per_kpc,a_total_kmps2_per_kpc,v_bar_kmps,v_struct_kmps,v_model_kmps,beta_raw,beta_formula,beta_clipped,use_dimension_proxy,d_eff_proxy,d_eff_response,beta_mode
UGC06667,0.87,26.6,4.4,1.7711685805892394,55.04183908045977,3892.969483711619,3948.0113227920788,6.92,58.19693678218046,58.606909582651674,,1318.9350511328867,1912.2309914183022,True,1.5,1.4498295346505574,formula
UGC06667,1.74,45.2,2.7,1.854463999891711,69.03540229885058,2038.0250190014235,2107.060421300274,10.96,59.54967282078447,60.549856589941456,,1318.9350511328867,1912.2309914183022,True,1.5,1.4498295346505574,formula
UGC06667,2.61,57.0,3.9,1.6285108870350773,107.34536398467434,1193.1375433144003,1300.4829072990747,16.738321301731546,55.80402304539149,58.260281393506716,,1318.9350511328867,1912.2309914183022,True,1.5,1.4498295346505574,formula
UGC06667,3.5,69.3,3.0,1.473741399774267,154.1405714285714,805.1811365670122,959.3217079955837,23.226967085695886,53.08609966822335,57.94502548092064,,1318.9350511328867,1912.2309914183022,True,1.5,1.4498295346505574,formula
UGC06667,4.37,77.3,3.4,1.4686374283195307,154.95029748283756,642.64851386487,797.5988113477075,26.021775496687386,52.99409406329617,59.038180913621325,,1318.9350511328867,1912.2309914183022,True,1.5,1.4498295346505574,formula
UGC06667,5.24,80.7,3.9,1.3509278309637056,172.3298664122137,492.9935239576915,665.3233903699052,30.05009983344481,50.8260372795116,59.044852151041106,,1318.9350511328867,1912.2309914183022,True,1.5,1.4498295346505574,formula
UGC06667,6.11,84.0,3.0,1.3335108563588833,164.98031096563008,417.3454643080551,582.3257752736852,31.749483460365145,50.49733445363445,59.64906107326599,,1318.9350511328867,1912.2309914183022,True,1.5,1.4498295346505574,formula
UGC06667,6.98,85.0,3.0,1.2592188273828862,167.95199140401144,344.97382044397824,512.9258118479897,34.23893835970969,49.07053358889598,59.83495773123742,,1318.9350511328867,1912.2309914183022,True,1.5,1.4498295346505574,formula
UGC06667,7.85,85.7,3.4,1.2678094772228465,149.59128662420383,308.83370363813543,458.4249902623393,34.26793836810146,49.2376337120232,59.98863370305548,,1318.9350511328867,1912.2309914183022,True,1.5,1.4498295346505574,formula
