galaxy,r_kpc,v_obs_kmps,v_err_kmps,sigma_profile,a_bar_kmps2_per_kpc,a_struct_kmps2_per_kpc,a_total_kmps2_per_kpc,v_bar_kmps,v_struct_kmps,v_model_kmps,beta_raw,beta_formula,beta_clipped,use_dimension_proxy,d_eff_proxy,d_eff_response,beta_mode
UGC02259,1.02,56.1,3.4,1.255991395695464,608.4106862745098,2462.728226853851,3071.138913128361,24.911421075482625,50.11968466970765,55.969292396732406,,1668.435887081998,2000.0,True,2.1641513548197095,1.4424788068041545,formula
UGC02259,2.04,71.1,3.0,1.0402169555633396,668.629411764706,1019.8205446699407,1688.4499564346465,36.93242477823519,45.61177382131371,58.689333878709846,,1668.435887081998,2000.0,True,2.1641513548197095,1.4424788068041545,formula
UGC02259,3.05,80.7,1.5,1.0091375052704492,602.4601311475411,661.7295116527536,1264.1896428002947,42.866110157092635,44.9252157539716,62.09491453042591,,1668.435887081998,2000.0,True,2.1641513548197095,1.4424788068041545,formula
UGC02259,4.07,82.8,1.5,0.9366630328913546,527.1127764127764,460.2766746394862,987.3894510522625,46.31791230182984,43.2819369458289,63.393020639363044,,1668.435887081998,2000.0,True,2.1641513548197095,1.4424788068041545,formula
UGC02259,5.09,83.7,1.5,0.9920516445093375,397.9710019646365,389.80418251840376,787.7751844830402,45.007470491019596,44.54327434101219,63.322789649688325,,1668.435887081998,2000.0,True,2.1641513548197095,1.4424788068041545,formula
UGC02259,6.11,86.0,1.5,1.0236142735010298,334.5081669394435,335.061955319486,669.5701222589296,45.20890288427712,45.246309761151345,63.96149972445971,,1668.435887081998,2000.0,True,2.1641513548197095,1.4424788068041545,formula
UGC02259,7.13,88.3,2.3,1.0703416839684694,282.51199158485275,300.23609648484415,582.7480880696969,44.881070620028666,46.26751957839256,64.45924191252126,,1668.435887081998,2000.0,True,2.1641513548197095,1.4424788068041545,formula
UGC02259,8.14,90.0,3.0,1.17958167798927,219.38320638820636,289.8235081054717,509.2067144936781,42.25848198882681,48.57121942033719,64.38122906545463,,1668.435887081998,2000.0,True,2.1641513548197095,1.4424788068041545,formula
