galaxy,r_kpc,v_obs_kmps,v_err_kmps,sigma_profile,a_bar_kmps2_per_kpc,a_struct_kmps2_per_kpc,a_total_kmps2_per_kpc,v_bar_kmps,v_struct_kmps,v_model_kmps,beta_raw,beta_formula,beta_clipped,use_dimension_proxy,d_eff_proxy,d_eff_response,beta_mode
UGCA281,0.09,7.0,2.49,0.8055091145087075,192.4,16702.693193959934,16895.093193959936,4.161249812255928,38.7716699080191,38.994337889703864,,1471.6480380937994,1866.2015865248711,True,2.759694585227408,1.2681032000981227,formula
UGCA281,0.25,14.9,1.35,0.36193786286756224,589.3072000000001,2701.7960556274634,3291.1032556274636,12.137825175870676,25.989401953620746,28.684068991460503,,1471.6480380937994,1866.2015865248711,True,2.759694585227408,1.2681032000981227,formula
UGCA281,0.41,21.1,1.37,0.36266212124399333,719.9309756097562,1650.7332342390623,2370.6642098488182,17.18056169046868,26.015392098486917,31.17647071170846,,1471.6480380937994,1866.2015865248711,True,2.759694585227408,1.2681032000981227,formula
UGCA281,0.58,26.0,1.24,0.5100146917876508,635.7272413793103,1641.0176326984606,2276.744874077771,19.20213009017489,30.851097662240594,36.338850105157526,,1471.6480380937994,1866.2015865248711,True,2.759694585227408,1.2681032000981227,formula
UGCA281,0.74,27.5,1.59,0.5373092849001183,536.7199999999999,1355.0370809934388,1891.7570809934386,19.92919466511379,31.66587184865032,37.415240744049,,1471.6480380937994,1866.2015865248711,True,2.759694585227408,1.2681032000981227,formula
UGCA281,0.9,28.8,2.57,0.6126522589969078,434.87611111111113,1270.3695752534172,1705.2456863645284,19.783541139037773,33.813201826033506,39.1755168150731,,1471.6480380937994,1866.2015865248711,True,2.759694585227408,1.2681032000981227,formula
UGCA281,1.08,29.5,1.85,0.6697466433518658,349.7737962962963,1157.2983781416287,1507.072174437925,19.4359383617051,35.353673760911455,40.34399519622417,,1471.6480380937994,1866.2015865248711,True,2.759694585227408,1.2681032000981227,formula
