galaxy,r_kpc,v_obs_kmps,v_err_kmps,sigma_profile,a_bar_kmps2_per_kpc,a_struct_kmps2_per_kpc,a_total_kmps2_per_kpc,v_bar_kmps,v_struct_kmps,v_model_kmps,beta_raw,beta_formula,beta_clipped,beta_mode
UGC07866,0.33,12.2,4.07,0.35246968587004035,283.29242424242415,570.960451135555,854.2528753779791,9.66884170932589,13.726505340935585,16.789980609718793,,534.5621380449854,534.5621380449854,formula
UGC07866,0.66,19.4,4.07,0.47130834685976253,282.73030303030305,381.73272359970036,664.4630266300035,13.660234258606257,15.87273125759402,20.941480310040223,,534.5621380449854,534.5621380449854,formula
UGC07866,1.0,23.9,4.07,0.40646783371739686,324.5125,217.2823142384853,541.7948142384853,18.014230485924177,14.740499117685442,23.276486294939048,,534.5621380449854,534.5621380449854,formula
UGC07866,1.33,26.0,4.07,0.4057678929554594,289.15225563909775,163.08883639720236,452.2410920363001,19.61052013588625,14.727802022307305,24.52510249536746,,534.5621380449854,534.5621380449854,formula
UGC07866,1.67,28.2,4.07,0.4463528915928737,249.3452095808383,142.8762611092504,392.2214706900887,20.40604077228113,15.446791124775663,25.59316033733326,,534.5621380449854,534.5621380449854,formula
UGC07866,2.0,30.6,4.07,0.48311281167324344,225.97984999999997,129.1269087624867,355.10675876248666,21.259343828067692,16.070277456378076,26.64983147273118,,534.5621380449854,534.5621380449854,formula
UGC07866,2.32,33.1,4.07,0.5292811586013225,203.86125000000004,121.9541671417457,325.81541714174574,21.747599867571594,16.820632204790936,27.493485915191805,,534.5621380449854,534.5621380449854,formula
