{
  "n_success": 32,
  "n_failed": 0,
  "mean_M_gal": 0.10266717750010677,
  "mean_R_gal": 0.13378929365417933,
  "mean_eta_obs_mean": 0.5960371487998073,
  "mean_eta_transition_mean": 0.44697245950042425
}