r_kpc,v_obs_kmps,v_err_kmps,v_model_kmps,v_baryon_kmps,a_newton,sigma_profile,sigma_smoothed,sigma_transferred,beta_local,d_eff_local,cinfo_cap,eta_profile,projection_profile,a_struct_internal,a_struct_observed,a_struct,a_total,struct_to_bar_ratio,sigma_flip_severity
1.31,12.0,5.0,13.250314850965115,12.001633222191055,109.95358778625956,25.365872831587,22.685499627017812,14.62011539597058,88.78793994870145,2.137570713688427,0.4550282854753709,0.2,0.306961559940852,787.3696597860658,241.69221901802868,24.06995698450887,134.02354477076844,0.21891015535844835,7.156700740577511
2.63,21.7,5.0,21.187222208047704,19.422618258103103,143.4365399239544,29.725792980207046,13.756584330750721,11.056723321932422,90.4579691895751,2.161704807127553,0.4646819228510213,0.2,0.3049438447304008,496.89649552218754,151.52552777759826,27.247256613380152,170.68379653733456,0.18996035897007696,7.156700740577511
3.93,28.6,5.0,28.473389694260838,27.16969267400719,187.83516539440203,7.604086660121011,5.4568234394946185,5.019419903894867,93.55487004106907,2.207211799756469,0.48288471990258763,0.2,0.31438203916719576,153.60170201534697,48.289616299136746,18.458453099551985,206.293618493954,0.09826942181350508,7.156700740577511
5.24,29.5,5.0,29.332715264338088,29.250709393107034,163.28320610687024,-19.27870364974846,-2.112012626540172,-2.137280836682645,95.55807507376927,2.2372096296798927,0.4948838518719571,0.2,0.3127739515991205,-14.183342004073939,-4.4361799254959955,0.9168291562466546,164.2000352631169,0.005614962972043691,7.156700740577511
6.55,28.6,5.0,28.115014569419255,29.991307073883924,137.32496183206106,-16.132931624693512,-10.55283272229897,-8.024052001645163,100.45567728441635,2.3126278820405384,0.5250511528162154,0.22317359779201518,0.33490218437587477,-100.44555409365881,-33.63943547681143,-16.64495507806761,120.68000675399345,0.12120851778151769,7.156700740577511
7.87,27.3,5.0,27.858284106251038,30.840197794437053,120.8535959339263,-12.47830749858694,-14.569311554040558,-11.436911822608284,95.85398596818459,2.2416805956964505,0.4966722382785802,0.2,0.275822523976118,-133.88613694028135,-36.92881221628057,-22.24063616968243,98.61295976424387,0.1840295772567822,7.156700740577511
