r_kpc,v_obs_kmps,v_err_kmps,v_model_kmps,v_baryon_kmps,a_newton,sigma_profile,sigma_smoothed,sigma_transferred,beta_local,d_eff_local,cinfo_cap,eta_profile,projection_profile,a_struct_internal,a_struct_observed,a_struct,a_total,struct_to_bar_ratio,sigma_flip_severity
0.87,27.3,5.8,77.79408438336341,86.64557749821974,8629.259885057472,-818.1144801162651,-959.0308550491291,-863.5782169846854,83.02792379730208,2.056265161990279,0.4225060647961117,0.2,0.25915158907765323,-69720.70494266404,-18068.23147750558,-1673.0304999472798,6956.229385110192,0.19387879403705516,95.56049568091657
1.74,52.7,6.7,105.42984969080632,117.37312511814619,7917.500287356322,-1167.351333327802,-924.6830402919929,-870.6368088051469,88.5991190003917,2.134858911488975,0.45394356459559,0.2,0.2898107502128622,-52683.58991582389,-15268.270717411702,-1529.3087897551643,6388.191497601158,0.1931555079571466,95.56049568091657
2.71,69.2,6.7,117.88631611738448,132.53080245739102,6481.333431734317,-1173.4595015690481,-987.5739105762442,-923.1745469989531,91.89278535455749,2.182662603886799,0.47306504155471957,0.2,0.2990276393650514,-34422.140916869146,-10293.171540262527,-1353.2214288826913,5128.112002851625,0.2087875038579195,95.56049568091657
3.58,83.5,6.4,126.24902433342945,143.57868435112505,5758.334804469273,-646.3754063305839,-1184.6349656162363,-1010.684854585671,97.8722193724451,2.272460295463552,0.5089841181854209,0.20816642074644837,0.33228369282318254,-28565.997516475923,-9492.015143952482,-1306.1515237031108,4452.183280766162,0.2268279924761156,95.56049568091657
4.45,95.9,6.3,135.9141396853287,154.39251601032998,5356.640224719101,-1132.5688315375219,-1311.848650013921,-1106.2453502665876,107.65949856295876,2.429813523882441,0.5719254095529765,0.26990613313704226,0.4043518576046675,-25846.643654442672,-10451.138374519787,-1205.4821648532488,4151.158059865852,0.2250444521717834,95.56049568091657
5.32,110.0,7.6,118.7458993415877,141.95202710775214,3787.665037593985,-1803.419755316225,-1437.8407007633564,-1156.3266995741596,106.48798597986783,2.4101873021324987,0.5640749208529995,0.26177302425001764,0.36648223424525744,-24351.623764524014,-8924.437484722668,-1137.1784566837443,2650.4865809102403,0.30023205468192804,95.56049568091657
