r_kpc,v_obs_kmps,v_err_kmps,v_model_kmps,v_baryon_kmps,a_newton,sigma_profile,sigma_smoothed,sigma_transferred,beta_local,d_eff_local,cinfo_cap,eta_profile,projection_profile,a_struct_internal,a_struct_observed,a_struct,a_total,struct_to_bar_ratio,sigma_flip_severity
0.21,4.68,3.65,7.774012371386837,6.901594018775662,226.8190476190476,544.3528689091914,391.9142761178381,198.20040341768959,89.72054187881152,2.151014470147122,0.46040578805884885,0.2,0.3228926257443383,64534.00367649434,20837.55389689804,60.96794452607425,287.78699214512187,0.2687955229777375,89.70575259754845
0.64,13.1,3.44,18.580765812169567,17.174693592608865,460.89078125,310.569044976481,274.8375889425045,172.24577382359092,90.0795163665069,2.1562117252226027,0.46248469008904114,0.2,0.3076584195303282,39162.091536788284,12048.547187710325,78.55430963545209,539.445090885452,0.17044018416337567,89.70575259754845
1.06,22.5,2.45,24.912167974023507,22.809009184968993,490.8027358490565,15.943728885135112,145.82574916859488,105.56616707438903,85.9873041344695,2.0976832085575143,0.4390732834230058,0.2,0.2571180911491734,11242.447029593299,2890.6365200947234,94.68416336411569,585.4868992131721,0.1929169428942125,89.70575259754845
1.48,30.4,1.71,27.421330403511895,26.494142748917163,474.28351351351347,-41.03056696747639,4.934403539379808,15.860414476840575,85.88075042506046,2.0961793622707403,0.43847174490829616,0.2,0.24025907266566626,2098.661781295411,504.22253341291076,33.77686560713917,508.06037912065267,0.07121661336469118,89.70575259754845
1.91,36.0,1.7,28.696131353901627,29.509661129874058,455.92675392670156,-100.70632996035668,-89.20017730329317,-63.93592370908764,95.23403648431945,2.2323256227080734,0.4929302490832294,0.2,0.2921102323028513,-2142.480837798899,-625.8405752338439,-24.79169912022195,431.1350548064796,0.054376495581146926,89.70575259754845
2.33,41.9,4.97,26.735668249591136,30.093715290738032,388.6831330472103,-160.10385923688395,-124.409694927697,-103.0072847399126,94.09571134363533,2.2152655350858614,0.4861062140343446,0.2,0.26276408237043575,-3835.8910894042842,-1007.9344021802478,-81.90375246686885,306.7793805803414,0.21072113889984687,89.70575259754845
