r_kpc,v_obs_kmps,v_err_kmps,v_model_kmps,v_baryon_kmps,a_newton,sigma_profile,sigma_smoothed,sigma_transferred,beta_local,d_eff_local,cinfo_cap,eta_profile,projection_profile,a_struct_internal,a_struct_observed,a_struct,a_total,struct_to_bar_ratio,sigma_flip_severity
1.48,24.35,2.92,18.882880618418255,20.941910132554764,296.3267567567567,-35.3171011157588,-35.01227808277523,-30.67198397320153,85.78725982269835,2.0948606816379303,0.4379442726551721,0.2,0.2782173937541361,-1505.113216250305,-418.74867633006534,-55.40568888551634,240.92106787124038,0.18697497820285175,1.052503831800582
2.97,43.55,1.4,23.882262098910616,26.903562961065212,243.70427609427608,-32.80188155469052,-34.89727956854818,-30.26777465075047,94.15754262737941,2.2161883783441683,0.48647535133766734,0.2,0.3306851825734958,-1140.901654995063,-377.2792720804459,-51.66304950805978,192.0412265862163,0.21199073867737192,1.052503831800582
4.45,54.15,0.67,26.211320012221297,29.751100819969672,198.90516853932587,-36.308205511909215,-33.22772642205478,-29.471522687670653,103.46770627983263,2.360640896884623,0.5442563587538493,0.24178934816861372,0.39622043399127127,-721.7889572654599,-285.9875338978277,-44.515663644253365,154.3895048950725,0.22380345353093276,1.052503831800582
5.94,60.15,0.48,24.25759561724456,28.40882433329475,135.8689057239057,-34.742108544623555,-31.558173275561373,-28.41901885587007,108.80147611767637,2.4491773548754914,0.5796709419501966,0.27805130674640854,0.4220058806236381,-535.6131806448332,-226.03191197165057,-36.8064570488615,99.0624486750442,0.27089683877821596,1.052503831800582
7.39,63.75,0.95,22.316280647024705,26.741004094835333,96.76336941813263,-26.969335383291785,-30.391664041281626,-27.74513979561221,106.82036983361787,2.4157316760345737,0.5662926704138296,0.2640581215230432,0.3696813703466514,-440.8801150522676,-162.9851650911116,-29.37278999773081,67.39057942040182,0.3035527821567011,1.052503831800582
