galaxy,segment_index,r_left_kpc,r_right_kpc,r_mid_kpc,dr_kpc,h_i_kpc,v_obs_segment_kms,v_vis_segment_kms,v_err_segment_kms,mass_bar_segment_msun,n_points,density_ref_gal_msun_per_kpc3,segment_wedge_volume_eff_kpc3,segment_density_eff_msun_per_kpc3,alpha_geom_i,alpha_dens_i,Dw_i,Dw_smooth_i,dDw_dr_i,propagation_source_i,ell_info_kpc,c_info_gal,tau_struct_gal,propagation_term_i,delta_struct_i,DeltaD_i
NGC2998,1,0.33,2.64,1.485,2.31,3.31,135.75,106.16040290309387,16.75,3891268650.0421133,4,222861850.65588945,11.354458500000002,342708430.3528973,2.5290947913511697,2.4807111135511164,2.5049029524511432,2.3145231037152665,-0.009752329719840408,0.5266548238659784,13.850000000000001,1.0,2.0,0.037583337755032746,0.13866301425766706,0.13866301425766706
NGC2998,2,3.63,17.48,10.555,13.850000000000001,3.31,208.25,209.6220323237375,8.75,107837978329.4842,4,222861850.65588945,483.8781425000001,222861850.65588945,2.064247383009163,2.1840391269496164,2.1241432549793897,2.226069473156314,-0.008765168417273688,0.5,13.850000000000001,1.0,2.0,0.23345748705492309,0.5,0.5
NGC2998,3,22.46,42.28,32.370000000000005,19.82,3.31,211.2,164.01718193338445,2.4,202470164762.45087,5,222861850.65588945,2123.607954,95342534.56768267,2.0252130013742615,2.073111422702557,2.049162212038409,2.0866527335088993,-0.006390865901783846,0.42167137967930235,13.850000000000001,1.0,2.0,0.30651052032222326,0.5676457051799696,0.5676457051799696
