galaxy,r_kpc,v_obs_kmps,v_err_kmps,sigma_profile,a_bar_kmps2_per_kpc,a_struct_kmps2_per_kpc,a_total_kmps2_per_kpc,v_bar_kmps,v_struct_kmps,v_model_kmps,beta_raw,beta_formula,beta_clipped,use_dimension_proxy,d_eff_proxy,d_eff_response,beta_mode
NGC4138,2.61,179.0,14.7,-0.10529198215304204,20336.892911877396,-80.66561043763045,20256.227301439765,230.38943226632597,0.0,229.93206226352555,,1999.556271399652,1999.556271399652,True,4.5,0.5501704653494427,formula
NGC4138,5.24,195.0,6.8,-0.02165216108277977,7417.837729007633,-8.262350092066367,7409.575378915567,197.1534166581954,0.0,197.04358651201406,,1999.556271399652,1999.556271399652,True,4.5,0.5501704653494427,formula
NGC4138,7.85,181.0,9.8,0.09922502238538154,3467.569987261147,25.274651693052295,3492.8446389541996,164.98613396282732,14.085667033919995,165.58632315439118,,1999.556271399652,1999.556271399652,True,4.5,0.5501704653494427,formula
NGC4138,10.65,162.0,20.4,0.10428665208638184,1860.9677558685448,19.580002742028018,1880.5477586105728,140.78105909532007,14.440464992603196,141.51972876317492,,1999.556271399652,1999.556271399652,True,4.5,0.5501704653494427,formula
NGC4138,13.47,145.0,9.6,0.10475231191243316,1141.2792650334075,15.54997343935547,1156.8292384727629,123.98803047068697,14.472668801161664,124.8298435560508,,1999.556271399652,1999.556271399652,True,4.5,0.5501704653494427,formula
NGC4138,16.03,147.0,17.9,0.10529583370825336,799.6433873986275,13.134431980261564,812.777819378889,113.21785857363669,14.510166940583174,114.14389359332189,,1999.556271399652,1999.556271399652,True,4.5,0.5501704653494427,formula
NGC4138,18.58,150.0,21.0,0.10530614530463009,594.0044241119484,11.33291513782541,605.3373392497738,105.05523404381145,14.510877411817527,106.05266504553667,,1999.556271399652,1999.556271399652,True,4.5,0.5501704653494427,formula
