galaxy,r_kpc,v_obs_kmps,v_err_kmps,sigma_profile,a_bar_kmps2_per_kpc,a_struct_kmps2_per_kpc,a_total_kmps2_per_kpc,v_bar_kmps,v_struct_kmps,v_model_kmps,beta_raw,beta_formula,beta_clipped,use_dimension_proxy,d_eff_proxy,d_eff_response,beta_mode
UGC02455,0.5,16.9,3.64,-0.375600369393503,3395.465,-1.2457806061726346e-05,3395.464987542194,41.20354960437268,0.0,41.20354952878571,,1.6583857574264992e-05,1.6583857574264992e-05,True,4.5,0.5501704653494427,formula
UGC02455,1.0,23.9,3.64,-0.3756390650695767,4208.276,-6.22954475444392e-06,4208.275993770455,64.87122628716062,0.0,64.87122623914593,,1.6583857574264992e-05,1.6583857574264992e-05,True,4.5,0.5501704653494427,formula
UGC02455,1.51,28.2,3.64,-0.37564382565231297,4108.530132450331,-4.125578611437078e-06,4108.530128324752,78.76471608531322,0.0,78.76471604576744,,1.6583857574264992e-05,1.6583857574264992e-05,True,4.5,0.5501704653494427,formula
UGC02455,2.01,33.0,3.64,-0.3755762722794744,3013.6024378109455,-3.0987579143065534e-06,3013.6024347121875,77.82892071717299,0.0,77.82892067715892,,1.6583857574264992e-05,1.6583857574264992e-05,True,4.5,0.5501704653494427,formula
UGC02455,2.52,39.1,3.64,-0.3751468205496723,2387.4089682539684,-2.468802159299251e-06,2387.4089657851664,77.56462209022874,0.0,77.56462205012424,,1.6583857574264992e-05,1.6583857574264992e-05,True,4.5,0.5501704653494427,formula
UGC02455,3.02,43.8,3.64,-0.3738749715665369,1975.9297019867552,-2.0530759202125233e-06,1975.9296999336793,77.24835079145703,0.0,77.24835075132485,,1.6583857574264992e-05,1.6583857574264992e-05,True,4.5,0.5501704653494427,formula
UGC02455,3.52,53.1,3.64,-0.35616813207699866,1582.7211363636363,-1.6780231746752693e-06,1582.7211346856132,74.64032690174929,0.0,74.64032686218194,,1.6583857574264992e-05,1.6583857574264992e-05,True,4.5,0.5501704653494427,formula
UGC02455,4.03,61.0,3.64,-0.26187416221051046,1276.2332754342433,-1.0776386621536161e-06,1276.2332743566046,71.71624711318907,0.0,71.71624708291084,,1.6583857574264992e-05,1.6583857574264992e-05,True,4.5,0.5501704653494427,formula
