galaxy,r_kpc,v_obs_kmps,v_err_kmps,sigma_profile,a_bar_kmps2_per_kpc,a_struct_kmps2_per_kpc,a_total_kmps2_per_kpc,v_bar_kmps,v_struct_kmps,v_model_kmps,beta_raw,beta_formula,beta_clipped,use_dimension_proxy,d_eff_proxy,d_eff_response,beta_mode
UGC07261,0.95,46.8,5.66,0.2015133710044174,825.6917894736841,424.07248469633714,1249.7642741700213,28.0072704846438,20.07159337126777,34.45687247069183,,1999.21652073742,1999.21652073742,True,3.9247894077383925,0.5545395466833982,formula
UGC07261,1.9,63.0,5.66,0.1948438297187055,1382.9231578947372,205.01842280914988,1587.941580703887,51.25967225802366,19.73664113615548,54.928034766750805,,1999.21652073742,1999.21652073742,True,3.9247894077383925,0.5545395466833982,formula
UGC07261,2.86,66.8,5.66,0.19921676772848526,926.5596153846153,139.25785078695702,1065.8174661715723,51.47776704558969,19.95688986918295,55.2108499595025,,1999.21652073742,1999.21652073742,True,3.9247894077383925,0.5545395466833982,formula
UGC07261,3.81,69.6,5.66,0.2006666608607857,682.9812073490813,105.29556523729548,788.2767725863768,51.01135559853316,20.029381007761966,54.80268701034736,,1999.21652073742,1999.21652073742,True,3.9247894077383925,0.5545395466833982,formula
UGC07261,4.76,73.4,5.66,0.20144685042952354,479.0240546218488,84.6083763506772,563.632430972526,47.750963341067795,20.068280230982012,51.79662509690399,,1999.21652073742,1999.21652073742,True,3.9247894077383925,0.5545395466833982,formula
UGC07261,5.72,74.7,5.66,0.20150380257204048,366.48141608391614,70.4282746666844,436.90969075060053,45.78508163146594,20.071116837222455,49.99123354242657,,1999.21652073742,1999.21652073742,True,3.9247894077383925,0.5545395466833982,formula
UGC07261,6.67,76.1,5.66,0.20150963465316557,317.68107946026987,60.399009098406346,378.0800885586762,46.03186722261003,20.07140729212504,50.21746897929415,,1999.21652073742,1999.21652073742,True,3.9247894077383925,0.5545395466833982,formula
