galaxy,r_kpc,v_obs_kmps,v_err_kmps,sigma_profile,a_bar_kmps2_per_kpc,a_struct_kmps2_per_kpc,a_total_kmps2_per_kpc,v_bar_kmps,v_struct_kmps,v_model_kmps,beta_raw,beta_formula,beta_clipped,use_dimension_proxy,d_eff_proxy,d_eff_response,beta_mode
UGC09992,0.78,28.1,5.66,0.1037633812895759,581.1899999999998,265.64104490092274,846.8310449009225,21.291505348377786,14.39444389418083,25.700743472178377,,1996.8510321042813,1996.8510321042813,True,3.9418540660231223,0.5541197132486386,formula
UGC09992,1.55,31.3,5.66,0.10366522558094184,425.09845161290315,133.5509759320173,558.6494275449204,25.66909815322696,14.387634020040503,29.426291181435467,,1996.8510321042813,1996.8510321042813,True,3.9418540660231223,0.5541197132486386,formula
UGC09992,2.34,33.0,5.66,0.10365370308010946,314.74085470085475,88.45342050296894,403.1942752038237,27.138415576448086,14.386834397356052,30.71603170946643,,1996.8510321042813,1996.8510321042813,True,3.9418540660231223,0.5541197132486386,formula
UGC09992,3.12,33.4,5.66,0.10326606743967463,261.26695512820515,66.09197222700789,327.35892735521304,28.550882648352577,14.35990784609235,31.95872108436545,,1996.8510321042813,1996.8510321042813,True,3.9418540660231223,0.5541197132486386,formula
UGC09992,3.89,34.3,5.66,0.10365765040545373,204.16580976863753,53.21051059065168,257.3763203592892,28.181642961332116,14.387108333422496,31.641647969055516,,1996.8510321042813,1996.8510321042813,True,3.9418540660231223,0.5541197132486386,formula
