galaxy,r_kpc,v_obs_kmps,v_err_kmps,sigma_profile,a_bar_kmps2_per_kpc,a_struct_kmps2_per_kpc,a_total_kmps2_per_kpc,v_bar_kmps,v_struct_kmps,v_model_kmps,beta_raw,beta_formula,beta_clipped,use_dimension_proxy,d_eff_proxy,d_eff_response,beta_mode
UGC10310,1.1,33.2,5.06,0.21492938975613787,422.49172727272725,390.56012783818966,813.0518551109169,21.557850078335733,20.727183615291505,29.905802791799598,,1998.8710762611743,1998.8710762611743,True,3.514247191215417,0.5952521909121755,formula
UGC10310,2.21,54.6,5.06,0.2148683669387856,590.7111764705883,194.34125062326305,785.0524270938513,36.13131190532666,20.72424097228681,41.652921432684785,,1998.8710762611743,1998.8710762611743,True,3.514247191215417,0.5952521909121755,formula
UGC10310,3.31,65.7,5.06,0.2149942098723888,515.948821752266,129.83254008384972,645.7813618361157,41.32542316782734,20.73030891418511,46.233497679469835,,1998.8710762611743,1998.8710762611743,True,3.514247191215417,0.5952521909121755,formula
UGC10310,4.42,69.2,5.06,0.21500920913804855,419.25904977375563,97.23431884068665,516.4933686144423,43.04793839430641,20.731032035956027,47.77971001665701,,1998.8710762611743,1998.8710762611743,True,3.514247191215417,0.5952521909121755,formula
UGC10310,5.52,70.9,5.06,0.21482784762613608,406.58922101449286,77.79224112234171,484.38146213683456,47.37480870673781,20.722286818672455,51.70866146977048,,1998.8710762611743,1998.8710762611743,True,3.514247191215417,0.5952521909121755,formula
UGC10310,6.64,72.4,5.06,0.21477368533210098,360.1084939759036,64.6543535470415,424.7628475229451,48.8990838359984,20.71967440748902,53.10767654070695,,1998.8710762611743,1998.8710762611743,True,3.514247191215417,0.5952521909121755,formula
UGC10310,7.74,73.2,5.06,0.2149554741153417,285.7251291989664,55.51269766061551,341.2378268595819,47.02672112746114,20.7284413281164,51.392419478879994,,1998.8710762611743,1998.8710762611743,True,3.514247191215417,0.5952521909121755,formula
