r_kpc,v_obs,v_model
0.1,13.9,1590.7765864201233
0.3,29.9,962.5602665078447
0.51,46.7,7.141428428542851e-07
0.71,60.4,8.426149773176358e-07
