r_kpc,v_obs,v_model
4.51,69.75,2.12367605815953e-06
9.01,97.7,3.0016662039607267e-06
13.51,108.0,3.675595189897821e-06
18.01,107.5,4.243819034784589e-06
