r_kpc,v_obs,v_model
0.21,16.4,1645.3557923377077
0.41,26.2,258.935500751183
0.62,35.2,7.874007874011811e-07
0.82,44.0,9.055385138137416e-07
