galaxy,r_kpc,v_obs_kmps,v_err_kmps,sigma_profile,a_bar_kmps2_per_kpc,a_struct_kmps2_per_kpc,a_total_kmps2_per_kpc,v_bar_kmps,v_struct_kmps,v_model_kmps,beta_raw,beta_clipped,beta_hit_lower,beta_hit_upper,beta_mode
F567-2,1.92,26.9,8.0,0.07510213750494216,348.5900520833334,41.48687851441796,390.07693059775136,25.87069577726892,8.924954159416309,27.366908973204893,2258.126353316798,1060.6197026341724,False,True,structural
F567-2,3.83,46.8,5.0,0.4696086341668487,311.294046997389,130.0459973693167,441.3400443667057,34.52906312079724,22.317620167134375,41.11365186801682,2258.126353316798,1060.6197026341724,False,True,structural
F567-2,5.75,47.6,5.0,0.5450594547502392,188.49739130434784,100.5392690113292,289.03666031567707,32.922029099069825,24.043726766355146,40.76715340583817,2258.126353316798,1060.6197026341724,False,True,structural
F567-2,7.67,48.1,8.0,0.40709685569822984,181.42417209908737,56.29399557157277,237.71816767066014,37.30312855512256,20.779195028536673,42.7000977286231,2258.126353316798,1060.6197026341724,False,True,structural
F567-2,9.59,52.2,10.0,0.39132202139319355,175.06891553701772,43.27881605466655,218.34773159168427,40.974515250335784,20.37262491590743,45.759750283018946,2258.126353316798,1060.6197026341724,False,True,structural
