galaxy,r_kpc,v_obs_kmps,v_err_kmps,sigma_profile,a_bar_kmps2_per_kpc,a_struct_kmps2_per_kpc,a_total_kmps2_per_kpc,v_bar_kmps,v_struct_kmps,v_model_kmps,beta_raw,beta_clipped,beta_hit_lower,beta_hit_upper,beta_mode
UGC02259,1.02,56.1,3.4,0.9718851248298132,608.4106862745098,1401.2675938103723,2009.678280084882,24.911421075482625,37.805990870318155,45.275510440927995,5556.291539583489,1470.639800086315,False,True,structural
UGC02259,2.04,71.1,3.0,0.8317298014459168,668.629411764706,599.5955631981635,1268.2249749628695,36.93242477823519,34.97391812371404,50.86431901563466,5556.291539583489,1470.639800086315,False,True,structural
UGC02259,3.05,80.7,1.5,0.8111616391067397,602.4601311475411,391.1234723847945,993.5836035323357,42.866110157092635,34.53876938707607,55.04934141998089,5556.291539583489,1470.639800086315,False,True,structural
UGC02259,4.07,82.8,1.5,0.7626759656561684,527.1127764127764,275.58270999096425,802.6954864037407,46.31791230182984,33.4906200250641,57.157419725379704,5556.291539583489,1470.639800086315,False,True,structural
UGC02259,5.09,83.7,1.5,0.7998001591987064,397.9710019646365,231.0840758807443,629.0550778453808,45.007470491019596,34.29603397235588,56.58524848609387,5556.291539583489,1470.639800086315,False,True,structural
UGC02259,6.11,86.0,1.5,0.8207575796335569,334.5081669394435,197.55135234560095,532.0595192850444,45.20890288427712,34.74246339613272,57.01652096394186,5556.291539583489,1470.639800086315,False,True,structural
UGC02259,7.13,88.3,2.3,0.851554243277146,282.51199158485275,175.6422948240891,458.15428640894186,44.881070620028666,35.388268707239064,57.15452792295423,5556.291539583489,1470.639800086315,False,True,structural
UGC02259,8.14,90.0,3.0,0.9226783238471973,219.38320638820636,166.69870586322094,386.0819122514273,42.25848198882681,36.83649638234639,56.05984985465639,5556.291539583489,1470.639800086315,False,True,structural
