galaxy,r_kpc,v_obs_kmps,v_err_kmps,sigma_profile,a_bar_kmps2_per_kpc,a_struct_kmps2_per_kpc,a_total_kmps2_per_kpc,v_bar_kmps,v_struct_kmps,v_model_kmps,beta_raw,beta_clipped,beta_hit_lower,beta_hit_upper,beta_mode
UGC04483,0.08,5.11,2.79,0.3362463527417178,218.1125,1522.5519828182591,1740.664482818259,4.177200019151585,11.036492134073251,11.800557555703067,442.3704081751118,362.24678017257963,False,False,structural
UGC04483,0.24,10.8,1.94,0.1476195597624572,414.40833333333336,222.81129256018255,637.219625893516,9.972863179649062,7.312640440664631,12.36659654935196,442.3704081751118,362.24678017257963,False,False,structural
UGC04483,0.4,17.3,1.56,0.5108115398852237,380.00225,462.59958899604874,842.6018389960487,12.328864505703677,13.602934815635173,18.358669221880422,442.3704081751118,362.24678017257963,False,False,structural
UGC04483,0.57,20.8,1.25,0.6148639998236944,319.42877192982456,390.75877926345066,710.1875511932752,13.493494728942537,14.924225413071422,20.119813721308823,442.3704081751118,362.24678017257963,False,False,structural
UGC04483,0.73,20.8,1.62,0.5742620343087287,268.97780821917814,284.9651683612225,553.9429765804007,14.012630017238022,14.42305698885269,20.10916141721709,442.3704081751118,362.24678017257963,False,False,structural
UGC04483,0.89,22.9,1.76,0.666228538758978,224.52719101123594,271.1675764320477,495.6947674432837,14.136095642008085,15.535093917467075,21.00400778481389,442.3704081751118,362.24678017257963,False,False,structural
UGC04483,1.05,24.3,2.23,0.716239895673061,193.79676190476187,247.10056765591497,440.89732956067684,14.26487294019824,16.107625400372047,21.516091560474237,442.3704081751118,362.24678017257963,False,False,structural
UGC04483,1.21,24.2,1.23,0.7088121129778321,169.33719008264464,212.20240138309293,381.53959146573754,14.3142586255803,16.0238854736778,21.486342305602935,442.3704081751118,362.24678017257963,False,False,structural
