{
  "galaxies_processed": 32,
  "mean_rmse_vis_only_kms": 37.156493522124855,
  "mean_rmse_topo_kms": 37.15649352069557,
  "mean_rmse_improvement_kms": 1.429286577980804e-09,
  "median_rmse_improvement_kms": 4.995968083676416e-10,
  "mean_mae_vis_only_kms": 32.856437432281865,
  "mean_mae_topo_kms": 32.85643743101388,
  "mean_Dw_i": 2.0263532591773465,
  "mean_sigma_i": 0.010855955563468632,
  "mean_beta_i": 0.9678330785988946,
  "mean_info_source_i": 0.03531176431919026,
  "mean_v_struct_kms": 0.000426865814212808
}