galaxy,r_kpc,v_obs_kms,v_vis_kms,v_err_kms,h_kpc,source_path,segment_index,Dw_i,sigma_i,beta_i,S_i,I_int_i,eta_obs_i,I_ext_i,DeltaD_i,eta_sigma_term_i,eta_dw_term_i,eta_density_term_i,eta_flow_term_i,segment_density_eff_msun_per_kpc3,segment_wedge_volume_eff_kpc3,v_bar_kms,delta_v_i,C_i
NGC4068,0.21,4.68,6.901594018775662,3.65,0.74,data\derived\crossmatch\sparc_structure_test32\per_galaxy\NGC4068_structure_enriched.csv,1,2.295121031684408,0.0,0.0,0.0,0.0,0.5977199793976572,0.0,0.0,0.5,0.5,0.5,0.5,72804900.72936271,1.9923760000000004,6.901594018775662,0.47469957666146634,0.0
NGC4068,0.64,13.1,17.174693592608865,3.44,0.74,data\derived\crossmatch\sparc_structure_test32\per_galaxy\NGC4068_structure_enriched.csv,1,2.295121031684408,0.0,0.0,0.0,0.0,0.5977199793976572,0.0,0.0,0.5,0.5,0.5,0.5,72804900.72936271,1.9923760000000004,17.174693592608865,0.31104531241289046,0.0
NGC4068,1.06,22.5,22.809009184968993,2.45,0.74,data\derived\crossmatch\sparc_structure_test32\per_galaxy\NGC4068_structure_enriched.csv,1,2.295121031684408,0.0,0.0,0.0,0.0,0.5977199793976572,0.0,0.0,0.5,0.5,0.5,0.5,72804900.72936271,1.9923760000000004,22.809009184968993,0.013733741554177451,0.0
NGC4068,1.48,30.4,26.494142748917163,1.71,0.74,data\derived\crossmatch\sparc_structure_test32\per_galaxy\NGC4068_structure_enriched.csv,1,2.295121031684408,0.0,0.0,0.0,0.0,0.5977199793976572,0.0,0.0,0.5,0.5,0.5,0.5,72804900.72936271,1.9923760000000004,26.494142748917163,0.12848214641719855,0.0
NGC4068,1.91,36.0,29.509661129874058,1.7,0.74,data\derived\crossmatch\sparc_structure_test32\per_galaxy\NGC4068_structure_enriched.csv,1,2.295121031684408,0.0,0.0,0.0,0.0,0.5977199793976572,0.0,0.0,0.5,0.5,0.5,0.5,72804900.72936271,1.9923760000000004,29.509661129874058,0.18028719083683173,0.0
NGC4068,2.33,41.9,30.09371529073803,4.97,0.74,data\derived\crossmatch\sparc_structure_test32\per_galaxy\NGC4068_structure_enriched.csv,1,2.295121031684408,0.0,0.0,0.0,0.0,0.5977199793976572,0.0,0.0,0.5,0.5,0.5,0.5,72804900.72936271,1.9923760000000004,30.09371529073803,0.28177290475565564,0.0
