galaxy,segment_index,r_left_kpc,r_right_kpc,r_mid_kpc,dr_kpc,h_i_kpc,v_obs_segment_kms,v_vis_segment_kms,v_err_segment_kms,mass_bar_segment_msun,n_points,density_ref_gal_msun_per_kpc3,segment_wedge_volume_eff_kpc3,segment_density_eff_msun_per_kpc3,alpha_geom_i,alpha_dens_i,Dw_i,sigma_i,beta_i,ell_info_kpc,c_info_gal,tau_struct_gal,S_i,I_int_i,eta_sigma_term_i,eta_dw_term_i,eta_density_term_i,eta_flow_term_i,eta_obs_i,I_ext_i,DeltaD_i
NGC4157,1,1.74,6.98,4.36,5.24,14.28,161.6,215.8670910476772,9.475,47238816982.59291,4,119491006.83341289,326.246592,144794821.28227997,2.474583496171718,2.272356849047882,2.3734701726098,0.1254597241737856,0.36475497355531994,5.2299999999999995,1.0,2.0,6626109.063666444,6979336.1588547975,1.0,0.0,0.9126313201983571,1.0,0.7821560390651231,5458929.925313859,0.2178439609348769
NGC4157,2,8.72,13.94,11.33,5.219999999999999,14.28,192.75,227.09331741195047,6.525,135855825077.28787,4,119491006.83341289,844.5563279999999,160860585.10627592,2.273680400740038,2.2223404961319906,2.2480104484360144,0.10069780356274993,0.08188549206329566,5.2299999999999995,1.0,2.0,1326406.3884203243,3086909.4476116565,0.6319856070925185,0.48333651365288705,1.0,0.7717429717602852,0.7726420809467366,2385076.1392968115,0.22735791905326339
NGC4157,3,15.68,20.9,18.29,5.219999999999999,14.28,182.5,173.7702629094548,6.699999999999999,128411602923.09045,4,119491006.83341289,1363.3658639999996,94187192.38454579,2.209174753176511,2.1349743777920893,2.1720745654843,0.0670552054901512,0.007518565024227635,5.2299999999999995,1.0,2.0,47485.31344384939,860710.958003181,0.13198560709251847,0.7758812738836303,0.5555572223336058,0.4143905087070277,0.5610028227893978,482861.2770455514,0.43899717721060216
NGC4157,4,22.65,29.61,26.13,6.960000000000001,14.279999999999998,185.2,143.6010859755771,10.84,125283680563.79454,5,119491006.83341289,2597.0293439999996,48241149.393726125,2.1550088044298645,2.0727912704815594,2.113900037455712,0.058174528028588135,0.0013110529190135428,5.2299999999999995,1.0,2.0,3679.3469061128017,195730.07886814358,0.0,1.0,0.0,0.0,0.4240493561883223,82999.21393072583,0.5759506438116777
