galaxy,r_kpc,v_obs_kmps,v_err_kmps,sigma_profile,a_bar_kmps2_per_kpc,a_struct_kmps2_per_kpc,a_total_kmps2_per_kpc,v_bar_kmps,v_struct_kmps,v_model_kmps,beta_raw,beta_formula,beta_clipped,use_dimension_proxy,d_eff_proxy,d_eff_response,beta_mode,beta_ceiling_theory
UGC00634,4.51,69.75,4.15,0.6192202052460889,504.7986031042128,10141208373.027424,10141208877.826027,47.714166659389534,213861.75385597508,213861.75917866986,,53090198812.852165,73862011243.92744,True,1.7571380662979963,1.5671513577648912,formula,73862011243.92744
UGC00634,9.01,97.7,1.63,0.9395617053973544,304.030332963374,7702321559.2034445,7702321863.233777,52.33844953760094,263434.8444082958,263434.84960751934,,53090198812.852165,73862011243.92744,True,1.7571380662979963,1.5671513577648912,formula,73862011243.92744
UGC00634,13.51,108.0,0.99,1.0825302223220763,196.82801628423388,5918420388.826386,5918420585.654403,51.56691284147229,282768.2079956028,282768.2126975926,,53090198812.852165,73862011243.92744,True,1.7571380662979963,1.5671513577648912,formula,73862011243.92744
UGC00634,18.01,107.5,2.32,1.2168030136204944,117.44982232093282,4990311930.798542,4990312048.248364,45.99207866578766,299792.458,299792.46152789274,,53090198812.852165,73862011243.92744,True,1.7571380662979963,1.5671513577648912,formula,73862011243.92744
