galaxy,r_kpc,v_obs_kmps,v_err_kmps,sigma_profile,a_bar_kmps2_per_kpc,a_struct_kmps2_per_kpc,a_total_kmps2_per_kpc,v_bar_kmps,v_struct_kmps,v_model_kmps,beta_raw,beta_formula,beta_clipped,use_dimension_proxy,d_eff_proxy,d_eff_response,beta_mode,beta_ceiling_theory
UGC06923,0.93,40.5,7.35,0.0,2849.6313978494622,0.0,2849.6313978494622,51.479677543667655,0.0,51.479677543667655,,145861624057.59653,93302670182.47238,True,3.986775606305301,0.6396656473921466,formula,175028262184.20007
UGC06923,1.94,53.9,5.9,0.0,1708.528711340206,0.0,1708.528711340206,57.572091329045875,0.0,57.572091329045875,,145861624057.59653,93302670182.47238,True,3.986775606305301,0.6396656473921466,formula,175028262184.20007
UGC06923,2.87,73.0,4.7,0.34856246105954714,1263.750975609756,11331640537.362299,11331641801.113276,60.22429161061174,180338.03908834598,180338.04914436417,,145861624057.59653,93302670182.47238,True,3.986775606305301,0.6396656473921466,formula,175028262184.20007
UGC06923,3.72,78.4,3.9,0.43931565626515146,1005.6108602150538,11018635425.404255,11018636431.015116,61.16267162248556,202458.20255673473,202458.21179536343,,145861624057.59653,93302670182.47238,True,3.986775606305301,0.6396656473921466,formula,175028262184.20007
UGC06923,4.47,79.3,5.3,0.467905055173403,825.8104921700223,9766619919.36366,9766620745.174152,60.75666959272866,208942.07579986268,208942.08463334633,,145861624057.59653,93302670182.47238,True,3.986775606305301,0.6396656473921466,formula,175028262184.20007
UGC06923,5.16,81.1,5.1,0.5134914599054671,705.6989922480622,9284907814.937216,9284908520.636208,60.34407013120677,218883.81467133661,218883.8229894636,,145861624057.59653,93302670182.47238,True,3.986775606305301,0.6396656473921466,formula,175028262184.20007
