galaxy,r_kpc,v_obs_kmps,v_err_kmps,sigma_profile,a_bar_kmps2_per_kpc,a_struct_kmps2_per_kpc,a_total_kmps2_per_kpc,v_bar_kmps,v_struct_kmps,v_model_kmps,beta_raw,beta_formula,beta_clipped,use_dimension_proxy,d_eff_proxy,d_eff_response,beta_mode,beta_ceiling_theory
UGCA281,0.09,7.0,2.49,0.8055091145087075,192.4,960746026428.3694,960746026620.7694,4.161249812255928,294052.95845910686,294052.95848855056,,82100330815.08861,107344710098.39644,True,2.759694585227408,1.3074820653300991,formula,111576040860.19339
UGCA281,0.25,14.9,1.35,0.36193786286756224,589.3072000000001,155408459852.60654,155408460441.91373,12.137825175870676,197109.3984647907,197109.39883850905,,82100330815.08861,107344710098.39644,True,2.759694585227408,1.3074820653300991,formula,111576040860.19339
UGCA281,0.41,21.1,1.37,0.36266212124399333,719.9309756097562,94950878703.91699,94950879423.84796,17.18056169046868,197306.5134976693,197306.51424567224,,82100330815.08861,107344710098.39644,True,2.759694585227408,1.3074820653300991,formula,111576040860.19339
UGCA281,0.58,26.0,1.24,0.5100146917876508,635.7272413793103,94392033165.29033,94392033801.01756,19.20213009017489,233981.57883873762,233981.57962666673,,82100330815.08861,107344710098.39644,True,2.759694585227408,1.3074820653300991,formula,111576040860.19339
UGCA281,0.74,27.5,1.59,0.5373092849001183,536.7199999999999,77942310028.08095,77942310564.80095,19.92919466511379,240161.00728632012,240161.00811320872,,82100330815.08861,107344710098.39644,True,2.759694585227408,1.3074820653300991,formula,111576040860.19339
UGCA281,0.9,28.8,2.57,0.6126522589969078,434.87611111111113,73072199036.83417,73072199471.71028,19.783541139037773,256446.83490569884,256446.83566879755,,82100330815.08861,107344710098.39644,True,2.759694585227408,1.3074820653300991,formula,111576040860.19339
UGCA281,1.08,29.5,1.85,0.6697466433518658,349.7737962962963,66568295620.35198,66568295970.12578,19.4359383617051,268130.1163054612,268130.1170098873,,82100330815.08861,107344710098.39644,True,2.759694585227408,1.3074820653300991,formula,111576040860.19339
