galaxy,r_kpc,v_obs_kmps,v_err_kmps,sigma_profile,a_bar_kmps2_per_kpc,a_struct_kmps2_per_kpc,a_total_kmps2_per_kpc,v_bar_kmps,v_struct_kmps,v_model_kmps,beta_raw,beta_formula,beta_clipped,beta_mode
F563-V1,1.31,12.0,5.0,0.0,109.95358778625956,0.0,109.95358778625956,12.001633222191055,0.0,12.001633222191055,,70.49052287399677,70.49052287399677,formula
F563-V1,2.63,21.7,5.0,0.17950912637799293,143.4365399239544,4.811289801916003,148.2478297258704,19.422618258103103,3.5572028588540023,19.745677810068692,,70.49052287399677,70.49052287399677,formula
F563-V1,3.93,28.6,5.0,0.09302542500600727,187.83516539440203,1.6685523789438235,189.50371777334584,27.16969267400719,2.560744198323844,27.29010096810287,,70.49052287399677,70.49052287399677,formula
F563-V1,5.24,29.5,5.0,0.016699293608603484,163.28320610687024,0.22464540803375035,163.507851514904,29.250709393107034,1.0849617219500658,29.270824073436966,,70.49052287399677,70.49052287399677,formula
F563-V1,6.55,28.6,5.0,0.0,137.32496183206106,0.0,137.32496183206106,29.991307073883924,0.0,29.991307073883924,,70.49052287399677,70.49052287399677,formula
F563-V1,7.87,27.3,5.0,0.0,120.8535959339263,0.0,120.8535959339263,30.840197794437053,0.0,30.840197794437053,,70.49052287399677,70.49052287399677,formula
