galaxy,r_kpc,v_obs_kmps,v_err_kmps,sigma_profile,a_bar_kmps2_per_kpc,a_struct_kmps2_per_kpc,a_total_kmps2_per_kpc,v_bar_kmps,v_struct_kmps,v_model_kmps,beta_raw,beta_formula,beta_clipped,beta_mode
UGC02259,1.02,56.1,3.4,1.156590060529203,608.4106862745098,1287.590049656139,1896.0007359306487,24.911421075482625,36.2400586457757,43.976365819031265,,1135.5292557575121,1135.5292557575121,formula
UGC02259,2.04,71.1,3.0,0.9672727666823915,668.629411764706,538.4149631692968,1207.044374934003,36.93242477823519,33.14161319044934,49.62227851343957,,1135.5292557575121,1135.5292557575121,formula
UGC02259,3.05,80.7,1.5,0.9398709404480361,602.4601311475411,349.9183441033021,952.3784752508432,42.866110157092635,32.66880698028429,53.895773020850825,,1135.5292557575121,1135.5292557575121,formula
UGC02259,4.07,82.8,1.5,0.8757895198494061,527.1127764127764,244.34511589062038,771.4578923033968,46.31791230182984,31.535450237388794,56.034218310553996,,1135.5292557575121,1135.5292557575121,formula
UGC02259,5.09,83.7,1.5,0.9247878904593244,397.9710019646365,206.3111404689266,604.2821424335631,45.007470491019596,32.40561224520895,55.459860304429505,,1135.5292557575121,1135.5292557575121,formula
UGC02259,6.11,86.0,1.5,0.9526400350359606,334.5081669394435,177.04592962179944,511.554096561243,45.20890288427712,32.88997765261014,55.907025765901686,,1135.5292557575121,1135.5292557575121,formula
UGC02259,7.13,88.3,2.3,0.9937936948795174,282.51199158485275,158.27234428093217,440.7843358657849,44.881070620028666,33.59288339400246,56.060612864318976,,1135.5292557575121,1135.5292557575121,formula
UGC02259,8.14,90.0,3.0,1.0896979301487002,219.38320638820636,152.01276162435565,371.395968012562,42.25848198882681,35.176467696775,54.98329909729185,,1135.5292557575121,1135.5292557575121,formula
