galaxy,r_kpc,v_obs_kmps,v_err_kmps,sigma_profile,a_bar_kmps2_per_kpc,a_struct_kmps2_per_kpc,a_total_kmps2_per_kpc,v_bar_kmps,v_struct_kmps,v_model_kmps,beta_raw,beta_formula,beta_clipped,beta_mode
UGC00891,1.48,24.35,2.92,0.25530508221033127,296.3267567567567,96.54454488627006,392.87130164302675,20.941910132554764,11.953490136009636,24.11326453285991,,559.6673798838212,559.6673798838212,formula
UGC00891,2.97,43.55,1.4,0.6123467087659803,243.70427609427608,115.39073335876684,359.0950094530429,26.903562961065212,18.512441170076343,32.657498037595246,,559.6673798838212,559.6673798838212,formula
UGC00891,4.45,54.15,0.67,0.7051084624697407,198.90516853932587,88.68004623019088,287.58521476951677,29.751100819969672,19.865200872992688,35.77365239564378,,559.6673798838212,559.6673798838212,formula
UGC00891,5.94,60.15,0.48,0.8135339886880515,135.8689057239057,76.65125183425522,212.52015755816092,28.40882433329475,21.337957631776195,35.5298428915113,,559.6673798838212,559.6673798838212,formula
UGC00891,7.39,63.75,0.95,0.8939567741710116,96.76336941813263,67.70209005814384,164.46545947627646,26.741004094835333,22.36779930010288,34.8625837471878,,559.6673798838212,559.6673798838212,formula
