galaxy,r_kpc,v_obs_kmps,v_err_kmps,sigma_profile,a_bar_kmps2_per_kpc,a_struct_kmps2_per_kpc,a_total_kmps2_per_kpc,v_bar_kmps,v_struct_kmps,v_model_kmps,beta_raw,beta_formula,beta_clipped,beta_mode
UGC05918,0.56,16.9,3.93,0.7792513176348652,108.14285714285714,640.8921377907915,749.0349949336486,7.782030583337488,18.944645606683785,20.480712808953776,,460.5697661855136,460.5697661855136,formula
UGC05918,1.11,27.4,3.93,0.8222371171249879,123.71756756756754,341.1689700750508,464.88653764261835,11.718638999474297,19.46015305138442,22.71616289744609,,460.5697661855136,460.5697661855136,formula
UGC05918,1.67,33.5,3.93,0.8268501897399712,120.96479041916167,228.03724464609942,349.0020350652611,14.213064412715505,19.514666242572176,24.141942725451614,,460.5697661855136,460.5697661855136,formula
UGC05918,2.23,36.4,3.93,0.7209894003573732,152.8036322869955,148.9084841008202,301.71211638781574,18.459471823429833,18.22267597102108,25.93873588949217,,460.5697661855136,460.5697661855136,formula
UGC05918,2.79,39.8,3.93,0.7184456516121894,147.21498207885304,118.60012393549285,265.8151060143459,20.266469845535507,18.190501526346793,27.23277704862332,,460.5697661855136,460.5697661855136,formula
UGC05918,3.34,41.2,3.93,0.729663196250425,127.0841017964072,100.61700829078825,227.70111008719545,20.602448883567217,18.331961370547145,27.577558044381536,,460.5697661855136,460.5697661855136,formula
UGC05918,3.9,42.6,3.93,0.7024926830371253,126.94166666666666,82.96074122395972,209.90240789062636,22.250224717966333,17.987409229053608,28.611525488401398,,460.5697661855136,460.5697661855136,formula
UGC05918,4.46,44.5,3.93,0.7072206983939126,119.32717488789238,73.03239275803585,192.35956764592822,23.069442992842287,18.04783842183988,29.29033410019148,,460.5697661855136,460.5697661855136,formula
