galaxy,r_kpc,v_obs_kmps,v_err_kmps,sigma_profile,a_bar_kmps2_per_kpc,a_struct_kmps2_per_kpc,a_total_kmps2_per_kpc,v_bar_kmps,v_struct_kmps,v_model_kmps,beta_raw,beta_formula,beta_clipped,beta_mode
UGCA281,0.09,7.0,2.49,0.7046159494371781,192.4,6634.94524701368,6827.34524701368,4.161249812255928,24.436551970996874,24.78832532123199,,847.4759515566022,847.4759515566022,formula
UGCA281,0.25,14.9,1.35,0.34124536498689584,589.3072000000001,1156.7889616261984,1746.0961616261984,12.137825175870676,17.005800198948286,20.893157741388677,,847.4759515566022,847.4759515566022,formula
UGCA281,0.41,21.1,1.37,0.3418856070237126,719.9309756097562,706.6825125266523,1426.6134881364085,17.18056169046868,17.02174580164818,24.184944286392877,,847.4759515566022,847.4759515566022,formula
UGCA281,0.58,26.0,1.24,0.46868415579124145,635.7272413793103,684.8250877735951,1320.5523291529053,19.20213009017489,19.929840714583875,27.67526604946527,,847.4759515566022,847.4759515566022,formula
UGCA281,0.74,27.5,1.59,0.49144083140954314,536.7199999999999,562.8166030169868,1099.5366030169866,19.92919466511379,20.407946644201377,28.524675041664718,,847.4759515566022,847.4759515566022,formula
UGCA281,0.9,28.8,2.57,0.5531525945561603,434.87611111111113,520.8705793638726,955.7466904749838,19.783541139037773,21.65140922497853,29.328689391575026,,847.4759515566022,847.4759515566022,formula
UGCA281,1.08,29.5,1.85,0.5989021633308328,349.7737962962963,469.95850070194916,819.7322969982455,19.4359383617051,22.528985346839416,29.754174173687048,,847.4759515566022,847.4759515566022,formula
