{
  "n_success": 32,
  "n_failed": 0,
  "mean_M_gal": 0.10985170432906288,
  "mean_R_gal": 0.4125291897821129,
  "mean_eta_obs_mean": 0.6204569595294274
}