r_kpc,v_obs_kmps,v_err_kmps,v_model_kmps,a_newton,sigma_profile,beta_local,d_eff_local,cinfo_cap,eta_profile,a_struct_raw,a_struct,struct_to_bar_ratio,a_total
0.1,13.9,3.84,9.667633515157513,659.0439999999999,2663.2133333333354,94.80045272154375,2.31921864553676,0.5628124303578399,0.41816233864257424,1679169.093262151,275.5873778339683,0.4181623348880626,934.6313778339681
0.3,29.9,3.92,22.796799838943784,1191.686666666667,974.7362984218081,96.62087680986299,2.328519426499779,0.5690129509998527,0.4536658620557219,292425.8100287732,540.6269429895572,0.45366534518824053,1732.3136096562241
0.51,46.7,4.1,16.60763806970557,1058.6858823529412,-853.7400664147493,98.44130089818223,2.3378202074627983,0.5752134716418655,0.48916938546886946,-155961.30008548356,-517.8748191091497,0.48916758761169754,540.8110632437915
0.71,60.4,9.4,16.853606403208214,841.6532394366197,-1085.1632145816077,100.26172498650148,2.347120988425817,0.581413992283878,0.5246729088820171,-140478.81936743733,-441.5911988813226,0.5246711807072851,400.06204055529713
