r_kpc,v_obs_kmps,v_err_kmps,v_model_kmps,a_newton,sigma_profile,beta_local,d_eff_local,cinfo_cap,eta_profile,a_struct_raw,a_struct,struct_to_bar_ratio,a_total
0.33,12.2,4.07,7.97817566084672,283.29242424242415,-1.703397612488178,38.64328593531011,2.1129259884215683,0.4252839922810455,0.34416161041925897,-199.45924185556785,-90.40973674143326,0.3191392674308375,192.88268750099087
0.66,19.4,4.07,15.990206836201828,282.73030303030305,61.52250113071022,44.94060868412351,2.134130730291314,0.4394204868608759,0.3703123962472905,3932.8972903803606,104.67381009775102,0.37022494220059626,387.40411312805406
1.0,23.9,4.07,21.27041760675475,324.5125,9.585003893723428,51.99889946438365,2.158655108667667,0.4557700724451112,0.4032298642040396,497.6125036233304,127.91816516574255,0.39418563280533897,452.43066516574254
1.33,26.0,4.07,14.651992531007227,289.15225563909775,-112.18998570024137,59.05719024464378,2.1831794870440193,0.4721196580293462,0.44190940054265665,-4115.497571353354,-127.73805629421688,0.4417674557367166,161.41419934488087
1.67,28.2,4.07,14.709761414913892,249.3452095808383,-94.28717259566834,66.11548102490391,2.2077038654203722,0.48846924361358146,0.4805889368812737,-3244.6555156333893,-119.77809527922778,0.4803705492500968,129.5671143016105
2.0,30.6,4.07,14.835836609205266,225.97984999999997,-69.97532243205885,73.17377180516405,2.2322282437967247,0.5048188291978164,0.5134177337780123,-2361.8263495747187,-115.92882605248236,0.5130051464875403,110.0510239475176
2.32,33.1,4.07,14.765633993448724,203.86125000000004,-69.12062499999982,78.992022973656,2.253111616554494,0.5187410777029962,0.539479848546033,-2175.1288888934932,-109.88541067737567,0.5390205871757171,93.97583932262437
