r_kpc,v_obs_kmps,v_err_kmps,v_model_kmps,v_baryon_kmps,a_newton,sigma_profile,sigma_smoothed,sigma_transferred,beta_local,d_eff_local,cinfo_cap,eta_profile,projection_profile,a_struct_internal,a_struct_observed,a_struct,a_total,struct_to_bar_ratio,sigma_flip_severity
0.78,28.1,5.66,20.872542138928928,21.291505348377786,581.1899999999998,-202.71629660661907,-95.57366048380842,-0.7014279464886303,97.65142242871066,2.1611140211211595,0.5346694602763131,0.33173006004913025,0.2579031090756394,-87.81466244341576,-22.647674466584707,-22.64767263927691,558.5423273607229,0.038967760351842316,0.21861218535738902
1.55,31.3,5.66,25.250977568094367,25.66909815322696,425.09845161290315,-170.80073416611864,-109.84140821699773,-0.7615941559557649,107.57357867818665,2.2328299145456216,0.6035167179637968,0.38278413047298804,0.2598731261604811,-52.8563928106804,-13.735956037277893,-13.735956035867694,411.3624955770355,0.03231241135654054,0.21861218535738902
2.34,33.0,5.66,26.686423493758426,27.138415576448086,314.74085470085475,-104.35127164630445,-124.67287454415816,-0.8127324646930011,119.17176176651576,2.328381576378541,0.6952463133233995,0.45441549104123274,0.25118436302620767,-41.390922932610046,-10.396752611894506,-10.39675261187111,304.3441020889836,0.03303273933542047,0.21861218535738902
3.12,33.4,5.66,28.39286696895144,28.550882648352577,261.26695512820515,-71.33873866594658,-84.12961522283436,-0.6445501191920212,111.9752845324614,2.312353557623529,0.6798594153185878,0.44211211349425705,0.12467155492714603,-23.132590702550797,-2.883976052380249,-2.883976052380249,258.3829790758249,0.011038426389799972,0.21861218535738902
3.89,34.3,5.66,28.106180400685858,28.181642961332116,204.16580976863753,-74.15733163580211,-49.96946838961063,-0.4259379338346322,99.72399607289317,2.271405681036841,0.6405494537953672,0.41120661494671445,0.1,-10.919340061959149,-1.0919340061959149,-1.0919340061959149,203.07387576244162,0.005348270640318382,0.21861218535738902
