r_kpc,v_obs_kmps,v_err_kmps,v_model_kmps,v_baryon_kmps,a_newton,sigma_profile,sigma_smoothed,sigma_transferred,beta_local,d_eff_local,cinfo_cap,eta_profile,projection_profile,a_struct_internal,a_struct_observed,a_struct,a_total,struct_to_bar_ratio,sigma_flip_severity
4.51,69.75,4.15,47.45556952739183,47.714166659389534,504.7986031042128,-44.61517114240863,-44.61517114240863,-0.8372113772852636,103.75848245311703,2.1893766945856834,0.5618016268022561,0.3515727743514309,0.28331126068111456,-19.26114900212926,-5.456900405960033,-5.456900405960033,499.3417026982528,0.010810054489642448,0.22006506445468166
9.01,97.7,1.63,52.09194511810086,52.33844953760094,304.030332963374,-34.21895409110877,-34.21895409110877,-0.7303177997601966,121.24659836651556,2.3837233076289106,0.7483743753237542,0.49778855384439985,0.2907168340844054,-9.827807874299877,-2.8571091912062503,-2.8571091912062503,301.1732237721678,0.009397447824577644,0.22006506445468166
13.51,108.0,0.99,51.4629993245037,51.56691284147229,196.82801628423388,-20.73116784916013,-20.73116784916013,-0.510252735305515,114.60928513631661,2.4451072428406917,0.807302953127064,0.5475149006531738,0.18307549971260623,-4.328623333250573,-0.7924648798024959,-0.7924648798024959,196.03555140443137,0.004026179274285107,0.22006506445468166
18.01,107.5,2.32,45.922938324381555,45.99207866578766,117.44982232093282,-17.63959865851134,-17.63959865851134,-0.4455245187625283,112.9527577696347,2.4955473168087976,0.8557254241364457,0.5896493241187409,0.12628435283167586,-2.794182290295221,-0.3528615022236618,-0.3528615022236618,117.09696081870916,0.0030043596083902165,0.22006506445468166
