galaxy,gamma_topo,n_points,n_segments,mean_Dw_i,mean_sigma_i,mean_beta_i,mean_info_source_i,mean_v_struct_kms,rmse_vis_only_kms,rmse_topo_kms,mae_vis_only_kms,mae_topo_kms,reduced_chi2_vis_only,reduced_chi2_topo,rmse_improvement_kms,mae_improvement_kms
NGC4157,1e-06,14,4,2.0094958417150472,0.005329119830844942,0.9851836305202313,0.01452755127019097,0.00013753974399341348,41.47400894099612,41.474008941026355,36.94523856803081,36.94523856805048,22.518587028159978,22.51858702819294,-3.023359340659226e-11,-1.9667822925839573e-11
NGC4157,0.0001,14,4,2.0094958417150472,0.005329119830844942,0.9851836305202313,0.01452755127019097,0.001375397439934135,41.47400894099612,41.47400894402029,36.94523856803081,36.94523856999712,22.518587028159978,22.518587031455944,-3.024169359377993e-09,-1.9663133343783556e-09
NGC4157,0.01,14,4,2.0094958417150472,0.005329119830844942,0.9851836305202313,0.01452755127019097,0.01375397439934135,41.47400894099612,41.47400924341365,36.94523856803081,36.94523876466243,22.518587028159978,22.518587357757017,-3.0241752568826996e-07,-1.9663161765492987e-07
NGC4157,1.0,14,4,2.0094958417150472,0.005329119830844942,0.9851836305202313,0.01452755127019097,0.1375397439934135,41.47400894099612,41.47403918279737,36.94523856803081,36.94525823117838,22.518587028159978,22.518619987920665,-3.0241801248109823e-05,-1.9663147568849126e-05
NGC4157,100.0,14,4,2.0094958417150472,0.005329119830844942,0.9851836305202313,0.01452755127019097,1.3753974399341349,41.47400894099612,41.47703360129529,36.94523856803081,36.947204740687766,22.518587028159978,22.521883571613824,-0.003024660299168147,-0.001966172656956644
NGC4157,10000.0,14,4,2.0094958417150472,0.005329119830844942,0.9851836305202313,0.01452755127019097,13.753974399341349,41.47400894099612,41.78118181532859,36.94523856803081,37.14045773919431,22.518587028159978,22.853873333408462,-0.30717287433246554,-0.19521917116350096
NGC4157,1000000.0,14,4,2.0094958417150472,0.005329119830844942,0.9851836305202313,0.01452755127019097,137.53974399341348,41.47400894099612,84.44408442456732,36.94523856803081,61.21462587284908,22.518587028159978,93.85321664674335,-42.9700754835712,-24.269387304818274
