galaxy,gamma_topo,n_points,n_segments,mean_Dw_i,mean_sigma_i,mean_beta_i,mean_info_source_i,mean_v_struct_kms,rmse_vis_only_kms,rmse_topo_kms,mae_vis_only_kms,mae_topo_kms,reduced_chi2_vis_only,reduced_chi2_topo,rmse_improvement_kms,mae_improvement_kms
NGC4068,1e-06,6,1,2.0593355510021163,0.0,1.0,0.059335551002116294,0.0003147194327617273,6.0332781675934655,6.033278170257318,4.801296271137378,4.801296279154511,5.445130931015962,5.445130932721318,-2.6638522498956263e-09,-8.017132735460564e-09
NGC4068,0.0001,6,1,2.0593355510021163,0.0,1.0,0.059335551002116294,0.0031471943276172734,6.0332781675934655,6.033278433978813,4.801296271137378,4.801297072850472,5.445130931015962,5.445131101551638,-2.6638534755818455e-07,-8.017130941340156e-07
NGC4068,0.01,6,1,2.0593355510021163,0.0,1.0,0.059335551002116294,0.03147194327617273,6.0332781675934655,6.033304807866974,4.801296271137378,4.801376440178965,5.445130931015962,5.445147986576479,-2.6640273508959922e-05,-8.016904158658633e-05
NGC4068,1.0,6,1,2.0593355510021163,0.0,1.0,0.059335551002116294,0.3147194327617273,6.0332781675934655,6.035959466388771,4.801296271137378,4.809290637418658,5.445130931015962,5.44685629761708,-0.0026812987953057643,-0.00799436628128003
NGC4068,100.0,6,1,2.0593355510021163,0.0,1.0,0.059335551002116294,3.147194327617273,6.0332781675934655,6.4058398754490185,4.801296271137378,5.456127758194239,5.445130931015962,5.747543635451619,-0.372561707855553,-0.6548314870568612
NGC4068,10000.0,6,1,2.0593355510021163,0.0,1.0,0.059335551002116294,31.471943276172738,6.0332781675934655,34.10360671169121,4.801296271137378,23.710684735118903,5.445130931015962,118.21980947262375,-28.07032854409774,-18.909388463981525
NGC4068,1000000.0,6,1,2.0593355510021163,0.0,1.0,0.059335551002116294,314.7194327617274,6.0332781675934655,415.66184710713077,4.801296271137378,366.61200389396237,5.445130931015962,23916.07890428503,-409.62856893953733,-361.81070762282496
