galaxy,segment_index,r_left_kpc,r_right_kpc,r_mid_kpc,dr_kpc,h_i_kpc,Dw_i,v_vis_segment_kms,v_obs_segment_kms,v_err_segment_kms,n_points,r_max_gal_kpc,r_min_gal_kpc,r_scale,sigma_scale,sigma_i,beta_i,source_core_i,info_source_i,I_struct_i,gamma_topo,g_topo_km2s2_per_kpc,v_struct_kms,v_topo_total_segment_kms
NGC4183,1,0.87,4.37,2.62,3.5,0.35,2.036824330139482,55.05702458827953,74.28,6.24,5,21.02,0.87,3.1847364327823127,0.31399772668985365,0.0,1.0,0.036824330139482164,0.036824330139482164,0.12888515548818757,10000.0,187.7588070161814,22.17945162492516,59.35658371989423
NGC4183,2,5.24,7.85,6.545,2.6099999999999994,0.35,2.012057522595498,78.4315719271537,105.075,5.2,4,21.02,0.87,3.1847364327823127,0.31399772668985365,0.024766807543984193,0.9241547395564731,0.036824330139482164,0.03403137922939472,0.21770705527690776,10000.0,50.82216967142507,18.238177005925703,80.52417385769171
NGC4183,3,8.72,12.31,10.515,3.59,0.35,2.0068292377466848,83.77962206637491,112.2,5.72,5,21.02,0.87,3.1847364327823127,0.31399772668985365,0.005228284848813214,0.9834871476214405,0.012057522595497971,0.011858418504827368,0.260278777709238,10000.0,23.540745085919916,15.733115857275314,85.24409661767237
NGC4183,4,13.12,16.03,14.575,2.910000000000002,0.35,2.0046337061736925,72.17567239808223,109.25,4.925,4,21.02,0.87,3.1847364327823127,0.31399772668985365,0.0021955315729922376,0.993032199090336,0.006829237746684758,0.006781652977701096,0.2800133878743482,10000.0,13.181403946551878,13.86069848604296,73.49453482155175
NGC4183,5,16.95,21.02,18.985,4.07,0.35,2.0033920237197615,64.2317986909034,110.8,7.359999999999999,5,21.02,0.87,3.1847364327823127,0.31399772668985365,0.00124168245393097,0.9960533771185925,0.00463370617369252,0.0046154186828817065,0.29879814191367676,10000.0,8.290041211545919,12.545374940638453,65.4454765088462
