galaxy,chi2_abar,chi2_formula,delta_chi2,improvement_ratio,classification,beta_value_abar,beta_value_formula
DDO154,53968.22937430347,27680.44452871096,26287.78484559251,0.4870974117618397,improved,113.39115958443992,524.3666780704755
F574-2,3.3569881462025783,3.3569881462025783,0.0,0.0,similar,201.78452023121383,138.6748844375963
NGC3953,69.07293117977918,69.07293117977918,0.0,0.0,similar,6368.252248779825,5247.613046888007
NGC6674,696.762947710222,2196.862576030731,-1500.099628320509,-2.152955511268645,worsened,796.4537696614237,1561.2903225806454
UGC00128,41262.19921542816,4166.6969280056965,37095.50228742247,0.8990190293481075,improved,148.5613000584862,614.8542883806857
UGC02953,19212.470385338936,22344.74515154429,-3132.2747662053557,-0.1630334206576369,worsened,17291.12234303216,14716.6921898928
