galaxy,r_kpc,v_obs_kmps,v_err_kmps,sigma_profile,a_bar_kmps2_per_kpc,a_struct_kmps2_per_kpc,a_total_kmps2_per_kpc,v_bar_kmps,v_struct_kmps,v_model_kmps,beta_raw,beta_formula,beta_clipped,beta_mode
UGC06667,0.87,26.6,4.4,1.347712104909948,55.04183908045977,962.8037493616139,1017.8455884420737,6.92,28.941998236897952,29.7577832162378,,621.5268519834017,621.5268519834017,formula
UGC06667,1.74,45.2,2.7,1.404638235483669,69.03540229885058,501.7358509630373,570.7712532618879,10.96,29.54691829405708,31.514155242933054,,621.5268519834017,621.5268519834017,formula
UGC06667,2.61,57.0,3.9,1.25082235273252,107.34536398467434,297.8619460859445,405.20731007061886,16.738321301731546,27.88224666852216,32.52062544423639,,621.5268519834017,621.5268519834017,formula
UGC06667,3.5,69.3,3.0,1.1464316812396227,154.1405714285714,203.58230681568608,357.72287824425746,23.226967085695886,26.693408809196725,35.38403699205195,,621.5268519834017,621.5268519834017,formula
UGC06667,4.37,77.3,3.4,1.1429986121072728,154.95029748283756,162.5639197264143,317.51421720925185,26.021775496687386,26.65341121140839,37.24965945085177,,621.5268519834017,621.5268519834017,formula
UGC06667,5.24,80.7,3.9,1.0639061881358185,172.3298664122137,126.19203509880076,298.52190151101445,30.05009983344481,25.71470909650187,39.550660726689706,,621.5268519834017,621.5268519834017,formula
UGC06667,6.11,84.0,3.0,1.0522072187314158,164.98031096563008,107.03355814932036,272.01386911495047,31.749483460365145,25.57293569953101,40.76769235917514,,621.5268519834017,621.5268519834017,formula
UGC06667,6.98,85.0,3.0,1.002267818870064,167.95199140401144,89.24589717859328,257.1978885826047,34.23893835970969,24.95869312096651,42.370287493791935,,621.5268519834017,621.5268519834017,formula
UGC06667,7.85,85.7,3.4,1.0080474862467965,149.59128662420383,79.81255806073285,229.4038446849367,34.26793836810146,25.030552945885013,42.43607169351038,,621.5268519834017,621.5268519834017,formula
