galaxy,r_kpc,v_obs_kmps,v_err_kmps,sigma_profile,a_bar_kmps2_per_kpc,a_struct_kmps2_per_kpc,a_total_kmps2_per_kpc,v_bar_kmps,v_struct_kmps,v_model_kmps,beta_raw,beta_formula,beta_clipped,beta_mode
UGC07559,0.36,9.31,3.23,0.0,274.37027777777774,0.0,274.37027777777774,9.938475738260871,0.0,9.938475738260871,,445.7034581884496,445.7034581884496,formula
UGC07559,0.72,15.9,3.23,0.0,356.85847222222225,0.0,356.85847222222225,16.02928881766125,0.0,16.02928881766125,,445.7034581884496,445.7034581884496,formula
UGC07559,1.08,21.4,3.23,0.2531909286437208,310.6712962962963,104.48895599856604,415.16025229486235,18.317341510164624,10.622997339661312,21.174821663439136,,445.7034581884496,445.7034581884496,formula
UGC07559,1.45,26.1,3.23,0.3902524084014843,269.80758620689653,119.95644689028462,389.76403309718114,19.779307369066288,13.188511970306305,23.773048773577877,,445.7034581884496,445.7034581884496,formula
UGC07559,1.8,29.7,3.23,0.47118822496241325,233.48677777777777,116.6723451796804,350.1591229574582,20.500639014430746,14.491729411061495,25.105505797004465,,445.7034581884496,445.7034581884496,formula
UGC07559,2.17,31.1,3.23,0.47958227839030027,207.78700460829495,98.50298615873392,306.2899907670289,21.234354240240037,14.620242130842177,25.78079284980298,,445.7034581884496,445.7034581884496,formula
UGC07559,2.53,32.1,3.23,0.45610095521826144,201.5507509881423,80.35010791455902,281.9008589027013,22.581483565080486,14.257831988904705,26.705976354064166,,445.7034581884496,445.7034581884496,formula
