galaxy,r_kpc,v_obs_kmps,v_err_kmps,sigma_profile,a_bar_kmps2_per_kpc,a_struct_kmps2_per_kpc,a_total_kmps2_per_kpc,v_bar_kmps,v_struct_kmps,v_model_kmps,beta_raw,beta_formula,beta_clipped,beta_mode
UGC10310,1.1,33.2,5.06,0.6290360537362637,422.49172727272725,515.7775654789907,938.269292751718,21.557850078335733,23.819221692299053,32.126254403943356,,901.9440438381696,901.9440438381696,formula
UGC10310,2.21,54.6,5.06,0.6077627073697749,590.7111764705883,248.03979818060134,838.7509746511896,36.13131190532666,23.412986865821477,43.053915663724815,,901.9440438381696,901.9440438381696,formula
UGC10310,3.31,65.7,5.06,0.6640588463325975,515.948821752266,180.9498251382878,696.8986468905538,41.32542316782734,24.473330815557834,48.02847614913191,,901.9440438381696,901.9440438381696,formula
UGC10310,4.42,69.2,5.06,0.6760471332975198,419.25904977375563,137.95400118361246,557.2130509573681,43.04793839430641,24.693251815659416,49.62742875901961,,901.9440438381696,901.9440438381696,formula
UGC10310,5.52,70.9,5.06,0.5967392339362926,406.58922101449286,97.50460104590422,504.0938220603971,47.37480870673781,23.19968529470586,52.75033552285134,,901.9440438381696,901.9440438381696,formula
UGC10310,6.64,72.4,5.06,0.5844256009919407,360.1084939759036,79.38542016283489,439.49391413873855,48.8990838359984,22.959076416119697,54.02073296319871,,901.9440438381696,901.9440438381696,formula
UGC10310,7.74,73.2,5.06,0.640879079126133,285.7251291989664,74.68179176205511,360.4069209610215,47.02672112746114,24.04240146570859,52.81618661204448,,901.9440438381696,901.9440438381696,formula
