galaxy,r_kpc,v_obs_kmps,v_err_kmps,sigma_profile,a_bar_kmps2_per_kpc,a_struct_kmps2_per_kpc,a_total_kmps2_per_kpc,v_bar_kmps,v_struct_kmps,v_model_kmps,beta_raw,beta_formula,beta_clipped,beta_mode
UGC09992,0.78,28.1,5.66,0.3901621094041842,581.1899999999998,246.77871741310835,827.9687174131082,21.291505348377786,13.873982830543813,25.412902226668727,,493.35236544669,493.35236544669,formula
UGC09992,1.55,31.3,5.66,0.30611268526392466,425.09845161290315,97.43317249560991,522.531624108513,25.66909815322696,12.289077156898127,28.45916403143626,,493.35236544669,493.35236544669,formula
UGC09992,2.34,33.0,5.66,0.30285264789535576,314.74085470085475,63.851739410669786,378.59259411152453,27.138415576448086,12.22346392071279,29.764184353362808,,493.35236544669,493.35236544669,formula
UGC09992,3.12,33.4,5.66,0.2548365391700284,261.26695512820515,40.29622096210948,301.56317609031464,28.550882648352577,11.212680741097625,30.673720175449564,,493.35236544669,493.35236544669,formula
UGC09992,3.89,34.3,5.66,0.30393360236729194,204.16580976863753,38.54662253641059,242.7124323050481,28.181642961332116,12.245258742331139,30.72704609406243,,493.35236544669,493.35236544669,formula
