galaxy,r_kpc,v_obs_kmps,v_err_kmps,sigma_profile,a_bar_kmps2_per_kpc,a_struct_kmps2_per_kpc,a_total_kmps2_per_kpc,v_bar_kmps,v_struct_kmps,v_model_kmps,beta_raw,beta_formula,beta_clipped,use_dimension_proxy,d_eff_proxy,d_eff_response,beta_mode,beta_ceiling_theory
D512-2,0.96,22.9,2.71,0.6085083890232073,247.05093749999997,66177253770.4155,66177254017.46643,15.400288958328021,252051.90659782535,252051.90706830163,,66652880899.1409,104403102349.30215,True,1.847308187937727,1.5663704395206093,formula,117241187176.14566
D512-2,1.92,33.5,2.71,0.631984322231079,254.36333333333334,34365168685.9613,34365168940.32464,22.099266956168478,256867.9113416966,256867.91229233617,,66652880899.1409,104403102349.30215,True,1.847308187937727,1.5663704395206093,formula,117241187176.14566
D512-2,2.88,37.2,4.19,0.7665865557864988,166.04725694444443,27789588417.839188,27789588583.886444,21.86815264259878,282902.8360468959,282902.83689209085,,66652880899.1409,104403102349.30215,True,1.847308187937727,1.5663704395206093,formula,117241187176.14566
D512-2,3.83,35.9,5.98,0.7376080676732203,122.36409921671016,20106676392.417286,20106676514.781384,21.64842950423887,277504.18119905546,277504.18204346526,,66652880899.1409,104403102349.30215,True,1.847308187937727,1.5663704395206093,formula,117241187176.14566
