galaxy,r_kpc,v_obs_kmps,v_err_kmps,sigma_profile,a_bar_kmps2_per_kpc,a_struct_kmps2_per_kpc,a_total_kmps2_per_kpc,v_bar_kmps,v_struct_kmps,v_model_kmps,beta_raw,beta_formula,beta_clipped,use_dimension_proxy,d_eff_proxy,d_eff_response,beta_mode,beta_ceiling_theory
F565-V2,1.26,21.7,10.0,0.7932904516256133,128.92857142857144,42546458665.07003,42546458793.998604,12.745587471748802,231535.17641599997,231535.17676681062,,43090322310.91206,67577440026.075516,True,1.1585686878520565,1.5682741832024405,formula,69388554831.96614
F565-V2,2.51,40.3,10.0,0.9746521652806908,163.88960159362549,26240835954.398617,26240836118.28822,20.2820832263355,256640.79614422278,256640.79694565988,,43090322310.91206,67577440026.075516,True,1.1585686878520565,1.5682741832024405,formula,69388554831.96614
F565-V2,3.78,57.7,7.0,1.182443325205078,154.57275132275132,21139283834.20092,21139283988.77367,24.17198791990431,282677.3653713355,282677.3664048193,,43090322310.91206,67577440026.075516,True,1.1585686878520565,1.5682741832024405,formula,69388554831.96614
F565-V2,5.03,68.5,7.0,1.2952498879869683,133.82355864811134,17401525173.80127,17401525307.62483,25.94479716629136,295854.13910273486,295854.1402403436,,43090322310.91206,67577440026.075516,True,1.1585686878520565,1.5682741832024405,formula,69388554831.96614
F565-V2,6.29,73.5,7.0,1.224945652911346,139.71670906200316,13160364291.704039,13160364431.420748,29.644866334662396,287712.86275524495,287712.8642824935,,43090322310.91206,67577440026.075516,True,1.1585686878520565,1.5682741832024405,formula,69388554831.96614
F565-V2,7.54,78.5,5.0,1.208600557989268,136.88976127320953,10832112960.610233,10832113097.499994,32.127072695781045,285786.86415404256,285786.8659598442,,43090322310.91206,67577440026.075516,True,1.1585686878520565,1.5682741832024405,formula,69388554831.96614
F565-V2,8.8,83.1,6.0,1.2449653107705838,123.16982954545452,9560405525.357227,9560405648.527058,32.922553060174415,290054.42355382827,290054.42542226124,,43090322310.91206,67577440026.075516,True,1.1585686878520565,1.5682741832024405,formula,69388554831.96614
