galaxy,r_kpc,v_obs_kmps,v_err_kmps,sigma_profile,a_bar_kmps2_per_kpc,a_struct_kmps2_per_kpc,a_total_kmps2_per_kpc,v_bar_kmps,v_struct_kmps,v_model_kmps,beta_raw,beta_formula,beta_clipped,use_dimension_proxy,d_eff_proxy,d_eff_response,beta_mode,beta_ceiling_theory
PGC51017,0.33,20.5,4.17,0.7362634152109826,430.4290909090909,145776115496.95865,145776115927.38773,11.918120657217731,219331.06965041763,219331.069974224,,52002636645.53188,65338188914.64427,True,2.8043222768732745,1.256439925537087,formula,122069786460.76979
PGC51017,0.99,19.9,1.82,0.0,515.820707070707,0.0,515.820707070707,22.59784281740184,0.0,22.59784281740184,,52002636645.53188,65338188914.64427,True,2.8043222768732745,1.256439925537087,formula,122069786460.76979
PGC51017,1.65,19.3,1.69,0.0,337.2769090909091,0.0,337.2769090909091,23.590398470564246,0.0,23.590398470564246,,52002636645.53188,65338188914.64427,True,2.8043222768732745,1.256439925537087,formula,122069786460.76979
PGC51017,2.31,18.8,1.9,0.0,213.84744588744584,0.0,213.84744588744584,22.22583181795453,0.0,22.22583181795453,,52002636645.53188,65338188914.64427,True,2.8043222768732745,1.256439925537087,formula,122069786460.76979
PGC51017,2.97,18.2,1.74,0.0,148.03168350168352,0.0,148.03168350168352,20.967930274588383,0.0,20.967930274588383,,52002636645.53188,65338188914.64427,True,2.8043222768732745,1.256439925537087,formula,122069786460.76979
PGC51017,3.63,18.3,2.22,0.0,113.46831955922865,0.0,113.46831955922865,20.29507329378241,0.0,20.29507329378241,,52002636645.53188,65338188914.64427,True,2.8043222768732745,1.256439925537087,formula,122069786460.76979
