galaxy,r_kpc,v_obs_kmps,v_err_kmps,sigma_profile,a_bar_kmps2_per_kpc,a_struct_kmps2_per_kpc,a_total_kmps2_per_kpc,v_bar_kmps,v_struct_kmps,v_model_kmps,beta_raw,beta_formula,beta_clipped,use_dimension_proxy,d_eff_proxy,d_eff_response,beta_mode,beta_ceiling_theory
UGC02455,0.5,16.9,3.64,0.0,3395.465,0.0,3395.465,41.20354960437268,0.0,41.20354960437268,,4.145964427944158e-12,2.6435836348796562e-12,True,27.223011520895508,0.6376281516217733,formula,inf
UGC02455,1.0,23.9,3.64,0.0,4208.276,0.0,4208.276,64.87122628716062,0.0,64.87122628716062,,4.145964427944158e-12,2.6435836348796562e-12,True,27.223011520895508,0.6376281516217733,formula,inf
UGC02455,1.51,28.2,3.64,0.0,4108.530132450331,0.0,4108.530132450331,78.76471608531322,0.0,78.76471608531322,,4.145964427944158e-12,2.6435836348796562e-12,True,27.223011520895508,0.6376281516217733,formula,inf
UGC02455,2.01,33.0,3.64,0.0,3013.6024378109455,0.0,3013.6024378109455,77.82892071717299,0.0,77.82892071717299,,4.145964427944158e-12,2.6435836348796562e-12,True,27.223011520895508,0.6376281516217733,formula,inf
UGC02455,2.52,39.1,3.64,0.0,2387.4089682539684,0.0,2387.4089682539684,77.56462209022874,0.0,77.56462209022874,,4.145964427944158e-12,2.6435836348796562e-12,True,27.223011520895508,0.6376281516217733,formula,inf
UGC02455,3.02,43.8,3.64,0.0,1975.9297019867552,0.0,1975.9297019867552,77.24835079145703,0.0,77.24835079145703,,4.145964427944158e-12,2.6435836348796562e-12,True,27.223011520895508,0.6376281516217733,formula,inf
UGC02455,3.52,53.1,3.64,0.0,1582.7211363636363,0.0,1582.7211363636363,74.64032690174929,0.0,74.64032690174929,,4.145964427944158e-12,2.6435836348796562e-12,True,27.223011520895508,0.6376281516217733,formula,inf
UGC02455,4.03,61.0,3.64,0.0,1276.2332754342433,0.0,1276.2332754342433,71.71624711318907,0.0,71.71624711318907,,4.145964427944158e-12,2.6435836348796562e-12,True,27.223011520895508,0.6376281516217733,formula,inf
