galaxy,r_kpc,v_obs_kmps,v_err_kmps,sigma_profile,a_bar_kmps2_per_kpc,a_struct_kmps2_per_kpc,a_total_kmps2_per_kpc,v_bar_kmps,v_struct_kmps,v_model_kmps,beta_raw,beta_formula,beta_clipped,use_dimension_proxy,d_eff_proxy,d_eff_response,beta_mode,beta_ceiling_theory
UGC05414,0.68,20.5,2.47,0.13018866679977648,539.1695588235294,16631075944.920942,16631076484.090502,19.147723102238555,106344.4010869695,106344.4028107805,,102601578852.39185,86867251355.59694,True,3.1359230465132257,0.8466463413839747,formula,142779291113.44977
UGC05414,1.37,34.6,2.45,0.19287831837893457,710.5562773722628,12229787856.691797,12229788567.248075,31.20035416465653,129440.36991475172,129440.37367502408,,102601578852.39185,86867251355.59694,True,3.1359230465132257,0.8466463413839747,formula,142779291113.44977
UGC05414,2.05,46.0,2.45,0.40727799707812845,644.2892682926829,17258107387.21457,17258108031.503838,36.34271591392146,188093.3814459984,188093.38495700178,,102601578852.39185,86867251355.59694,True,3.1359230465132257,0.8466463413839747,formula,142779291113.44977
UGC05414,2.74,51.8,2.46,0.47765934710596103,555.9697810218977,15143414075.69483,15143414631.664612,39.03020881317444,203698.1948064436,203698.19854569418,,102601578852.39185,86867251355.59694,True,3.1359230465132257,0.8466463413839747,formula,142779291113.44977
UGC05414,3.42,56.8,2.44,0.5616694896996086,475.90634502923973,14266282087.867184,14266282563.77353,40.343521165113984,220886.13523828462,220886.1389225351,,102601578852.39185,86867251355.59694,True,3.1359230465132257,0.8466463413839747,formula,142779291113.44977
UGC05414,4.11,61.4,2.44,0.6294716633819699,419.13549878345486,13304251387.88985,13304251807.025349,41.50478165223857,233838.56226941544,233838.56595282606,,102601578852.39185,86867251355.59694,True,3.1359230465132257,0.8466463413839747,formula,142779291113.44977
