galaxy,r_kpc,v_obs_kmps,v_err_kmps,sigma_profile,a_bar_kmps2_per_kpc,a_struct_kmps2_per_kpc,a_total_kmps2_per_kpc,v_bar_kmps,v_struct_kmps,v_model_kmps,beta_raw,beta_formula,beta_clipped,use_dimension_proxy,d_eff_proxy,d_eff_response,beta_mode,beta_ceiling_theory
UGC00891,1.48,24.35,2.92,0.27057833825855154,296.3267567567567,13556837958.746305,13556838255.073063,20.941910132554764,141647.8738948966,141647.87544297348,,47296519085.13796,74152721566.98749,True,1.604644120975865,1.5678261952746662,formula,76652018540.65909
UGC00891,2.97,43.55,1.4,0.7282340960493168,243.70427609427608,18182000053.849094,18182000297.55337,26.903562961065212,232380.16300866092,232380.16456602642,,47296519085.13796,74152721566.98749,True,1.604644120975865,1.5678261952746662,formula,76652018540.65909
UGC00891,4.45,54.15,0.67,0.8677925814384377,198.90516853932587,14460490262.764446,14460490461.669615,29.751100819969672,253671.40491056888,253671.4066552038,,47296519085.13796,74152721566.98749,True,1.604644120975865,1.5678261952746662,formula,76652018540.65909
UGC00891,5.94,60.15,0.48,1.0403024481755854,135.8689057239057,12986743734.851786,12986743870.720692,28.40882433329475,277743.1507436675,277743.15219655895,,47296519085.13796,74152721566.98749,True,1.604644120975865,1.5678261952746662,formula,76652018540.65909
UGC00891,7.39,63.75,0.95,1.1725133869241606,96.76336941813263,11765231219.7771,11765231316.540468,26.741004094835333,294864.4751646979,294864.47637725715,,47296519085.13796,74152721566.98749,True,1.604644120975865,1.5678261952746662,formula,76652018540.65909
