galaxy,r_kpc,v_obs_kmps,v_err_kmps,sigma_profile,a_bar_kmps2_per_kpc,a_struct_kmps2_per_kpc,a_total_kmps2_per_kpc,v_bar_kmps,v_struct_kmps,v_model_kmps,beta_raw,beta_formula,beta_clipped,use_dimension_proxy,d_eff_proxy,d_eff_response,beta_mode,beta_ceiling_theory
UGC05999,3.48,46.2,5.0,0.22269793329040358,481.7158908045976,5924918108.603045,5924918590.318936,40.94351352778606,143592.18299732963,143592.18883459468,,63975830909.78705,92586018708.36084,True,2.0192124537831444,1.5631437503506396,formula,92586018708.36084
UGC05999,6.94,81.1,5.0,0.845239859962674,309.2445100864553,11276281482.356833,11276281791.601343,46.32663272891739,279745.2296064339,279745.2334423472,,63975830909.78705,92586018708.36084,True,2.0192124537831444,1.5631437503506396,formula,92586018708.36084
UGC05999,10.42,91.2,5.0,0.8814438782283359,245.6576295585413,7831994184.262845,7831994429.920475,50.59399667944805,285673.5539037852,285673.5583839907,,63975830909.78705,92586018708.36084,True,2.0192124537831444,1.5631437503506396,formula,92586018708.36084
UGC05999,13.89,97.7,5.0,0.9707245124858758,182.6917782577394,6470519645.333459,6470519828.025237,50.37448560531413,299792.458,299792.4622322425,,63975830909.78705,92586018708.36084,True,2.0192124537831444,1.5631437503506396,formula,92586018708.36084
UGC05999,16.22,100.0,5.0,0.8332321488636153,205.08954993834774,4756205137.058841,4756205342.148391,57.67627328460119,277751.0527848533,277751.05877322395,,63975830909.78705,92586018708.36084,True,2.0192124537831444,1.5631437503506396,formula,92586018708.36084
