galaxy,r_kpc,v_obs_kmps,v_err_kmps,sigma_profile,a_bar_kmps2_per_kpc,a_struct_kmps2_per_kpc,a_total_kmps2_per_kpc,v_bar_kmps,v_struct_kmps,v_model_kmps,beta_raw,beta_formula,beta_clipped,use_dimension_proxy,d_eff_proxy,d_eff_response,beta_mode,beta_ceiling_theory
UGC07866,0.33,12.2,4.07,0.3908976414259013,283.29242424242415,148559620345.8224,148559620629.1148,9.66884170932589,221415.16369508524,221415.16390619657,,81929963236.10081,125415631916.55771,True,2.372196528657482,1.5307663638898814,formula,141456683270.80557
UGC07866,0.66,19.4,4.07,0.5499013979224155,282.73030303030305,104494289867.02757,104494290149.75787,13.660234258606257,262614.22526633664,262614.22562161443,,81929963236.10081,125415631916.55771,True,2.372196528657482,1.5307663638898814,formula,141456683270.80557
UGC07866,1.0,23.9,4.07,0.46072631786851803,324.5125,57782282296.06902,57782282620.58152,18.014230485924177,240379.45481273773,240379.45548773822,,81929963236.10081,125415631916.55771,True,2.372196528657482,1.5307663638898814,formula,141456683270.80557
UGC07866,1.33,26.0,4.07,0.4597969488663772,289.15225563909775,43357687891.26456,43357688180.41681,19.61052013588625,240136.88782730125,240136.88862803724,,81929963236.10081,125415631916.55771,True,2.372196528657482,1.5307663638898814,formula,141456683270.80557
UGC07866,1.67,28.2,4.07,0.5148323045953299,249.3452095808383,38663484318.49163,38663484567.83684,20.40604077228113,254102.37860335156,254102.37942271912,,81929963236.10081,125415631916.55771,True,2.372196528657482,1.5307663638898814,formula,141456683270.80557
UGC07866,2.0,30.6,4.07,0.5668374590017143,225.97984999999997,35545139057.33794,35545139283.31779,21.259343828067692,266627.60193700105,266627.60278454964,,81929963236.10081,125415631916.55771,True,2.372196528657482,1.5307663638898814,formula,141456683270.80557
UGC07866,2.32,33.1,4.07,0.6353571693860762,203.86125000000004,34346431418.650925,34346431622.512177,21.747599867571594,282283.05101665267,282283.05185439,,81929963236.10081,125415631916.55771,True,2.372196528657482,1.5307663638898814,formula,141456683270.80557
