galaxy,r_kpc,v_obs_kmps,v_err_kmps,sigma_profile,a_bar_kmps2_per_kpc,a_struct_kmps2_per_kpc,a_total_kmps2_per_kpc,v_bar_kmps,v_struct_kmps,v_model_kmps,beta_raw,beta_formula,beta_clipped,use_dimension_proxy,d_eff_proxy,d_eff_response,beta_mode,beta_ceiling_theory
UGC06818,0.87,23.4,5.55,0.0,876.7247126436782,0.0,876.7247126436782,27.61793801137225,0.0,27.61793801137225,,72122215708.518,90774249675.02162,True,2.8025043349804784,1.2586170403012273,formula,97495601820.52129
UGC06818,1.74,28.0,5.2,0.0,871.1513218390805,0.0,871.1513218390805,38.93331863584198,0.0,38.93331863584198,,72122215708.518,90774249675.02162,True,2.8025043349804784,1.2586170403012273,formula,97495601820.52129
UGC06818,2.61,36.7,4.25,0.0,658.562796934866,0.0,658.562796934866,41.45900264116348,0.0,41.45900264116348,,72122215708.518,90774249675.02162,True,2.8025043349804784,1.2586170403012273,formula,97495601820.52129
UGC06818,3.5,47.6,4.25,0.20091856451819454,522.0371428571428,5210923411.406152,5210923933.443295,42.744941221155045,135048.99829292158,135049.0050576143,,72122215708.518,90774249675.02162,True,2.8025043349804784,1.2586170403012273,formula,97495601820.52129
UGC06818,4.37,63.3,4.75,0.6509760994516917,411.01556064073225,13522166357.91752,13522166768.93308,42.38086832522429,243088.18766879555,243088.19136321198,,72122215708.518,90774249675.02162,True,2.8025043349804784,1.2586170403012273,formula,97495601820.52129
UGC06818,5.24,71.2,5.25,0.7921030552329402,351.44751908396944,13721862691.614954,13721863043.062473,42.91369245357477,268146.52804774925,268146.5314816646,,72122215708.518,90774249675.02162,True,2.8025043349804784,1.2586170403012273,formula,97495601820.52129
UGC06818,6.11,68.1,6.0,0.7669102708358692,286.4779378068739,11393732308.214996,11393732594.692934,41.83754533908508,263847.88118003454,263847.88449705986,,72122215708.518,90774249675.02162,True,2.8025043349804784,1.2586170403012273,formula,97495601820.52129
UGC06818,6.98,74.4,6.0,0.9218417671715359,235.6433524355301,11988466294.282541,11988466529.925894,40.556018049113256,289274.0823753351,289274.0852182973,,72122215708.518,90774249675.02162,True,2.8025043349804784,1.2586170403012273,formula,97495601820.52129
