galaxy,r_kpc,v_obs_kmps,v_err_kmps,sigma_profile,a_bar_kmps2_per_kpc,a_struct_kmps2_per_kpc,a_total_kmps2_per_kpc,v_bar_kmps,v_struct_kmps,v_model_kmps,beta_raw,beta_formula,beta_clipped,use_dimension_proxy,d_eff_proxy,d_eff_response,beta_mode,beta_ceiling_theory
UGC07261,0.95,46.8,5.66,0.8325646439523564,825.6917894736841,88608709432.82455,88608710258.51634,28.0072704846438,290134.923718575,290134.92507037224,,88919893338.96901,101107192783.94006,True,2.897244077302439,1.137059312459049,formula,107950197653.1505
UGC07261,1.9,63.0,5.66,0.3713700208616181,1382.9231578947372,19762200154.437614,19762201537.36077,51.25967225802366,193773.5283608973,193773.53514085835,,88919893338.96901,101107192783.94006,True,2.897244077302439,1.137059312459049,formula,107950197653.1505
UGC07261,2.86,66.8,5.66,0.4587228923677509,926.5596153846153,16216847522.039433,16216848448.599049,51.47776704558969,215360.59043620952,215360.59658858972,,88919893338.96901,101107192783.94006,True,2.897244077302439,1.137059312459049,formula,107950197653.1505
UGC07261,3.81,69.6,5.66,0.5366550130204498,682.9812073490813,14241386314.941334,14241386997.92254,51.01135559853316,232937.07703997334,232937.0826255126,,88919893338.96901,101107192783.94006,True,2.897244077302439,1.137059312459049,formula,107950197653.1505
UGC07261,4.76,73.4,5.66,0.7136660815280809,479.0240546218488,15158986153.029152,15158986632.053207,47.750963341067795,268620.12971558695,268620.1339597858,,88919893338.96901,101107192783.94006,True,2.897244077302439,1.137059312459049,formula,107950197653.1505
UGC07261,5.72,74.7,5.66,0.7988722513840354,366.48141608391614,14120931945.878653,14120932312.36007,45.78508163146594,284203.67824928986,284203.68193726765,,88919893338.96901,101107192783.94006,True,2.897244077302439,1.137059312459049,formula,107950197653.1505
UGC07261,6.67,76.1,5.66,0.8175026289994004,317.68107946026987,12392113330.077993,12392113647.759073,46.03186722261003,287498.5146250676,287498.51831018715,,88919893338.96901,101107192783.94006,True,2.897244077302439,1.137059312459049,formula,107950197653.1505
