galaxy,r_kpc,v_obs_kmps,v_err_kmps,sigma_profile,a_bar_kmps2_per_kpc,a_struct_kmps2_per_kpc,a_total_kmps2_per_kpc,v_bar_kmps,v_struct_kmps,v_model_kmps,beta_raw,beta_formula,beta_clipped,use_dimension_proxy,d_eff_proxy,d_eff_response,beta_mode
F563-V1,1.31,12.0,5.0,0.0,109.95358778625956,0.0,109.95358778625956,12.001633222191055,0.0,12.001633222191055,,188.6551030442793,259.90796526872555,True,2.5734106117505977,1.3776884964925782,formula
F563-V1,2.63,21.7,5.0,0.18904252127253215,143.4365399239544,18.681998879548896,162.1185388035033,19.422618258103103,7.009540430956483,20.648771320667333,,188.6551030442793,259.90796526872555,True,2.5734106117505977,1.3776884964925782,formula
F563-V1,3.93,28.6,5.0,0.09518850562812937,187.83516539440203,6.295229214956167,194.1303946093582,27.16969267400719,4.9739572590421135,27.62123188445399,,188.6551030442793,259.90796526872555,True,2.5734106117505977,1.3776884964925782,formula
F563-V1,5.24,29.5,5.0,0.016761041368187228,163.28320610687024,0.831360335456198,164.11456644232643,29.250709393107034,2.087181869840402,29.325080190134017,,188.6551030442793,259.90796526872555,True,2.5734106117505977,1.3776884964925782,formula
F563-V1,6.55,28.6,5.0,0.0,137.32496183206106,0.0,137.32496183206106,29.991307073883924,0.0,29.991307073883924,,188.6551030442793,259.90796526872555,True,2.5734106117505977,1.3776884964925782,formula
F563-V1,7.87,27.3,5.0,0.0,120.8535959339263,0.0,120.8535959339263,30.840197794437053,0.0,30.840197794437053,,188.6551030442793,259.90796526872555,True,2.5734106117505977,1.3776884964925782,formula
