galaxy,r_kpc,v_obs_kmps,v_err_kmps,sigma_profile,a_bar_kmps2_per_kpc,a_struct_kmps2_per_kpc,a_total_kmps2_per_kpc,v_bar_kmps,v_struct_kmps,v_model_kmps,beta_raw,beta_formula,beta_clipped,use_dimension_proxy,d_eff_proxy,d_eff_response,beta_mode
NGC4138,2.61,179.0,14.7,0.0,20336.892911877396,0.0,20336.892911877396,230.38943226632597,0.0,230.38943226632597,,1811.7387868950798,2000.0,True,2.883149892491711,1.144892168573401,formula
NGC4138,5.24,195.0,6.8,0.0,7417.837729007633,0.0,7417.837729007633,197.1534166581954,0.0,197.1534166581954,,1811.7387868950798,2000.0,True,2.883149892491711,1.144892168573401,formula
NGC4138,7.85,181.0,9.8,0.17795118666054432,3467.569987261147,45.33788195173104,3512.9078692128783,164.98613396282732,18.865374984905248,166.0612139342631,,1811.7387868950798,2000.0,True,2.883149892491711,1.144892168573401,formula
NGC4138,10.65,162.0,20.4,0.2647226875149659,1860.9677558685448,49.713180753984204,1910.680936622529,140.78105909532007,23.009680028847246,142.64905178454546,,1811.7387868950798,2000.0,True,2.883149892491711,1.144892168573401,formula
NGC4138,13.47,145.0,9.6,0.2934344489168746,1141.2792650334075,43.56858929723453,1184.847854330642,123.98803047068697,24.225377145335617,126.33250016458055,,1811.7387868950798,2000.0,True,2.883149892491711,1.144892168573401,formula
NGC4138,16.03,147.0,17.9,0.4726051513685676,799.6433873986275,58.965084387843746,858.6084717864712,113.21785857363669,30.744272681869305,117.31791765428304,,1811.7387868950798,2000.0,True,2.883149892491711,1.144892168573401,formula
NGC4138,18.58,150.0,21.0,0.6275170826165175,594.0044241119484,67.54758693396315,661.5520110459115,105.05523404381145,35.42646137046481,110.86765247461965,,1811.7387868950798,2000.0,True,2.883149892491711,1.144892168573401,formula
