galaxy,r_kpc,v_obs_kmps,v_err_kmps,sigma_profile,a_bar_kmps2_per_kpc,a_struct_kmps2_per_kpc,a_total_kmps2_per_kpc,v_bar_kmps,v_struct_kmps,v_model_kmps,beta_raw,beta_formula,beta_clipped,use_dimension_proxy,d_eff_proxy,d_eff_response,beta_mode
UGC08837,0.52,7.31,2.12,0.0,266.70192307692304,0.0,266.70192307692304,11.776459569836767,0.0,11.776459569836767,,967.7465617805838,1379.1263911817007,True,2.3771616425461057,1.4250904582334116,formula
UGC08837,1.05,14.6,2.05,0.0,282.31047619047615,0.0,282.31047619047615,17.217026456389036,0.0,17.217026456389036,,967.7465617805838,1379.1263911817007,True,2.3771616425461057,1.4250904582334116,formula
UGC08837,1.57,21.0,2.05,0.021879008729597443,274.7496178343949,19.219056275084487,293.96867410947937,20.76913334734986,5.493079132133693,21.48326833495971,,967.7465617805838,1379.1263911817007,True,2.3771616425461057,1.4250904582334116,formula
UGC08837,2.09,28.1,2.06,0.08057539341768745,347.4413397129187,53.169211264201465,400.61055097712017,26.94721506946497,10.54152036198674,28.935722758247824,,967.7465617805838,1379.1263911817007,True,2.3771616425461057,1.4250904582334116,formula
UGC08837,2.63,35.3,2.5,0.24393165521325058,359.70406844106463,127.91352979058145,487.61759823164607,30.757465760364585,18.341553460632205,35.81109162465212,,967.7465617805838,1379.1263911817007,True,2.3771616425461057,1.4250904582334116,formula
UGC08837,3.15,43.0,3.38,0.43878207864376856,338.92168253968254,192.10664909053517,531.0283316302177,32.674199301589624,24.599511064961955,40.89913501084327,,967.7465617805838,1379.1263911817007,True,2.3771616425461057,1.4250904582334116,formula
UGC08837,3.68,46.6,3.15,0.5050614264140355,306.6017663043478,189.27813650420404,495.87990280855183,33.590095266313256,26.392111365623457,42.718123113445316,,967.7465617805838,1379.1263911817007,True,2.3771616425461057,1.4250904582334116,formula
UGC08837,4.2,48.0,3.0,0.5072264861953235,284.0139523809524,166.55462700436456,450.568579385317,34.53778510559124,26.448618743108895,43.50158656208221,,967.7465617805838,1379.1263911817007,True,2.3771616425461057,1.4250904582334116,formula
