galaxy,r_kpc,v_obs_kmps,v_err_kmps,sigma_profile,a_bar_kmps2_per_kpc,a_struct_kmps2_per_kpc,a_total_kmps2_per_kpc,v_bar_kmps,v_struct_kmps,v_model_kmps,beta_raw,beta_formula,beta_clipped,use_dimension_proxy,d_eff_proxy,d_eff_response,beta_mode
NGC3949,1.74,123.0,5.5,-0.09776072773852242,14798.03264367816,-5.814451786232731,14792.218191891927,160.46363077034,0.0,160.43210294044005,,181.97529153399765,103.48885837986977,True,4.498397288817061,0.5686973077910162,formula
NGC3949,2.61,145.0,5.5,-0.09775621637537397,13184.831417624522,-3.8761223111965455,13180.955295313326,185.50582201106252,0.0,185.4785521853343,,181.97529153399765,103.48885837986977,True,4.498397288817061,0.5686973077910162,formula
NGC3949,3.5,152.0,6.2,-0.09776236523431595,11561.828714285712,-2.89066159160435,11558.938052694108,201.16262202506704,0.0,201.1374733470354,,181.97529153399765,103.48885837986977,True,4.498397288817061,0.5686973077910162,formula
NGC3949,4.37,157.0,6.6,-0.09770117751513376,8354.517986270024,-2.313726160963431,8352.204260109062,191.07392182084925,0.0,191.04746168603393,,181.97529153399765,103.48885837986977,True,4.498397288817061,0.5686973077910162,formula
NGC3949,5.24,161.0,8.8,-0.0966426797660314,6364.422633587786,-1.908671870182811,6362.513961717603,182.61865895904504,0.0,182.591273502871,,181.97529153399765,103.48885837986977,True,4.498397288817061,0.5686973077910162,formula
NGC3949,6.11,165.0,11.2,-0.06450133178887986,4814.714713584288,-1.0924990492327953,4813.622214535055,171.51649162689867,0.0,171.4970312594629,,181.97529153399765,103.48885837986977,True,4.498397288817061,0.5686973077910162,formula
NGC3949,7.07,169.0,25.5,0.06789134423826407,3715.185304101839,0.9937761964770435,3716.179080298316,162.0689979607451,2.650659862957278,162.09067245745234,,181.97529153399765,103.48885837986977,True,4.498397288817061,0.5686973077910162,formula
