galaxy,r_kpc,v_obs_kmps,v_err_kmps,sigma_profile,a_bar_kmps2_per_kpc,a_struct_kmps2_per_kpc,a_total_kmps2_per_kpc,v_bar_kmps,v_struct_kmps,v_model_kmps,beta_raw,beta_formula,beta_clipped,use_dimension_proxy,d_eff_proxy,d_eff_response,beta_mode
UGC09992,0.78,28.1,5.66,0.1037633812895759,581.1899999999998,159.41775174193046,740.6077517419303,21.291505348377786,11.151046872769648,24.034850662292573,,1998.1954052322171,1198.3596217984616,True,4.104109409543832,0.5997209375322311,formula
UGC09992,1.55,31.3,5.66,0.10366522558094184,425.09845161290315,80.14723904569655,505.2456906585997,25.66909815322696,11.145771418830984,27.984474633639802,,1998.1954052322171,1198.3596217984616,True,4.104109409543832,0.5997209375322311,formula
UGC09992,2.34,33.0,5.66,0.10365370308010946,314.74085470085475,53.083082231235046,367.8239369320898,27.138415576448086,11.14515196940311,29.337825625309897,,1998.1954052322171,1198.3596217984616,True,4.104109409543832,0.5997209375322311,formula
UGC09992,3.12,33.4,5.66,0.10326606743967463,261.26695512820515,39.66342484667401,300.93037997487914,28.550882648352577,11.124292585221898,30.641520613729714,,1998.1954052322171,1198.3596217984616,True,4.104109409543832,0.5997209375322311,formula
UGC09992,3.89,34.3,5.66,0.10365765040545373,204.16580976863753,31.932941577479866,236.0987513461174,28.181642961332116,11.145364181416266,30.305513404930082,,1998.1954052322171,1198.3596217984616,True,4.104109409543832,0.5997209375322311,formula
