galaxy,r_kpc,v_obs_kmps,v_err_kmps,sigma_profile,a_bar_kmps2_per_kpc,a_struct_kmps2_per_kpc,a_total_kmps2_per_kpc,v_bar_kmps,v_struct_kmps,v_model_kmps,beta_raw,beta_formula,beta_clipped,use_dimension_proxy,d_eff_proxy,d_eff_response,beta_mode
UGC06628,1.1,26.9,8.27,-0.08216543582246906,776.5320909090908,-85.85050377293597,690.6815871361548,29.22644863817703,0.0,27.563558294417838,,1997.5687651477408,1149.3343059029341,True,4.376811468483964,0.5753665785908146,formula
UGC06628,2.2,38.0,8.27,0.034953895088087474,632.437818181818,18.260777613486816,650.6985957953048,37.30098122033789,6.338273483344735,37.83565660524039,,1997.5687651477408,1149.3343059029341,True,4.376811468483964,0.5753665785908146,formula
UGC06628,3.3,40.5,8.27,-0.0763039343070266,561.6196363636363,-26.575372537705913,535.0442638259304,43.05049128639533,0.0,42.019591509503876,,1997.5687651477408,1149.3343059029341,True,4.376811468483964,0.5753665785908146,formula
UGC06628,4.39,41.4,8.27,-0.08546295684734966,522.4674487471526,-22.37483102245126,500.09261772470137,47.89187926987205,0.0,46.85516611657074,,1997.5687651477408,1149.3343059029341,True,4.376811468483964,0.5753665785908146,formula
UGC06628,5.5,42.3,8.27,-0.08560274660226738,460.87378181818184,-17.88839515445486,442.98538666372696,50.34685491666784,0.0,49.360101566452414,,1997.5687651477408,1149.3343059029341,True,4.376811468483964,0.5753665785908146,formula
UGC06628,6.59,42.3,8.27,-0.08565140051163822,445.23449165402127,-14.938102117854012,430.2963895361673,54.16728994513201,0.0,53.25085170251592,,1997.5687651477408,1149.3343059029341,True,4.376811468483964,0.5753665785908146,formula
UGC06628,7.69,42.3,8.27,-0.0856527819531824,412.2184265279584,-12.801518946009917,399.41690758194846,56.30239515331475,0.0,55.42125963297103,,1997.5687651477408,1149.3343059029341,True,4.376811468483964,0.5753665785908146,formula
