galaxy,r_kpc,v_obs_kmps,v_err_kmps,sigma_profile,a_bar_kmps2_per_kpc,a_struct_kmps2_per_kpc,a_total_kmps2_per_kpc,v_bar_kmps,v_struct_kmps,v_model_kmps,beta_raw,beta_formula,beta_clipped,use_dimension_proxy,d_eff_proxy,d_eff_response,beta_mode
UGC05414,0.68,20.5,2.47,0.10223295601468314,539.1695588235294,175.67087849976164,714.8404373232911,19.147723102238555,10.929601885697299,22.047482790101867,,1998.5309849608038,1168.4705405826385,True,4.251209110748573,0.5846647109179322,formula
UGC05414,1.37,34.6,2.45,0.12081297957654516,710.5562773722628,103.04117339795984,813.5974507702226,31.20035416465653,11.881347042957923,33.38605259019408,,1998.5309849608038,1168.4705405826385,True,4.251209110748573,0.5846647109179322,formula
UGC05414,2.05,46.0,2.45,0.13162753011851644,644.2892682926829,75.02580062104413,719.315068913727,36.34271591392146,12.401729366227134,38.400467331441945,,1998.5309849608038,1168.4705405826385,True,4.251209110748573,0.5846647109179322,formula
UGC05414,2.74,51.8,2.46,0.1317893061993948,555.9697810218977,56.20143133496997,612.1712123568676,39.03020881317444,12.409348164098617,40.95545289528389,,1998.5309849608038,1168.4705405826385,True,4.251209110748573,0.5846647109179322,formula
UGC05414,3.42,56.8,2.44,0.1318317635795033,475.90634502923973,45.04138364201895,520.9477286712587,40.343521165113984,12.411346907395055,42.20949220324387,,1998.5309849608038,1168.4705405826385,True,4.251209110748573,0.5846647109179322,formula
UGC05414,4.11,61.4,2.44,0.13183846079064987,419.13549878345486,37.48159551085976,456.6170942943146,41.50478165223857,12.41166215901938,43.320852456405255,,1998.5309849608038,1168.4705405826385,True,4.251209110748573,0.5846647109179322,formula
