galaxy,r_kpc,v_obs_kmps,v_err_kmps,sigma_profile,a_bar_kmps2_per_kpc,a_struct_kmps2_per_kpc,a_total_kmps2_per_kpc,v_bar_kmps,v_struct_kmps,v_model_kmps,beta_raw,beta_formula,beta_clipped,use_dimension_proxy,d_eff_proxy,d_eff_response,beta_mode
UGC05999,3.48,46.2,5.0,0.19080759021408156,481.7158908045976,109.53223285471489,591.2481236593126,40.94351352778606,19.523631074531394,45.36015289143553,,1999.302346041586,1997.6782365247723,True,3.0014040427268687,0.9991876618761394,formula
UGC05999,6.94,81.1,5.0,0.26408282775909026,309.2445100864553,76.01621291848049,385.2607230049358,46.32663272891739,22.96851143749317,51.7079241282635,,1999.302346041586,1997.6782365247723,True,3.0014040427268687,0.9991876618761394,formula
UGC05999,10.42,91.2,5.0,0.2641242595957721,245.6576295585413,50.63678360198591,296.2944131605272,50.59399667944805,22.970313126570417,55.5642671609434,,1999.302346041586,1997.6782365247723,True,3.0014040427268687,0.9991876618761394,formula
UGC05999,13.89,97.7,5.0,0.26417445077795204,182.6917782577394,37.99392015586749,220.6856984136069,50.37448560531413,22.972495531939916,55.36537140636736,,1999.302346041586,1997.6782365247723,True,3.0014040427268687,0.9991876618761394,formula
UGC05999,16.22,100.0,5.0,0.26406468808311045,205.08954993834774,32.52258202332504,237.6121319616728,57.67627328460119,22.967722577964324,62.08114673891207,,1999.302346041586,1997.6782365247723,True,3.0014040427268687,0.9991876618761394,formula
