galaxy,r_kpc,v_obs_kmps,v_err_kmps,sigma_profile,a_bar_kmps2_per_kpc,a_struct_kmps2_per_kpc,a_total_kmps2_per_kpc,v_bar_kmps,v_struct_kmps,v_model_kmps,beta_raw,beta_formula,beta_clipped,beta_mode
NGC4068,0.21,4.68,3.65,0.0,226.8190476190476,0.0,226.8190476190476,6.901594018775662,0.0,6.901594018775662,,458.7927676159269,458.7927676159269,formula
NGC4068,0.64,13.1,3.44,0.0,460.89078125,0.0,460.89078125,17.174693592608865,0.0,17.174693592608865,,458.7927676159269,458.7927676159269,formula
NGC4068,1.06,22.5,2.45,0.0,490.8027358490565,0.0,490.8027358490565,22.809009184968993,0.0,22.809009184968993,,458.7927676159269,458.7927676159269,formula
NGC4068,1.48,30.4,1.71,0.2284923185889649,474.28351351351347,70.8315021786563,545.1150156921698,26.494142748917163,10.238682689897725,28.40370087197109,,458.7927676159269,458.7927676159269,formula
NGC4068,1.91,36.0,1.7,0.30579761818615897,455.92675392670156,73.45431182093527,529.3810657476369,29.509661129874058,11.844734508547939,31.798079117738958,,458.7927676159269,458.7927676159269,formula
NGC4068,2.33,41.9,4.97,0.43638701420356635,388.6831330472103,85.92755622236267,474.61068926957296,30.093715290738032,14.149600913033025,33.254216364216205,,458.7927676159269,458.7927676159269,formula
