galaxy,r_kpc,v_obs_kmps,v_err_kmps,sigma_profile,a_bar_kmps2_per_kpc,a_struct_kmps2_per_kpc,a_total_kmps2_per_kpc,v_bar_kmps,v_struct_kmps,v_model_kmps,beta_raw,beta_formula,beta_clipped,beta_mode
UGC07261,0.95,46.8,5.66,0.772917698460364,825.6917894736841,899.6772533377869,1725.369042811471,28.0072704846438,29.235139655402666,40.48580727453631,,1105.8012934280441,1105.8012934280441,formula
UGC07261,1.9,63.0,5.66,0.35875409789302604,1382.9231578947372,208.7951291961681,1591.7182870909053,51.25967225802366,19.917598888237492,54.99331546172425,,1105.8012934280441,1105.8012934280441,formula
UGC07261,2.86,66.8,5.66,0.43956963235639623,926.5596153846153,169.95687692706042,1096.5164923116758,51.47776704558969,22.047146482286383,56.00033185626128,,1105.8012934280441,1105.8012934280441,formula
UGC07261,3.81,69.6,5.66,0.5106261183029259,682.9812073490813,148.20236799934827,831.1835753484295,51.01135559853316,23.762386708357326,56.27441178793001,,1105.8012934280441,1105.8012934280441,formula
UGC07261,4.76,73.4,5.66,0.6687840556769106,479.0240546218488,155.3660239057943,634.390078527643,47.750963341067795,27.19452654104463,54.951767703974554,,1105.8012934280441,1105.8012934280441,formula
UGC07261,5.72,74.7,5.66,0.7435550353475363,366.48141608391614,143.74547549339874,510.22689157731486,45.78508163146594,28.67445064551788,54.023123010635366,,1105.8012934280441,1105.8012934280441,formula
UGC07261,6.67,76.1,5.66,0.7598045081664097,317.68107946026987,125.96593821332455,443.6470176735944,46.03186722261003,28.986079553518007,54.39784561802861,,1105.8012934280441,1105.8012934280441,formula
