galaxy,r_kpc,v_obs_kmps,v_err_kmps,sigma_profile,a_bar_kmps2_per_kpc,a_struct_kmps2_per_kpc,a_total_kmps2_per_kpc,v_bar_kmps,v_struct_kmps,v_model_kmps,beta_raw,beta_formula,beta_clipped,beta_mode
UGC07690,0.59,45.3,4.31,0.0,3579.5850847457627,0.0,3579.5850847457627,45.956013752282736,0.0,45.956013752282736,,1145.779492653753,1145.779492653753,formula
UGC07690,1.18,59.8,4.31,0.30916678991533125,2139.3093220338988,300.2008200801506,2439.5101421140494,50.24325825421755,18.821184014152184,53.65279086584945,,1145.779492653753,1145.779492653753,formula
UGC07690,1.77,60.7,4.31,0.40590606820755987,1295.4780225988702,262.7564118056145,1558.2344344044848,47.885238852907484,21.565686840347507,52.51737758966967,,1145.779492653753,1145.779492653753,formula
UGC07690,2.36,58.8,4.31,0.41170981578410837,904.6292372881355,199.88502705495165,1104.5142643430872,46.2052486196103,21.719315455365667,51.05539798933788,,1145.779492653753,1145.779492653753,formula
UGC07690,2.95,57.9,4.31,0.4760263468120739,642.1696610169491,184.8885512339517,827.0582122509009,43.524711371817276,23.354254990047476,49.39455158355178,,1145.779492653753,1145.779492653753,formula
UGC07690,3.54,56.9,4.31,0.5381037683116143,472.82771186440675,174.16617589015652,646.9938877545633,40.91222433454334,24.83038990131154,47.85768864718765,,1145.779492653753,1145.779492653753,formula
UGC07690,4.13,55.9,4.31,0.6006634049002819,356.4788619854722,166.64111654293484,523.119978528407,38.370010424809635,26.23409635040477,46.48102313119109,,1145.779492653753,1145.779492653753,formula
