galaxy,r_kpc,v_obs_kmps,v_err_kmps,sigma_profile,a_bar_kmps2_per_kpc,a_struct_kmps2_per_kpc,a_total_kmps2_per_kpc,v_bar_kmps,v_struct_kmps,v_model_kmps,beta_raw,beta_formula,beta_clipped,beta_mode
UGC00191,0.62,29.9,1.42,0.515908201911437,771.8001612903225,934.9821866822818,1706.7823479726044,21.87501085714016,24.076730586668422,32.530063875483165,,1123.628105921306,1123.628105921306,formula
UGC00191,0.87,34.4,2.31,0.33180509968579314,933.8218390804599,428.5350984999746,1362.3569375804345,28.50307001008839,19.30869067790403,34.42746775025689,,1123.628105921306,1123.628105921306,formula
UGC00191,1.12,46.3,2.05,0.5864685149831931,924.3794642857142,588.3683095295056,1512.7477738152197,32.17615576789745,25.67045980642042,41.16160233364399,,1123.628105921306,1123.628105921306,formula
UGC00191,1.37,49.8,1.87,0.5831622977783025,878.5649635036496,478.29018109295674,1356.8551445966064,34.693428772607646,25.597998908066053,43.11486458400804,,1123.628105921306,1123.628105921306,formula
UGC00191,1.62,57.6,2.76,0.7179179629932649,808.7704320987656,497.94617343518803,1306.7166055339535,36.196796819608224,28.401985863051983,46.00957401416584,,1123.628105921306,1123.628105921306,formula
UGC00191,2.3,71.3,7.5,0.8303170343292071,728.5805217391304,405.63806808587964,1134.21858982501,40.93574477153188,30.544517619329383,51.07546139387801,,1123.628105921306,1123.628105921306,formula
UGC00191,4.97,76.65,1.09,0.7232864096954631,462.8997987927566,163.52212043556037,626.4219192283169,47.96469534980911,28.50798026105559,55.797105109178695,,1123.628105921306,1123.628105921306,formula
UGC00191,7.45,81.0,0.63,0.7492443638800268,330.9405771812081,113.00295643741319,443.94353361862125,49.6538749746684,29.015031026327172,57.50981938294302,,1123.628105921306,1123.628105921306,formula
UGC00191,9.98,83.85,1.04,0.8738429714677401,216.15250501002006,98.3842207317578,314.53672574177784,46.44568871273199,31.334877100492076,56.027462220797965,,1123.628105921306,1123.628105921306,formula
