galaxy,r_kpc,v_obs_kmps,v_err_kmps,sigma_profile,a_bar_kmps2_per_kpc,a_struct_kmps2_per_kpc,a_total_kmps2_per_kpc,v_bar_kmps,v_struct_kmps,v_model_kmps,beta_raw,beta_formula,beta_clipped,beta_mode
UGC02023,0.76,15.1,8.69,0.0,405.7090789473684,0.0,405.7090789473684,17.559581430091097,0.0,17.559581430091097,,586.5458716118961,586.5458716118961,formula
UGC02023,1.51,28.0,8.69,0.0,677.7117880794701,0.0,677.7117880794701,31.989760861875787,0.0,31.989760861875787,,586.5458716118961,586.5458716118961,formula
UGC02023,2.27,37.6,8.69,0.0,625.9911894273127,0.0,625.9911894273127,37.69615364994153,0.0,37.69615364994153,,586.5458716118961,586.5458716118961,formula
UGC02023,3.03,47.9,8.69,0.30100044431076584,520.4113531353136,58.267514179480585,578.6788673147942,39.70952530564927,13.287233269715188,41.87358317559922,,586.5458716118961,586.5458716118961,formula
UGC02023,3.78,58.8,8.69,0.4779500315010933,453.8023544973545,74.1639200565455,527.9662745539,41.41706049443876,16.743345478539883,44.673398323988536,,586.5458716118961,586.5458716118961,formula
