{
  "n_success": 32,
  "n_failed": 0,
  "mean_M_gal": 0.12962557447548628,
  "mean_R_gal": 0.038773942872845864,
  "mean_propagation_term_mean": 0.15419171371457796
}