galaxy,r_kpc,v_obs_kmps,v_err_kmps,sigma_profile,a_bar_kmps2_per_kpc,a_struct_kmps2_per_kpc,a_total_kmps2_per_kpc,v_bar_kmps,v_struct_kmps,v_model_kmps,beta_raw,beta_clipped,beta_hit_lower,beta_hit_upper,beta_mode
UGC02259,1.02,56.1,3.4,0.9718851248298132,608.4106862745098,1905.6571075094375,2514.0677937839473,24.911421075482625,44.08820987134345,50.63940313293222,5556.291539583489,2000.0,False,True,structural
UGC02259,2.04,71.1,3.0,0.8317298014459168,668.629411764706,815.4213739665851,1484.050785731291,36.93242477823519,40.78553178385484,55.02239183179729,5556.291539583489,2000.0,False,True,structural
UGC02259,3.05,80.7,1.5,0.8111616391067397,602.4601311475411,531.9092715454032,1134.3694026929443,42.866110157092635,40.27807441044668,58.82029138157579,5556.291539583489,2000.0,False,True,structural
UGC02259,4.07,82.8,1.5,0.7626759656561684,527.1127764127764,374.77934430278543,901.8921207155618,46.31791230182984,39.05575413831279,60.58630976806837,5556.291539583489,2000.0,False,True,structural
UGC02259,5.09,83.7,1.5,0.7998001591987064,397.9710019646365,314.26332385017935,712.2343258148159,45.007470491019596,39.995003667925985,60.210237654384095,5556.291539583489,2000.0,False,True,structural
UGC02259,6.11,86.0,1.5,0.8207575796335569,334.5081669394435,268.6604188653214,603.1685858047649,45.20890288427712,40.51561623950836,60.70716645724056,5556.291539583489,2000.0,False,True,structural
UGC02259,7.13,88.3,2.3,0.851554243277146,282.51199158485275,238.8651453792836,521.3771369641363,44.881070620028666,41.268734976423644,60.97064036529624,5556.291539583489,2000.0,False,True,structural
UGC02259,8.14,90.0,3.0,0.9226783238471973,219.38320638820636,226.7022908715472,446.08549725975354,42.25848198882681,42.957614548463866,60.25890762115087,5556.291539583489,2000.0,False,True,structural
