galaxy,r_kpc,v_obs_kmps,v_err_kmps,sigma_profile,a_bar_kmps2_per_kpc,a_struct_kmps2_per_kpc,a_total_kmps2_per_kpc,v_bar_kmps,v_struct_kmps,v_model_kmps,beta_raw,beta_clipped,beta_hit_lower,beta_hit_upper,beta_mode
NGC4138,2.61,179.0,14.7,0.0,20336.892911877396,0.0,20336.892911877396,230.38943226632597,0.0,230.38943226632597,22332.486391801634,1835.6107166529548,False,True,structural
NGC4138,5.24,195.0,6.8,0.0,7417.837729007633,0.0,7417.837729007633,197.1534166581954,0.0,197.1534166581954,22332.486391801634,1835.6107166529548,False,True,structural
NGC4138,7.85,181.0,9.8,0.16960456296577917,3467.569987261147,39.65961189467836,3507.2295991558253,164.98613396282732,17.64448790339989,165.9269488460908,22332.486391801634,1835.6107166529548,False,True,structural
NGC4138,10.65,162.0,20.4,0.2464124045769845,1860.9677558685448,42.47110333875458,1903.4388592072994,140.78105909532007,21.2677514222293,142.378452901265,22332.486391801634,1835.6107166529548,False,True,structural
NGC4138,13.47,145.0,9.6,0.27101378867433057,1141.2792650334075,36.93213176327545,1178.211396796683,123.98803047068697,22.30416586315929,125.97820253857935,22332.486391801634,1835.6107166529548,False,True,structural
NGC4138,16.03,147.0,17.9,0.41601215026251437,799.6433873986275,47.63795142106741,847.281338819695,113.21785857363669,27.633971145669793,116.54149416100564,22332.486391801634,1835.6107166529548,False,True,structural
NGC4138,18.58,150.0,21.0,0.5308457246082039,594.0044241119484,52.44489241013037,646.4493165220788,105.05523404381145,31.21579890023996,109.59483701790072,22332.486391801634,1835.6107166529548,False,True,structural
