galaxy,r_kpc,v_obs_kmps,v_err_kmps,sigma_profile,a_bar_kmps2_per_kpc,a_struct_kmps2_per_kpc,a_total_kmps2_per_kpc,v_bar_kmps,v_struct_kmps,v_model_kmps,beta_raw,beta_clipped,beta_hit_lower,beta_hit_upper,beta_mode
UGC07559,0.36,9.31,3.23,0.0,274.37027777777774,0.0,274.37027777777774,9.938475738260871,0.0,9.938475738260871,846.0838194433273,594.5600151782,False,False,structural
UGC07559,0.72,15.9,3.23,0.0,356.85847222222225,0.0,356.85847222222225,16.02928881766125,0.0,16.02928881766125,846.0838194433273,594.5600151782,False,False,structural
UGC07559,1.08,21.4,3.23,0.26950124312249485,310.6712962962963,148.36542889023545,459.0367251865317,18.317341510164624,12.658383119555763,22.265661077126236,846.0838194433273,594.5600151782,False,False,structural
UGC07559,1.45,26.1,3.23,0.4365526779461185,269.80758620689653,179.00466677636422,448.81225298326075,19.779307369066288,16.110765556786188,25.51034627020433,846.0838194433273,594.5600151782,False,False,structural
UGC07559,1.8,29.7,3.23,0.5473085675456018,233.48677777777777,180.7821056817066,414.2688834594844,20.500639014430746,18.039062897697097,27.30721498481806,846.0838194433273,594.5600151782,False,False,structural
UGC07559,2.17,31.1,3.23,0.5594774268025771,207.78700460829495,153.29166238322605,361.078666991521,21.234354240240037,18.238500688696988,27.991797144370715,846.0838194433273,594.5600151782,False,False,structural
UGC07559,2.53,32.1,3.23,0.5257858062758599,201.5507509881423,123.56174583393575,325.11249682207807,22.581483565080486,17.680814940490084,28.679864312089368,846.0838194433273,594.5600151782,False,False,structural
