galaxy,r_kpc,v_obs_kmps,v_err_kmps,sigma_profile,a_bar_kmps2_per_kpc,a_struct_kmps2_per_kpc,a_total_kmps2_per_kpc,v_bar_kmps,v_struct_kmps,v_model_kmps,beta_raw,beta_clipped,beta_hit_lower,beta_hit_upper,beta_mode
UGC05918,0.56,16.9,3.93,0.9399305352825359,108.14285714285714,1175.0305703592076,1283.1734275020647,7.782030583337488,25.651844366461376,26.806288803211018,1077.088639305104,700.0699463427491,False,False,structural
UGC05918,1.11,27.4,3.93,1.0047248755638787,123.71756756756754,633.6735943470537,757.3911619146213,11.718638999474297,26.5212686296344,28.99489937429047,1077.088639305104,700.0699463427491,False,False,structural
UGC05918,1.67,33.5,3.93,1.0117177011058667,120.96479041916167,424.11566271089436,545.0804531300561,14.213064412715505,26.613401825531316,30.170919056720724,1077.088639305104,700.0699463427491,False,False,structural
UGC05918,2.23,36.4,3.93,0.8536135336539395,152.8036322869955,267.9772110773802,420.78084336437576,18.459471823429833,24.445637252944703,30.63235676050013,1077.088639305104,700.0699463427491,False,False,structural
UGC05918,2.79,39.8,3.93,0.8498954507517192,147.21498207885304,213.25672494792207,360.4717070267751,20.266469845535507,24.392340244525588,31.713026702046314,1077.088639305104,700.0699463427491,False,False,structural
UGC05918,3.34,41.2,3.93,0.8663265825316444,127.0841017964072,181.58359405635494,308.6676958527621,20.602448883567217,24.62700152572833,32.10841173506135,1077.088639305104,700.0699463427491,False,False,structural
UGC05918,3.9,42.6,3.93,0.8266884675717242,126.94166666666666,148.39480798336064,275.3364746500273,22.250224717966333,24.057010436359427,32.76907461517805,1077.088639305104,700.0699463427491,False,False,structural
UGC05918,4.46,44.5,3.93,0.8335460332870671,119.32717488789238,130.8386831384503,250.16585802634268,23.069442992842287,24.156583508383143,33.40269041256241,1077.088639305104,700.0699463427491,False,False,structural
