galaxy,r_kpc,v_obs_kmps,v_err_kmps,sigma_profile,a_bar_kmps2_per_kpc,a_struct_kmps2_per_kpc,a_total_kmps2_per_kpc,v_bar_kmps,v_struct_kmps,v_model_kmps,beta_raw,beta_clipped,beta_hit_lower,beta_hit_upper,beta_mode
UGC00634,4.51,69.75,4.15,0.5573673595783561,504.7986031042128,201.4352751709942,706.233878275207,47.714166659389534,30.140887362869456,56.4368212342012,8808.939396369484,1629.9359397515425,False,True,structural
UGC00634,9.01,97.7,1.63,0.8032950645120649,304.030332963374,145.31847900923955,449.3488119726136,52.33844953760094,36.184520113900206,63.62886762997789,8808.939396369484,1629.9359397515425,False,True,structural
UGC00634,13.51,108.0,0.99,0.9077846492248562,196.82801628423388,109.52115657485867,306.34917285909256,51.56691284147229,38.465969704744744,64.33332981687128,8808.939396369484,1629.9359397515425,False,True,structural
UGC00634,18.01,107.5,2.32,1.0044277191564097,117.44982232093282,90.90243411081072,208.35225643174354,45.99207866578766,40.46174536936959,61.257033378508474,8808.939396369484,1629.9359397515425,False,True,structural
