galaxy,r_kpc,v_obs_kmps,v_err_kmps,sigma_profile,a_bar_kmps2_per_kpc,a_struct_kmps2_per_kpc,a_total_kmps2_per_kpc,v_bar_kmps,v_struct_kmps,v_model_kmps,beta_raw,beta_clipped,beta_hit_lower,beta_hit_upper,beta_mode
UGC02023,0.76,15.1,8.69,0.0,405.7090789473684,0.0,405.7090789473684,17.559581430091097,0.0,17.559581430091097,3040.994188705332,1206.5057307619486,False,True,structural
UGC02023,1.51,28.0,8.69,0.0,677.7117880794701,0.0,677.7117880794701,31.989760861875787,0.0,31.989760861875787,3040.994188705332,1206.5057307619486,False,True,structural
UGC02023,2.27,37.6,8.69,0.0,625.9911894273127,0.0,625.9911894273127,37.69615364994153,0.0,37.69615364994153,3040.994188705332,1206.5057307619486,False,True,structural
UGC02023,3.03,47.9,8.69,0.31640163938320853,520.4113531353136,125.98692776842132,646.3982809037349,39.70952530564927,19.538177784489438,44.25592379714061,3040.994188705332,1206.5057307619486,False,True,structural
UGC02023,3.78,58.8,8.69,0.5243205815184288,453.8023544973545,167.3533826345031,621.1557371318576,41.41706049443876,25.151456943056434,48.45584264418917,3040.994188705332,1206.5057307619486,False,True,structural
