galaxy,r_kpc,v_obs_kmps,v_err_kmps,sigma_profile,a_bar_kmps2_per_kpc,a_struct_kmps2_per_kpc,a_total_kmps2_per_kpc,v_bar_kmps,v_struct_kmps,v_model_kmps,beta_raw,beta_formula,beta_clipped,beta_mode
F567-2,1.92,26.9,8.0,0.07525510052447791,348.5900520833334,13.053414425457802,361.64346650879116,25.87069577726892,5.006251661360921,26.350625337871566,,333.0346451231832,333.0346451231832,formula
F567-2,3.83,46.8,5.0,0.4768453357719359,311.294046997389,41.46371205677593,352.7577590541649,34.52906312079724,12.601825946165572,36.75679824437177,,333.0346451231832,333.0346451231832,formula
F567-2,5.75,47.6,5.0,0.5551043979933535,188.49739130434784,32.15112977252778,220.64852107687562,32.922029099069825,13.596653860124363,35.61922228505326,,333.0346451231832,333.0346451231832,formula
F567-2,7.67,48.1,8.0,0.41238841939082466,181.42417209908737,17.906079648596318,199.3302517476837,37.30312855512256,11.719199243324338,39.1006781386811,,333.0346451231832,333.0346451231832,formula
F567-2,9.59,52.2,10.0,0.39617638393084337,175.06891553701772,13.75812945032267,188.8270449873404,40.974515250335784,11.486533917095898,42.55409923178488,,333.0346451231832,333.0346451231832,formula
