galaxy,r_kpc,v_obs_kmps,v_err_kmps,sigma_profile,a_bar_kmps2_per_kpc,a_struct_kmps2_per_kpc,a_total_kmps2_per_kpc,v_bar_kmps,v_struct_kmps,v_model_kmps,beta_raw,beta_formula,beta_clipped,beta_mode
NGC6789,0.1,13.9,3.84,0.9288027354201513,659.0439999999999,7407.194607650996,8066.238607650996,8.118152499183543,27.216161756667667,28.401124286990818,,797.499224019866,797.499224019866,formula
NGC6789,0.3,29.9,3.92,0.8026519699054973,1191.686666666667,2133.7144105255034,3325.4010771921703,18.90782906628892,25.300480690248772,31.585128195998365,,797.499224019866,797.499224019866,formula
NGC6789,0.51,46.7,4.1,1.1785067850244602,1058.6858823529412,1842.8593069787335,2901.545189331675,23.236389564646224,30.657107602628695,38.46801329103381,,797.499224019866,797.499224019866,formula
NGC6789,0.71,60.4,9.4,1.4958071748109667,841.6532394366197,1680.147973514217,2521.801212950837,24.445322660991817,34.538457713034816,42.314050399307014,,797.499224019866,797.499224019866,formula
