galaxy,r_kpc,v_obs_kmps,v_err_kmps,sigma_profile,a_bar_kmps2_per_kpc,a_struct_kmps2_per_kpc,a_total_kmps2_per_kpc,v_bar_kmps,v_struct_kmps,v_model_kmps,beta_raw,beta_formula,beta_clipped,beta_mode
UGC07261,0.95,46.8,5.66,0.8325646439523564,825.6917894736841,678.3068303203615,1503.9986197940457,28.0072704846438,25.384867319021847,37.7994535516632,,773.9837302546069,773.9837302546069,formula
UGC07261,1.9,63.0,5.66,0.3713700208616181,1382.9231578947372,151.28123897431914,1534.2043968690564,51.25967225802366,16.95388905387806,53.99063209531082,,773.9837302546069,773.9837302546069,formula
UGC07261,2.86,66.8,5.66,0.4587228923677509,926.5596153846153,124.14127810768335,1050.7008934922987,51.47776704558969,18.842612753755102,54.81792184484901,,773.9837302546069,773.9837302546069,formula
UGC07261,3.81,69.6,5.66,0.5366550130204498,682.9812073490813,109.01896294944946,792.0001702985307,51.01135559853316,20.38043789611505,54.931963817411464,,773.9837302546069,773.9837302546069,formula
UGC07261,4.76,73.4,5.66,0.7136660815280809,479.0240546218488,116.04326385237236,595.0673184742211,47.750963341067795,23.50246659262156,53.22142835303551,,773.9837302546069,773.9837302546069,formula
UGC07261,5.72,74.7,5.66,0.7988722513840354,366.48141608391614,108.09687502152305,474.5782911054392,45.78508163146594,24.865922969459866,52.101706547128686,,773.9837302546069,773.9837302546069,formula
UGC07261,6.67,76.1,5.66,0.8175026289994004,317.68107946026987,94.86262882847134,412.5437082887412,46.03186722261003,25.15419913823344,52.456329782838445,,773.9837302546069,773.9837302546069,formula
