galaxy,r_kpc,v_obs_kmps,v_err_kmps,sigma_profile,a_bar_kmps2_per_kpc,a_struct_kmps2_per_kpc,a_total_kmps2_per_kpc,v_bar_kmps,v_struct_kmps,v_model_kmps,beta_raw,beta_formula,beta_clipped,beta_mode
UGC09992,0.78,28.1,5.66,0.447001209596877,581.1899999999998,292.32597587007297,873.5159758700728,21.291505348377786,15.100141097971797,26.1025374471268,,510.09763795558626,510.09763795558626,formula
UGC09992,1.55,31.3,5.66,0.33734983952515174,425.09845161290315,111.02022987514579,536.1186814880489,25.66909815322696,13.117978362021946,28.826792334674973,,510.09763795558626,510.09763795558626,formula
UGC09992,2.34,33.0,5.66,0.33330122772883686,314.74085470085475,72.65648247528917,387.39733717614394,27.138415576448086,13.039024848207655,30.10830066596547,,510.09763795558626,510.09763795558626,formula
UGC09992,3.12,33.4,5.66,0.27515569499853576,261.26695512820515,44.985984002814355,306.2529391310195,28.550882648352577,11.84720515939438,30.911311361519118,,510.09763795558626,510.09763795558626,formula
UGC09992,3.89,34.3,5.66,0.3346421460986171,204.16580976863753,43.88179133298015,248.0476011016177,28.181642961332116,13.065227448662835,31.0629227260619,,510.09763795558626,510.09763795558626,formula
