galaxy,r_kpc,v_obs_kmps,v_err_kmps,sigma_profile,a_bar_kmps2_per_kpc,a_struct_kmps2_per_kpc,a_total_kmps2_per_kpc,v_bar_kmps,v_struct_kmps,v_model_kmps,beta_raw,beta_formula,beta_clipped,beta_mode
UGC02023,0.76,15.1,8.69,0.0,405.7090789473684,0.0,405.7090789473684,17.559581430091097,0.0,17.559581430091097,,768.9143098110566,768.9143098110566,formula
UGC02023,1.51,28.0,8.69,0.0,677.7117880794701,0.0,677.7117880794701,31.989760861875787,0.0,31.989760861875787,,768.9143098110566,768.9143098110566,formula
UGC02023,2.27,37.6,8.69,0.0,625.9911894273127,0.0,625.9911894273127,37.69615364994153,0.0,37.69615364994153,,768.9143098110566,768.9143098110566,formula
UGC02023,3.03,47.9,8.69,0.3260697486088045,520.4113531353136,82.7457741590111,603.1571272943247,39.70952530564927,15.834130721381696,42.75004205497117,,768.9143098110566,768.9143098110566,formula
UGC02023,3.78,58.8,8.69,0.5534297214461951,453.8023544973545,112.57672812029799,566.3790826176524,41.41706049443876,20.62862167704683,46.27000034898126,,768.9143098110566,768.9143098110566,formula
