galaxy,r_kpc,v_obs_kmps,v_err_kmps,sigma_profile,a_bar_kmps2_per_kpc,a_struct_kmps2_per_kpc,a_total_kmps2_per_kpc,v_bar_kmps,v_struct_kmps,v_model_kmps,beta_raw,beta_formula,beta_clipped,beta_mode
UGC07559,0.36,9.31,3.23,0.0,274.37027777777774,0.0,274.37027777777774,9.938475738260871,0.0,9.938475738260871,,383.8017536429881,383.8017536429881,formula
UGC07559,0.72,15.9,3.23,0.0,356.85847222222225,0.0,356.85847222222225,16.02928881766125,0.0,16.02928881766125,,383.8017536429881,383.8017536429881,formula
UGC07559,1.08,21.4,3.23,0.2731611925436304,310.6712962962963,97.07383770875488,407.74513400505117,18.317341510164624,10.239128123304996,20.984869423597928,,383.8017536429881,383.8017536429881,formula
UGC07559,1.45,26.1,3.23,0.44694221672164813,269.80758620689653,118.30152176196758,388.1091079688641,19.779307369066288,13.097221329536008,23.72252529885579,,383.8017536429881,383.8017536429881,formula
UGC07559,1.8,29.7,3.23,0.5643895750354662,233.48677777777777,120.34094924246263,353.8277270202404,20.500639014430746,14.717802439101863,25.236677844685357,,383.8017536429881,383.8017536429881,formula
UGC07559,2.17,31.1,3.23,0.5774054810141371,207.78700460829495,102.12407197064466,309.9110765789396,21.234354240240037,14.886545474901116,25.93274062216138,,383.8017536429881,383.8017536429881,formula
UGC07559,2.53,32.1,3.23,0.5414227230638277,201.5507509881423,82.13398836919328,283.6847393573356,22.581483565080486,14.415234669406495,26.790341367255085,,383.8017536429881,383.8017536429881,formula
