galaxy,r_kpc,v_obs_kmps,v_err_kmps,sigma_profile,a_bar_kmps2_per_kpc,a_struct_kmps2_per_kpc,a_total_kmps2_per_kpc,v_bar_kmps,v_struct_kmps,v_model_kmps,beta_raw,beta_formula,beta_clipped,beta_mode
UGC00191,0.62,29.9,1.42,0.5407204483050523,771.8001612903225,639.419458235543,1411.2196195258655,21.87501085714016,19.910802698686876,29.57965794437178,,733.170098058473,733.170098058473,formula
UGC00191,0.87,34.4,2.31,0.34187481347657983,933.8218390804599,288.1061960003979,1221.9280350808579,28.50307001008839,15.832005258979237,32.60486758936994,,733.170098058473,733.170098058473,formula
UGC00191,1.12,46.3,2.05,0.6186128988177096,924.3794642857142,404.95399972001456,1329.3334640057287,32.17615576789745,21.296677667805753,38.585664173192825,,733.170098058473,733.170098058473,formula
UGC00191,1.37,49.8,1.87,0.6149435483707878,878.5649635036496,329.0935924521429,1207.6585559557925,34.693428772607646,21.233422278555,40.67544986425394,,733.170098058473,733.170098058473,formula
UGC00191,1.62,57.6,2.76,0.7659389460323388,808.7704320987656,346.6441556600822,1155.4145877588478,36.196796819608224,23.6973317521052,43.26397614840011,,733.170098058473,733.170098058473,formula
UGC00191,2.3,71.3,7.5,0.8938645717284663,728.5805217391304,284.93685900224114,1013.5173807413715,40.93574477153188,25.59989796278795,48.281362612349234,,733.170098058473,733.170098058473,formula
UGC00191,4.97,76.65,1.09,0.7720114822368496,462.8997987927566,113.88646562049458,576.7862644132512,47.96469534980911,23.791085181930185,53.54089777108578,,733.170098058473,733.170098058473,formula
UGC00191,7.45,81.0,0.63,0.8014299818388347,330.9405771812081,78.87040246601056,409.81097964721863,49.6538749746684,24.240142292729608,55.25478982289028,,733.170098058473,733.170098058473,formula
UGC00191,9.98,83.85,1.04,0.9437983649376833,216.15250501002006,69.33514426540958,285.48764927542965,46.44568871273199,26.305222670959996,53.377586492541866,,733.170098058473,733.170098058473,formula
