galaxy,r_kpc,v_obs_kmps,v_err_kmps,sigma_profile,a_bar_kmps2_per_kpc,a_struct_kmps2_per_kpc,a_total_kmps2_per_kpc,v_bar_kmps,v_struct_kmps,v_model_kmps,beta_raw,beta_formula,beta_clipped,beta_mode
UGC04499,0.91,26.0,4.1,0.0,1009.9419780219781,0.0,1009.9419780219781,30.315791264619833,0.0,30.315791264619833,,616.7162729641401,616.7162729641401,formula
UGC04499,1.82,45.1,3.02,0.3991997835532064,708.6620879120879,135.2708805939697,843.9329685060577,35.91329837260844,15.690538635783822,39.19130008919103,,616.7162729641401,616.7162729641401,formula
UGC04499,2.73,57.0,2.97,0.5992725032357135,575.8611721611721,135.3776940239633,711.2388661851354,39.64972887675274,19.224492312813357,44.06452206350841,,616.7162729641401,616.7162729641401,formula
UGC04499,3.63,62.0,2.85,0.5608568435765727,540.7801928374655,95.28637527189413,636.0665681093597,44.30611808768626,18.59810587766872,48.05123975754398,,616.7162729641401,616.7162729641401,formula
UGC04499,4.55,66.9,2.75,0.644131810756718,446.4303516483517,87.30693837967604,533.7372900280277,45.06948080464207,19.931045372170672,49.279860690017436,,616.7162729641401,616.7162729641401,formula
UGC04499,5.45,70.6,2.86,0.7088225418162722,377.71561467889904,80.20961397833022,457.92522865722924,45.371247503237115,20.907950549537365,49.956906391227825,,616.7162729641401,616.7162729641401,formula
UGC04499,6.37,72.8,2.66,0.7709099154106546,313.2623233908948,74.63621504288217,387.89853843377693,44.670807022036215,21.804419043468215,49.70828592722906,,616.7162729641401,616.7162729641401,formula
UGC04499,7.28,73.3,2.66,0.7449638109502575,288.89688186813186,63.10869573934136,352.00557760747324,45.86032381045734,21.434348718410018,50.62213552372525,,616.7162729641401,616.7162729641401,formula
UGC04499,8.18,74.3,2.67,0.7518075217498458,261.4874327628362,56.68116537896963,318.16859814180583,46.248969718254266,21.532578405754652,51.01587138136495,,616.7162729641401,616.7162729641401,formula
