galaxy,r_kpc,v_obs_kmps,v_err_kmps,sigma_profile,a_bar_kmps2_per_kpc,a_struct_kmps2_per_kpc,a_total_kmps2_per_kpc,v_bar_kmps,v_struct_kmps,v_model_kmps,beta_raw,beta_formula,beta_clipped,beta_mode
UGC06923,0.93,40.5,7.35,0.0,2849.6313978494622,0.0,2849.6313978494622,51.479677543667655,0.0,51.479677543667655,,1269.2053641186055,1269.2053641186055,formula
UGC06923,1.94,53.9,5.9,0.0,1708.528711340206,0.0,1708.528711340206,57.572091329045875,0.0,57.572091329045875,,1269.2053641186055,1269.2053641186055,formula
UGC06923,2.87,73.0,4.7,0.34856246105954714,1263.750975609756,154.14541648333093,1417.8963920930871,60.22429161061174,21.033243813239075,63.79155622264721,,1269.2053641186055,1269.2053641186055,formula
UGC06923,3.72,78.4,3.9,0.43931565626515146,1005.6108602150538,149.88757727769237,1155.4984374927462,61.16267162248556,23.6131697887644,65.56259747350632,,1269.2053641186055,1269.2053641186055,formula
UGC06923,4.47,79.3,5.3,0.467905055173403,825.8104921700223,132.85628767881323,958.6667798488355,60.75666959272866,24.369398965183674,65.46174841786839,,1269.2053641186055,1269.2053641186055,formula
UGC06923,5.16,81.1,5.1,0.5134914599054671,705.6989922480622,126.30351072502182,832.002502973084,60.34407013120677,25.528927030745194,65.5220032915746,,1269.2053641186055,1269.2053641186055,formula
