galaxy,r_kpc,v_obs_kmps,v_err_kmps,sigma_profile,a_bar_kmps2_per_kpc,a_struct_kmps2_per_kpc,a_total_kmps2_per_kpc,v_bar_kmps,v_struct_kmps,v_model_kmps,beta_raw,beta_formula,beta_clipped,beta_mode
UGCA442,0.42,14.2,1.91,1.0216426444007816,110.86976190476193,446.9295610112642,557.7993229160261,6.823877197019302,13.700745075532605,15.306067934800595,,183.73392756605978,183.73392756605978,formula
UGCA442,1.26,28.6,1.82,0.7765444865508532,228.9184126984127,113.2361654315536,342.1545781299663,16.983438992147615,11.944771594457448,20.76330340874875,,183.73392756605978,183.73392756605978,formula
UGCA442,2.11,41.0,1.74,0.7988273914189675,270.6552132701422,69.56004458424506,340.2152578543873,23.897332487120817,12.114936816705116,26.792801161370885,,183.73392756605978,183.73392756605978,formula
UGCA442,2.96,49.0,1.91,0.9059754583157537,229.48665540540543,56.23595582257247,285.7226112279779,26.06301018685294,12.901876965574214,29.08159089930973,,183.73392756605978,183.73392756605978,formula
UGCA442,3.79,54.8,2.05,1.033954141349595,179.02532981530342,50.124658394024806,229.14998820932823,26.048147726853824,13.783049565076446,29.469958522423372,,183.73392756605978,183.73392756605978,formula
UGCA442,4.65,56.4,3.12,1.1268977797710253,130.90447311827958,44.526743019957664,175.43121613823723,24.671963845628504,14.38920967401626,28.561427748675367,,183.73392756605978,183.73392756605978,formula
UGCA442,5.48,57.8,2.83,1.2678812249975087,90.46979927007298,42.509634517529086,132.97943378760206,22.265994251324148,15.262791263594591,26.994949474967708,,183.73392756605978,183.73392756605978,formula
UGCA442,6.33,56.5,0.65,1.370678650359536,62.14011058451817,39.78517722930546,101.92528781382363,19.832975066792173,15.8694729547488,25.40053290506921,,183.73392756605978,183.73392756605978,formula
