galaxy,r_kpc,v_obs_kmps,v_err_kmps,sigma_profile,a_bar_kmps2_per_kpc,a_struct_kmps2_per_kpc,a_total_kmps2_per_kpc,v_bar_kmps,v_struct_kmps,v_model_kmps,beta_raw,beta_formula,beta_clipped,use_dimension_proxy,d_eff_proxy,d_eff_boost,beta_mode
D564-8,0.51,8.54,1.53,0.28040422439222223,102.92254901960786,651.9003976737118,754.8229466933196,7.245032781154272,18.23373803731953,19.620389976083377,,641.0187552125847,1185.6782954473026,True,1.5,1.8496780098954972,formula
D564-8,1.02,15.1,1.41,0.5634452532687164,101.37696078431372,654.9654975230642,756.3424583073779,10.168800322555262,25.846949674449505,27.77533631611912,,641.0187552125847,1185.6782954473026,True,1.5,1.8496780098954972,formula
D564-8,1.53,19.8,1.8,0.7414030710302802,80.27692810457516,574.5526336592014,654.8295617637766,11.082585438425458,29.64903926771622,31.65263384773182,,641.0187552125847,1185.6782954473026,True,1.5,1.8496780098954972,formula
D564-8,2.04,21.9,1.82,0.8264481738386754,60.59906862745098,480.34395197675326,540.9430206042042,11.118547567016117,31.303381000022615,33.21932813939163,,641.0187552125847,1185.6782954473026,True,1.5,1.8496780098954972,formula
D564-8,2.56,24.0,1.89,0.9277740181615245,45.488828125,429.70371734923873,475.1925454742387,10.791264986089443,33.166873781139685,34.87825850603856,,641.0187552125847,1185.6782954473026,True,1.5,1.8496780098954972,formula
D564-8,3.07,25.0,2.05,0.9914429255531284,35.20654723127036,382.90956286746587,418.1161100987362,10.39635032114636,34.28603736221379,35.82759352793766,,641.0187552125847,1185.6782954473026,True,1.5,1.8496780098954972,formula
