galaxy,r_kpc,v_obs_kmps,v_err_kmps,sigma_profile,a_bar_kmps2_per_kpc,a_struct_kmps2_per_kpc,a_total_kmps2_per_kpc,v_bar_kmps,v_struct_kmps,v_model_kmps,beta_raw,beta_formula,beta_clipped,use_dimension_proxy,d_eff_proxy,d_eff_boost,beta_mode
F565-V2,1.26,21.7,10.0,0.7932904516256133,128.92857142857144,1259.191193056529,1388.1197644851004,12.745587471748802,39.831908104573984,41.82141680109877,,1242.0008577858744,2000.0,True,1.5,1.8496780098954972,formula
F565-V2,2.51,40.3,10.0,0.9746521652806908,163.88960159362549,776.6152711399927,940.5048727336182,20.2820832263355,44.150926723698355,48.586698082514125,,1242.0008577858744,2000.0,True,1.5,1.8496780098954972,formula
F565-V2,3.78,57.7,7.0,1.182443325205078,154.57275132275132,625.6313889973958,780.2041403201471,24.17198791990431,48.63010025087503,54.30627634454563,,1242.0008577858744,2000.0,True,1.5,1.8496780098954972,formula
F565-V2,5.03,68.5,7.0,1.2952498879869683,133.82355864811134,515.0098958198681,648.8334544679794,25.94479716629136,50.896952521481445,57.128209108757616,,1242.0008577858744,2000.0,True,1.5,1.8496780098954972,formula
F565-V2,6.29,73.5,7.0,1.224945652911346,139.71670906200316,389.4898737396967,529.2065828016998,29.644866334662396,49.496376693882276,57.694968635251826,,1242.0008577858744,2000.0,True,1.5,1.8496780098954972,formula
F565-V2,7.54,78.5,5.0,1.208600557989268,136.88976127320953,320.58370238442126,457.47346365763076,32.127072695781045,49.1650395705987,58.73116647895337,,1242.0008577858744,2000.0,True,1.5,1.8496780098954972,formula
F565-V2,8.8,83.1,6.0,1.2449653107705838,123.16982954545452,282.94666153876904,406.1164910842235,32.922553060174415,49.899204618321995,59.781478080933795,,1242.0008577858744,2000.0,True,1.5,1.8496780098954972,formula
