galaxy,r_kpc,v_obs_kmps,v_err_kmps,sigma_profile,a_bar_kmps2_per_kpc,a_struct_kmps2_per_kpc,a_total_kmps2_per_kpc,v_bar_kmps,v_struct_kmps,v_model_kmps,beta_raw,beta_formula,beta_clipped,use_dimension_proxy,d_eff_proxy,d_eff_boost,beta_mode
UGC07232,0.21,16.4,3.3,0.058026993742585554,1207.4638095238097,552.638035643672,1760.1018451674818,15.923799797786959,10.77283562880132,19.225539979027147,,1723.054434436079,2000.0,True,2.718836433260108,1.5660075499857642,formula
UGC07232,0.41,26.2,3.3,0.013493052048455037,1651.724146341464,65.81976609002457,1717.5439124314885,26.023199265270982,5.194815116720717,26.536635131397315,,1723.054434436079,2000.0,True,2.718836433260108,1.5660075499857642,formula
UGC07232,0.62,35.2,3.3,0.43536104835406875,1229.7937096774194,1404.3904785615123,2634.1841882389317,27.61289734888391,29.50800055422491,40.412797437298714,,1723.054434436079,2000.0,True,2.718836433260108,1.5660075499857642,formula
UGC07232,0.82,44.0,3.3,0.7887579547941588,918.9791463414634,1923.7998897418508,2842.779036083314,27.451100160102875,39.717954499046364,48.28124697631905,,1723.054434436079,2000.0,True,2.718836433260108,1.5660075499857642,formula
