galaxy,r_kpc,v_obs_kmps,v_err_kmps,sigma_profile,a_bar_kmps2_per_kpc,a_struct_kmps2_per_kpc,a_total_kmps2_per_kpc,v_bar_kmps,v_struct_kmps,v_model_kmps,beta_raw,beta_formula,beta_clipped,use_dimension_proxy,d_eff_proxy,d_eff_boost,beta_mode
UGC07866,0.33,12.2,4.07,0.3908976414259013,283.29242424242415,2369.076614702432,2652.369038944856,9.66884170932589,27.960602333494222,29.585161531615853,,1158.3752897592483,2000.0,True,2.0402332529240264,1.8429722991207487,formula
UGC07866,0.66,19.4,4.07,0.5499013979224155,282.73030303030305,1666.367872492168,1949.0981755224711,13.660234258606257,33.163274805797315,35.86648569130841,,1158.3752897592483,2000.0,True,2.0402332529240264,1.8429722991207487,formula
UGC07866,1.0,23.9,4.07,0.46072631786851803,324.5125,921.4526357370361,1245.965135737036,18.014230485924177,30.35543832226832,35.298231340069094,,1158.3752897592483,2000.0,True,2.0402332529240264,1.8429722991207487,formula
UGC07866,1.33,26.0,4.07,0.4597969488663772,289.15225563909775,691.42398325771,980.5762388968078,19.61052013588625,30.324806639659787,36.11324407655388,,1158.3752897592483,2000.0,True,2.0402332529240264,1.8429722991207487,formula
UGC07866,1.67,28.2,4.07,0.5148323045953299,249.3452095808383,616.5656342459041,865.9108438267424,20.40604077228113,32.08838745076885,38.02724167213104,,1158.3752897592483,2000.0,True,2.0402332529240264,1.8429722991207487,formula
UGC07866,2.0,30.6,4.07,0.5668374590017143,225.97984999999997,566.8374590017144,792.8173090017143,21.259343828067692,33.67008936732169,39.82002785035978,,1158.3752897592483,2000.0,True,2.0402332529240264,1.8429722991207487,formula
UGC07866,2.32,33.1,4.07,0.6353571693860762,203.86125000000004,547.7216977466175,751.5829477466175,21.747599867571594,35.64708036813327,41.75730401704775,,1158.3752897592483,2000.0,True,2.0402332529240264,1.8429722991207487,formula
