galaxy,r_kpc,v_obs_kmps,v_err_kmps,sigma_profile,a_bar_kmps2_per_kpc,a_struct_kmps2_per_kpc,a_total_kmps2_per_kpc,v_bar_kmps,v_struct_kmps,v_model_kmps,beta_raw,beta_formula,beta_clipped,use_dimension_proxy,d_eff_proxy,d_eff_boost,beta_mode
UGC00891,1.48,24.35,2.92,0.27057833825855154,296.3267567567567,365.6464030520967,661.9731598088533,20.941910132554764,23.26277448020986,31.300483646696307,,1234.0580192301165,2000.0,True,1.5,1.8496780098954972,formula
UGC00891,2.97,43.55,1.4,0.7282340960493168,243.70427609427608,490.3933306729406,734.0976067672167,26.903562961065212,38.16370254703589,46.693360257092586,,1234.0580192301165,2000.0,True,1.5,1.8496780098954972,formula
UGC00891,4.45,54.15,0.67,0.8677925814384377,198.90516853932587,390.0191377251406,588.9243062644664,29.751100819969672,41.660354809781396,51.192901489140816,,1234.0580192301165,2000.0,True,1.5,1.8496780098954972,formula
UGC00891,5.94,60.15,0.48,1.0403024481755854,135.8689057239057,350.2701845709041,486.1390902948098,28.40882433329475,45.61364813683697,53.73700955906619,,1234.0580192301165,2000.0,True,1.5,1.8496780098954972,formula
UGC00891,7.39,63.75,0.95,1.1725133869241606,96.76336941813263,317.32432663712063,414.0876960552533,26.741004094835333,48.42547649583142,55.31824358969039,,1234.0580192301165,2000.0,True,1.5,1.8496780098954972,formula
