galaxy,segment_index,r_left_kpc,r_right_kpc,r_mid_kpc,dr_kpc,h_i_kpc,v_obs_segment_kms,v_vis_segment_kms,v_err_segment_kms,mass_bar_segment_msun,n_points,density_ref_gal_msun_per_kpc3,segment_wedge_volume_eff_kpc3,segment_density_eff_msun_per_kpc3,alpha_geom_i,alpha_dens_i,Dw_i,sigma_i,beta_i,ell_info_kpc,c_info_gal,tau_struct_gal,S_i,I_int_i,eta_radius_term_i,eta_sigma_term_i,eta_dw_term_i,eta_obs_i,I_ext_i,DeltaD_i
DDO168,1,0.41,2.06,1.235,1.6500000000000001,1.24,29.560000000000002,22.801932483717632,1.8199999999999998,149296598.71170092,5,75300744.96280545,2.52681,59085011.817944735,2.3509089911554155,2.3250948245526186,2.338001907854017,0.10762250956485397,0.2219632202903082,1.9769999999999999,1.0,2.0,1411436.8717334084,1695138.329382244,0.5796946015699254,0.5,0.10799872809732196,0.6555728752246982,1111286.7084967091,0.34442712477530185
DDO168,2,2.47,4.12,3.295,1.65,1.24,53.36,28.378055993417775,2.06,616964743.3162987,5,75300744.96280545,6.7415699999999985,91516478.10766615,2.1608119839267066,2.2999468126516196,2.230379398289163,0.10762250956485397,0.0816557054410123,1.9769999999999999,1.0,2.0,804246.0719736515,1302136.844268526,0.2334596231707153,0.5,0.1797470678072246,0.5482197399704849,713857.122170879,0.45178026002951516
