galaxy,r_kpc,v_obs_kmps,v_err_kmps,sigma_profile,a_bar_kmps2_per_kpc,a_struct_kmps2_per_kpc,a_total_kmps2_per_kpc,v_bar_kmps,v_struct_kmps,v_model_kmps,beta_raw,beta_formula,beta_clipped,use_dimension_proxy,d_eff_proxy,d_eff_response,beta_mode
D512-2,0.96,22.9,2.71,0.23051123590603043,247.05093749999997,480.23174147089674,727.2826789708968,15.400288958328021,21.471433855522104,26.423311143989142,,1999.2359328047448,2000.0,True,2.671837157050672,1.3387673041966337,formula
D512-2,1.92,33.5,2.71,0.23065276524452372,254.36333333333334,240.2632971297122,494.62663046304556,22.099266956168478,21.478024361869213,30.8169292839025,,1999.2359328047448,2000.0,True,2.671837157050672,1.3387673041966337,formula
D512-2,2.88,37.2,4.19,0.2309655540726202,166.04725694444443,160.39274588376404,326.44000282820843,21.86815264259878,21.492582630880833,30.661820039672143,,1999.2359328047448,2000.0,True,2.671837157050672,1.3387673041966337,formula
D512-2,3.83,35.9,5.98,0.23093788948315266,122.36409921671016,120.5941981635262,242.95829738023636,21.64842950423887,21.491295423177853,30.504594391112715,,1999.2359328047448,2000.0,True,2.671837157050672,1.3387673041966337,formula
