galaxy,r_kpc,v_obs_kmps,v_err_kmps,sigma_profile,a_bar_kmps2_per_kpc,a_struct_kmps2_per_kpc,a_total_kmps2_per_kpc,v_bar_kmps,v_struct_kmps,v_model_kmps,beta_raw,beta_formula,beta_clipped,use_dimension_proxy,d_eff_proxy,d_eff_response,beta_mode
F574-2,2.17,12.6,10.0,-0.15968075759266045,249.60447004608295,-123.5803559774095,126.02411406867346,23.27319703006014,0.0,16.536998746115373,,1998.834610248757,1679.4094449067463,True,3.2887848780562834,0.8401942993661402,formula
F574-2,4.32,23.0,10.0,-0.1579473112791119,185.6308333333333,-61.402362583279256,124.22847075005404,28.318283846306787,0.0,23.16607419569042,,1998.834610248757,1679.4094449067463,True,3.2887848780562834,0.8401942993661402,formula
F574-2,6.49,30.0,8.0,-0.15841700709921736,215.61787365177193,-40.99337718894988,174.62449646282204,37.4080205303622,0.0,33.664714198158805,,1998.834610248757,1679.4094449067463,True,3.2887848780562834,0.8401942993661402,formula
F574-2,8.65,36.0,8.0,-0.15219037718342407,201.78452023121386,-29.54797189199567,172.2365483392182,41.77841667655681,0.0,38.59852514195636,,1998.834610248757,1679.4094449067463,True,3.2887848780562834,0.8401942993661402,formula
F574-2,10.83,40.0,8.0,-0.15014942036510118,195.07768236380423,-23.283689262089037,171.7939931017152,45.96402179966414,0.0,43.133849182417926,,1998.834610248757,1679.4094449067463,True,3.2887848780562834,0.8401942993661402,formula
