galaxy,r_kpc,v_obs_kmps,v_err_kmps,sigma_profile,a_bar_kmps2_per_kpc,a_struct_kmps2_per_kpc,a_total_kmps2_per_kpc,v_bar_kmps,v_struct_kmps,v_model_kmps,beta_raw,beta_formula,beta_clipped,use_dimension_proxy,d_eff_proxy,d_eff_response,beta_mode
NGC4051,1.74,121.0,14.8,-0.09601376414501797,16414.367816091955,-9.22144774772205,16405.146368344234,169.0,0.0,168.95252197265054,,293.7953585527113,167.114780093422,True,4.495935788274952,0.5688135473503033,formula
NGC4051,3.5,116.0,7.8,-0.0959032078234256,5499.653600000001,-4.5790981387615775,5495.074501861239,138.74,0.0,138.6822294186041,,293.7953585527113,167.114780093422,True,4.495935788274952,0.5688135473503033,formula
NGC4051,5.24,140.0,7.0,-0.08889095209548205,4373.411927480917,-2.834922120559426,4370.577005360358,151.38255678908322,0.0,151.33348442459214,,293.7953585527113,167.114780093422,True,4.495935788274952,0.5688135473503033,formula
NGC4051,6.98,160.0,6.6,-0.0951430059071214,4751.036361031519,-2.2779086689965244,4748.758452362523,182.10500761923052,0.0,182.06134679687065,,293.7953585527113,167.114780093422,True,4.495935788274952,0.5688135473503033,formula
NGC4051,8.72,161.0,5.2,-0.09597759526239642,4485.998497706421,-1.8393663676801422,4484.159131338742,197.78247369269096,0.0,197.74192176995203,,293.7953585527113,167.114780093422,True,4.495935788274952,0.5688135473503033,formula
NGC4051,10.47,154.0,7.4,-0.09591872042179443,3263.853610315186,-1.530987189124222,3262.322623126062,184.85818158794055,0.0,184.8148204666765,,293.7953585527113,167.114780093422,True,4.495935788274952,0.5688135473503033,formula
NGC4051,12.19,153.0,9.8,-0.09501436784890474,2471.136423297785,-1.3025681040841037,2469.833855193701,173.5602287391901,0.0,173.51447978428547,,293.7953585527113,167.114780093422,True,4.495935788274952,0.5688135473503033,formula
