galaxy,r_kpc,v_obs_kmps,v_err_kmps,sigma_profile,a_bar_kmps2_per_kpc,a_struct_kmps2_per_kpc,a_total_kmps2_per_kpc,v_bar_kmps,v_struct_kmps,v_model_kmps,beta_raw,beta_formula,beta_clipped,use_dimension_proxy,d_eff_proxy,d_eff_response,beta_mode
PGC51017,0.33,20.5,4.17,0.12960804360589312,430.4290909090909,523.1080497726804,953.5371406817712,11.918120657217731,13.138708324069933,17.738862884215113,,1998.5402481742046,1331.9054251748264,True,3.741408926588442,0.6664391304561457,formula
PGC51017,0.99,19.9,1.82,-0.12458309029311933,515.820707070707,-167.60898368328372,348.2117233874233,22.59784281740184,0.0,18.56689543659761,,1998.5402481742046,1331.9054251748264,True,3.741408926588442,0.6664391304561457,formula
PGC51017,1.65,19.3,1.69,-0.12908050671057975,337.2769090909091,-104.19577404371925,233.08113504718983,23.590398470564246,0.0,19.61081010126464,,1998.5402481742046,1331.9054251748264,True,3.741408926588442,0.6664391304561457,formula
PGC51017,2.31,18.8,1.9,-0.128137448269142,213.84744588744584,-73.8818019557268,139.96564393171906,22.22583181795453,0.0,17.98111891630415,,1998.5402481742046,1331.9054251748264,True,3.741408926588442,0.6664391304561457,formula
PGC51017,2.97,18.2,1.74,-0.12636722980279855,148.03168350168352,-56.66976395241124,91.36191954927227,20.967930274588383,0.0,16.47254992590214,,1998.5402481742046,1331.9054251748264,True,3.741408926588442,0.6664391304561457,formula
PGC51017,3.63,18.3,2.22,-0.11939246096344751,113.46831955922865,-43.8070155598318,69.66130399939685,20.29507329378241,0.0,15.901903455807124,,1998.5402481742046,1331.9054251748264,True,3.741408926588442,0.6664391304561457,formula
