galaxy,r_kpc,v_obs_kmps,v_err_kmps,sigma_profile,a_bar_kmps2_per_kpc,a_struct_kmps2_per_kpc,a_total_kmps2_per_kpc,v_bar_kmps,v_struct_kmps,v_model_kmps,beta_raw,beta_formula,beta_clipped,use_dimension_proxy,d_eff_proxy,d_eff_response,beta_mode
UGC04325,0.7,41.3,3.05,0.2916091824877791,639.9682857142857,418.41068212545963,1058.3789678397452,21.16548605631347,17.11395563532352,27.218840487570766,,1612.244040177622,1004.3835896700413,True,3.9441274549904533,0.6229724313692533,formula
UGC04325,1.4,68.7,3.07,0.29164717922073213,774.0649285714285,209.2326005591863,983.2975291306147,32.91946080967912,17.115070574872334,37.102783464086095,,1612.244040177622,1004.3835896700413,True,3.9441274549904533,0.6229724313692533,formula
UGC04325,2.09,83.8,3.05,0.29160202294393317,896.443875598086,140.1341084016619,1036.5779839997479,43.284728253738635,17.11374554442929,46.54511775212813,,1612.244040177622,1004.3835896700413,True,3.9441274549904533,0.6229724313692533,formula
UGC04325,2.79,88.7,3.05,0.2913752065462611,929.3171684587813,104.89336053468939,1034.2105289934707,50.91949430228073,17.1070884691634,53.71636041181293,,1612.244040177622,1004.3835896700413,True,3.9441274549904533,0.6229724313692533,formula
UGC04325,3.49,90.1,3.05,0.2908794427808137,885.3456733524355,83.71190226401576,969.0575756164512,55.58647677268276,17.09252874508085,58.15505944370975,,1612.244040177622,1004.3835896700413,True,3.9441274549904533,0.6229724313692533,formula
UGC04325,4.19,91.6,3.05,0.2909536214844816,751.2791646778044,69.74440161672602,821.0235662945304,56.10579025376971,17.094708034186546,58.65226971545162,,1612.244040177622,1004.3835896700413,True,3.9441274549904533,0.6229724313692533,formula
UGC04325,4.89,92.7,3.05,0.29113786571698363,631.2331288343557,59.79838336558251,691.0315121999382,55.558347707612754,17.100119726414153,58.13040593921306,,1612.244040177622,1004.3835896700413,True,3.9441274549904533,0.6229724313692533,formula
UGC04325,5.59,91.5,3.05,0.2912319331953111,522.9129516994633,52.32711529324727,575.2400669927106,54.06554725516056,17.102882052135314,56.70618991335295,,1612.244040177622,1004.3835896700413,True,3.9441274549904533,0.6229724313692533,formula
