galaxy,r_kpc,v_obs_kmps,v_err_kmps,sigma_profile,a_bar_kmps2_per_kpc,a_struct_kmps2_per_kpc,a_total_kmps2_per_kpc,v_bar_kmps,v_struct_kmps,v_model_kmps,beta_raw,beta_formula,beta_clipped,use_dimension_proxy,d_eff_proxy,d_eff_response,beta_mode
UGC07261,0.95,46.8,5.66,0.2015133710044174,825.6917894736841,232.83124522113943,1058.5230346948235,28.0072704846438,14.872447107321728,31.711147613419516,,1825.8285059533123,1097.6427115361676,True,4.092232930558511,0.601175142110655,formula
UGC07261,1.9,63.0,5.66,0.1948438297187055,1382.9231578947372,112.56258398870065,1495.4857418834379,51.25967225802366,14.624257573584076,53.30499891734856,,1825.8285059533123,1097.6427115361676,True,4.092232930558511,0.601175142110655,formula
UGC07261,2.86,66.8,5.66,0.19921676772848526,926.5596153846153,76.45763395558232,1003.0172493401976,51.47776704558969,14.787455261571054,53.55958675263435,,1825.8285059533123,1097.6427115361676,True,4.092232930558511,0.601175142110655,formula
UGC07261,3.81,69.6,5.66,0.2006666608607857,682.9812073490813,57.811101769590906,740.7923091186722,51.01135559853316,14.841169015348534,53.12644066509765,,1825.8285059533123,1097.6427115361676,True,4.092232930558511,0.601175142110655,formula
UGC07261,4.76,73.4,5.66,0.20144685042952354,479.0240546218488,46.453081331067864,525.4771359529167,47.750963341067795,14.86999217000073,50.012710055903625,,1825.8285059533123,1097.6427115361676,True,4.092232930558511,0.601175142110655,formula
UGC07261,5.72,74.7,5.66,0.20150380257204048,366.48141608391614,38.667688853150885,405.149104937067,45.78508163146594,14.872094009924192,48.139930206015286,,1825.8285059533123,1097.6427115361676,True,4.092232930558511,0.601175142110655,formula
UGC07261,6.67,76.1,5.66,0.20150963465316557,317.68107946026987,33.16125663888503,350.8423360991549,46.03186722261003,14.872309228272627,48.37477009538509,,1825.8285059533123,1097.6427115361676,True,4.092232930558511,0.601175142110655,formula
