galaxy,r_kpc,v_obs_kmps,v_err_kmps,sigma_profile,a_bar_kmps2_per_kpc,a_struct_kmps2_per_kpc,a_total_kmps2_per_kpc,v_bar_kmps,v_struct_kmps,v_model_kmps,beta_raw,beta_formula,beta_clipped,use_dimension_proxy,d_eff_proxy,d_eff_response,beta_mode
UGC08837,0.52,7.31,2.12,-0.1325601172349968,266.70192307692304,-315.68027188000434,0.0,11.776459569836767,0.0,0.0,,1998.4185155094965,1238.3343105120953,True,3.9637652207564313,0.6196571443376475,formula
UGC08837,1.05,14.6,2.05,-0.13074153989479786,282.31047619047615,-154.19212824848964,128.1183479419865,17.217026456389036,0.0,11.598459610615793,,1998.4185155094965,1238.3343105120953,True,3.9637652207564313,0.6196571443376475,formula
UGC08837,1.57,21.0,2.05,0.02189951028989697,274.7496178343949,17.273194251842103,292.02281208623697,20.76913334734986,5.207582450177059,21.412048360103057,,1998.4185155094965,1238.3343105120953,True,3.9637652207564313,0.6196571443376475,formula
UGC08837,2.09,28.1,2.06,0.0740918257634584,347.4413397129187,43.89973682840888,391.3410765413276,26.94721506946497,9.578645518619767,28.599000856172836,,1998.4185155094965,1238.3343105120953,True,3.9637652207564313,0.6196571443376475,formula
UGC08837,2.63,35.3,2.5,0.12841371110637184,359.70406844106463,60.46353779589672,420.1676062369614,30.757465760364585,12.610277729027555,33.24215402772823,,1998.4185155094965,1238.3343105120953,True,3.9637652207564313,0.6196571443376475,formula
UGC08837,3.15,43.0,3.38,0.1324900347925641,338.92168253968254,52.08474789986457,391.0064304395471,32.674199301589624,12.808862396191685,35.09516000653898,,1998.4185155094965,1238.3343105120953,True,3.9637652207564313,0.6196571443376475,formula
UGC08837,3.68,46.6,3.15,0.13254570909600988,306.6017663043478,44.60214654476743,351.2039128491152,33.590095266313256,12.811553351750293,35.95038802690096,,1998.4185155094965,1238.3343105120953,True,3.9637652207564313,0.6196571443376475,formula
UGC08837,4.2,48.0,3.0,0.1325464606110185,284.0139523809524,39.08019759799147,323.09414997894385,34.53778510559124,12.811589671526487,36.83741888232079,,1998.4185155094965,1238.3343105120953,True,3.9637652207564313,0.6196571443376475,formula
