galaxy,r_kpc,v_obs_kmps,v_err_kmps,sigma_profile,a_bar_kmps2_per_kpc,a_struct_kmps2_per_kpc,a_total_kmps2_per_kpc,v_bar_kmps,v_struct_kmps,v_model_kmps,beta_raw,beta_formula,beta_clipped,use_dimension_proxy,d_eff_proxy,d_eff_response,beta_mode
UGC06399,0.87,24.8,6.5,0.2165867342006746,485.8862068965518,333.88823590711706,819.7744428036689,20.560179960301905,17.043554947228348,26.705875107159322,,1999.2443268297752,1341.1844742533963,True,3.7247700860106985,0.6708457071778355,formula
UGC06399,1.74,46.2,5.6,0.23377126619598396,630.157816091954,180.18988089000663,810.3476969819607,33.1130578473206,17.706789453444447,37.550033192376965,,1999.2443268297752,1341.1844742533963,True,3.7247700860106985,0.6708457071778355,formula
UGC06399,2.61,60.5,5.8,0.2352486601616001,559.1578927203066,120.88576651251016,680.0436592328167,38.202121668828816,17.76265325331921,42.12972763498064,,1999.2443268297752,1341.1844742533963,True,3.7247700860106985,0.6708457071778355,formula
UGC06399,3.5,69.6,3.9,0.23517981170750746,571.6930571428571,90.1198606056989,661.8129177485561,44.73170799332393,17.760053832124107,48.12842415994883,,1999.2443268297752,1341.1844742533963,True,3.7247700860106985,0.6708457071778355,formula
UGC06399,4.37,77.5,3.7,0.23533644924206826,511.3289702517162,72.22645124699872,583.555421498715,47.27057858753159,17.765967239342316,50.4988830762561,,1999.2443268297752,1341.1844742533963,True,3.7247700860106985,0.6708457071778355,formula
UGC06399,5.24,82.9,4.5,0.23538583247535597,454.924141221374,60.247294651747765,515.1714358731217,48.824199942241755,17.76783115563513,51.95669662300672,,1999.2443268297752,1341.1844742533963,True,3.7247700860106985,0.6708457071778355,formula
UGC06399,6.11,84.1,4.9,0.23538684965506196,400.7293780687397,51.668934239081416,452.39831230782113,49.48188052206585,17.767869545918764,52.57521933573637,,1999.2443268297752,1341.1844742533963,True,3.7247700860106985,0.6708457071778355,formula
UGC06399,6.98,85.6,4.9,0.23540249442586972,350.7052292263611,45.23182961669027,395.9370588430514,49.47648431325735,17.768459998674565,52.57034021883916,,1999.2443268297752,1341.1844742533963,True,3.7247700860106985,0.6708457071778355,formula
UGC06399,7.85,87.6,4.9,0.23542805704053033,295.3788535031847,40.22324266323596,335.60209616642067,48.1531307393403,17.769424720750028,51.32715124479832,,1999.2443268297752,1341.1844742533963,True,3.7247700860106985,0.6708457071778355,formula
