galaxy,r_kpc,v_obs_kmps,v_err_kmps,sigma_profile,a_bar_kmps2_per_kpc,a_struct_kmps2_per_kpc,a_total_kmps2_per_kpc,v_bar_kmps,v_struct_kmps,v_model_kmps,beta_raw,beta_formula,beta_clipped,use_dimension_proxy,d_eff_proxy,d_eff_response,beta_mode
UGC06973,1.74,170.0,4.7,-0.18924481575693375,73362.7196551724,-7.72284558594674,73354.99680958646,357.2829861608302,0.0,357.26418019258585,,124.8526666413089,71.00723613378551,True,4.497741013865705,0.5687282301929784,formula
UGC06973,2.61,174.0,4.2,-0.18924208146251748,35487.486819923375,-5.148489335194657,35482.33833058818,304.339186763716,0.0,304.31710934949933,,124.8526666413089,71.00723613378551,True,4.497741013865705,0.5687282301929784,formula
UGC06973,3.5,170.0,4.2,-0.18922247366424474,20743.083314285712,-3.8389042483702966,20739.244410037343,269.4453406537215,0.0,269.4204064935147,,124.8526666413089,71.00723613378551,True,4.497741013865705,0.5687282301929784,formula
UGC06973,4.37,170.0,4.3,-0.18898831063161795,13189.667688787187,-3.070832402641763,13186.596856384545,240.08091927514775,0.0,240.05296970127335,,124.8526666413089,71.00723613378551,True,4.497741013865705,0.5687282301929784,formula
UGC06973,5.32,171.0,4.8,-0.18727509546622298,9035.44296992481,-2.4996028055916013,9032.943367119218,219.24542549389713,0.0,219.21509690957475,,124.8526666413089,71.00723613378551,True,4.497741013865705,0.5687282301929784,formula
UGC06973,6.28,174.0,4.9,-0.17387187199244808,6502.534617834394,-1.965949215221511,6500.568668619173,202.07898802201083,0.0,202.04843785322473,,124.8526666413089,71.00723613378551,True,4.497741013865705,0.5687282301929784,formula
UGC06973,6.81,177.0,10.1,-0.13890760767151303,5493.380616740088,-1.4483766958458681,5491.9322400442425,193.41644707728452,0.0,193.39094744765404,,124.8526666413089,71.00723613378551,True,4.497741013865705,0.5687282301929784,formula
UGC06973,7.33,178.0,6.3,-0.07837224918306637,4698.368212824012,-0.7592082952357261,4697.609004528776,185.57758215905284,0.0,185.5625878327739,,124.8526666413089,71.00723613378551,True,4.497741013865705,0.5687282301929784,formula
UGC06973,7.85,180.0,7.7,0.012951492256399248,4074.1935923566884,0.11715282406815744,4074.3107451807564,178.83629301682586,0.9589836645819552,178.83886420369856,,124.8526666413089,71.00723613378551,True,4.497741013865705,0.5687282301929784,formula
