galaxy,r_kpc,v_obs_kmps,v_err_kmps,sigma_profile,a_bar_kmps2_per_kpc,a_struct_kmps2_per_kpc,a_total_kmps2_per_kpc,v_bar_kmps,v_struct_kmps,v_model_kmps,beta_raw,beta_formula,beta_clipped,use_dimension_proxy,d_eff_proxy,d_eff_response,beta_mode
UGC02023,0.76,15.1,8.69,-0.09871421103850554,405.7090789473684,-149.7988057148113,255.91027323255713,17.559581430091097,0.0,13.946031968152928,,1997.8604257590355,1153.2999265814742,True,4.347862813069115,0.5772675166451169,formula
UGC02023,1.51,28.0,8.69,-0.09824811324322681,677.7117880794701,-75.03943164912704,602.6723564303431,31.989760861875787,0.0,30.16679065147332,,1997.8604257590355,1153.2999265814742,True,4.347862813069115,0.5772675166451169,formula
UGC02023,2.27,37.6,8.69,-0.005103514241535992,625.9911894273127,-2.5928998238198093,623.3982896034929,37.69615364994153,0.0,37.618002570576884,,1997.8604257590355,1153.2999265814742,True,4.347862813069115,0.5772675166451169,formula
UGC02023,3.03,47.9,8.69,0.09905785657735659,520.4113531353136,37.70409858679326,558.1154517221069,39.70952530564927,10.688471299394669,41.12286248205472,,1997.8604257590355,1153.2999265814742,True,4.347862813069115,0.5772675166451169,formula
UGC02023,3.78,58.8,8.69,0.09916362938894407,453.8023544973545,30.255398543339084,484.05775304069357,41.41706049443876,10.694176288701328,42.775440459378345,,1997.8604257590355,1153.2999265814742,True,4.347862813069115,0.5772675166451169,formula
