galaxy,r_kpc,v_obs_kmps,v_err_kmps,sigma_profile,a_bar_kmps2_per_kpc,a_struct_kmps2_per_kpc,a_total_kmps2_per_kpc,v_bar_kmps,v_struct_kmps,v_model_kmps,beta_raw,beta_formula,beta_clipped,use_dimension_proxy,d_eff_proxy,d_eff_response,beta_mode
UGC07559,0.36,9.31,3.23,-0.10068736708495199,274.37027777777774,-362.51423138582237,0.0,9.938475738260871,0.0,0.0,,1998.4498119277846,1296.1419796466246,True,3.8149511127279743,0.6485736954266138,formula
UGC07559,0.72,15.9,3.23,-0.016118801812431933,356.85847222222225,-29.0170217926349,327.8414504295873,16.02928881766125,0.0,15.363783528457528,,1998.4498119277846,1296.1419796466246,True,3.8149511127279743,0.6485736954266138,formula
UGC07559,1.08,21.4,3.23,0.13158126582041657,310.6712962962963,157.91481700452172,468.58611330081806,18.317341510164624,13.059402833394929,22.49606637536624,,1998.4498119277846,1296.1419796466246,True,3.8149511127279743,0.6485736954266138,formula
UGC07559,1.45,26.1,3.23,0.1341362765718269,269.80758620689653,119.90321314361024,389.71079935050676,19.779307369066288,13.185585275528533,23.771425263501445,,1998.4498119277846,1296.1419796466246,True,3.8149511127279743,0.6485736954266138,formula
UGC07559,1.8,29.7,3.23,0.1342045856751436,233.48677777777777,96.63788741924202,330.1246651970198,20.500639014430746,13.188942237898976,24.376718346706056,,1998.4498119277846,1296.1419796466246,True,3.8149511127279743,0.6485736954266138,formula
UGC07559,2.17,31.1,3.23,0.13420586708570317,207.78700460829495,80.1612249975369,287.94822960583184,21.234354240240037,13.18900520299598,24.996952979206387,,1998.4498119277846,1296.1419796466246,True,3.8149511127279743,0.6485736954266138,formula
UGC07559,2.53,32.1,3.23,0.13420109534152588,201.5507509881423,68.75244007379872,270.30319106194105,22.581483565080486,13.18877073069021,26.150852249720483,,1998.4498119277846,1296.1419796466246,True,3.8149511127279743,0.6485736954266138,formula
