galaxy,r_kpc,v_obs_kmps,v_err_kmps,sigma_profile,a_bar_kmps2_per_kpc,a_struct_kmps2_per_kpc,a_total_kmps2_per_kpc,v_bar_kmps,v_struct_kmps,v_model_kmps,beta_raw,beta_formula,beta_clipped,use_dimension_proxy,d_eff_proxy,d_eff_response,beta_mode
UGC07577,0.19,3.74,3.17,-0.05733554951094279,79.16315789473684,-406.594881915394,0.0,3.8782728114458376,0.0,0.0,,1997.3790409485905,1347.3844451282484,True,3.7110801290902744,0.674576240916372,formula
UGC07577,0.38,5.4,3.17,-0.07905966097571046,109.1578947368421,-280.3256774625923,0.0,6.440496875241847,0.0,0.0,,1997.3790409485905,1347.3844451282484,True,3.7110801290902744,0.674576240916372,formula
UGC07577,0.57,7.31,3.17,-0.0790656511434435,135.10877192982457,-186.89794472738996,0.0,8.77564812421282,0.0,0.0,,1997.3790409485905,1347.3844451282484,True,3.7110801290902744,0.674576240916372,formula
UGC07577,0.75,8.85,3.17,-0.07908062783384012,175.18213333333333,-142.06934380572292,33.1127895276104,11.462399399776645,0.0,4.98343176392612,,1997.3790409485905,1347.3844451282484,True,3.7110801290902744,0.674576240916372,formula
UGC07577,0.94,10.7,3.17,-0.0790740681279408,181.16468085106382,-113.34379724319025,67.82088360787357,13.049704977508112,0.0,7.9844618222771375,,1997.3790409485905,1347.3844451282484,True,3.7110801290902744,0.674576240916372,formula
UGC07577,1.13,12.4,3.17,-0.07883396197276825,175.67300884955753,-93.99969390260159,81.67331494695594,14.089375429734279,0.0,9.606812472930875,,1997.3790409485905,1347.3844451282484,True,3.7110801290902744,0.674576240916372,formula
UGC07577,1.32,14.1,3.17,-0.07666285972697359,177.57856060606062,-78.25329145088867,99.32526915517195,15.310248201776483,0.0,11.450299353502816,,1997.3790409485905,1347.3844451282484,True,3.7110801290902744,0.674576240916372,formula
UGC07577,1.51,15.9,3.17,0.03912575690209166,160.38688741721853,34.91220943956789,195.29909685678643,15.562268472173328,7.260677396341715,17.172700319220258,,1997.3790409485905,1347.3844451282484,True,3.7110801290902744,0.674576240916372,formula
UGC07577,1.69,17.8,3.17,0.07905432123521443,132.58656804733727,63.027551924556036,195.6141199718933,14.969011323397414,10.320686157058535,18.182075314784605,,1997.3790409485905,1347.3844451282484,True,3.7110801290902744,0.674576240916372,formula
