galaxy,r_kpc,v_obs_kmps,v_err_kmps,sigma_profile,a_bar_kmps2_per_kpc,a_struct_kmps2_per_kpc,a_total_kmps2_per_kpc,v_bar_kmps,v_struct_kmps,v_model_kmps,beta_raw,beta_formula,beta_clipped,use_dimension_proxy,d_eff_proxy,d_eff_response,beta_mode
UGC10310,1.1,33.2,5.06,0.21492938975613787,422.49172727272725,263.6331039153711,686.1248311880984,21.557850078335733,17.029281086026746,27.472482856613237,,1999.1752535626617,1349.2636564777974,True,3.7098716890817354,0.6749101431069242,formula
UGC10310,2.21,54.6,5.06,0.2148683669387856,590.7111764705883,131.1828409218276,721.8940173924159,36.13131190532666,17.026863435091002,39.94228058633156,,1999.1752535626617,1349.2636564777974,True,3.7098716890817354,0.6749101431069242,formula
UGC10310,3.31,65.7,5.06,0.2149942098723888,515.948821752266,87.63863254802847,603.5874543002944,41.32542316782734,17.031848805516514,44.69758912664054,,1999.1752535626617,1349.2636564777974,True,3.7098716890817354,0.6749101431069242,formula
UGC10310,4.42,69.2,5.06,0.21500920913804855,419.25904977375563,65.63441441131286,484.8934641850685,43.04793839430641,17.032442916328908,46.29502253696398,,1999.1752535626617,1349.2636564777974,True,3.7098716890817354,0.6749101431069242,formula
UGC10310,5.52,70.9,5.06,0.21482784762613608,406.58922101449286,52.510762174147736,459.0999831886406,47.37480870673781,17.025257918789233,50.341155203285666,,1999.1752535626617,1349.2636564777974,True,3.7098716890817354,0.6749101431069242,formula
UGC10310,6.64,72.4,5.06,0.21477368533210098,360.1084939759036,43.642519275060614,403.75101325096426,48.8990838359984,17.02311158356199,51.77747317112339,,1999.1752535626617,1349.2636564777974,True,3.7098716890817354,0.6749101431069242,formula
UGC10310,7.74,73.2,5.06,0.2149554741153417,285.7251291989664,37.471784106561294,323.1969133055277,47.02672112746114,17.030314412387824,50.01543870631132,,1999.1752535626617,1349.2636564777974,True,3.7098716890817354,0.6749101431069242,formula
