galaxy,r_kpc,v_obs_kmps,v_err_kmps,v_gas_kmps,v_disk_kmps,v_bul_kmps,a_obs_kmps2_per_kpc,v_model_kmps,residual_kmps,abs_residual_kmps,frac_residual
F567-2,1.92,26.9,8.0,-8.25,24.52,0.0,376.8802083333333,25.87069577726892,1.0293042227310778,1.0293042227310778,0.03826409749929657
F567-2,3.83,46.8,5.0,-11.91,32.41,0.0,571.864229765013,36.52445161159641,10.275548388403585,10.275548388403585,0.21956299975221338
F567-2,5.75,47.6,5.0,-2.02,32.86,0.0,394.0452173913044,38.65677556060541,8.94322443939459,8.94322443939459,0.18788286637383594
F567-2,7.67,48.1,8.0,17.45,32.97,0.0,301.6440677966102,45.0263835248709,3.0736164751291,3.0736164751291,0.0639005504184844
F567-2,9.59,52.2,10.0,24.22,33.05,0.0,284.133472367049,49.946012471793026,2.2539875282069772,2.2539875282069772,0.04317983770511451
