galaxy,r_kpc,v_obs_kmps,v_err_kmps,v_gas_kmps,v_disk_kmps,v_bul_kmps,a_obs_kmps2_per_kpc,v_model_kmps,residual_kmps,abs_residual_kmps,frac_residual
UGC05414,0.68,20.5,2.47,1.03,19.12,0.0,618.0147058823529,19.147723102238555,1.3522768977614454,1.3522768977614454,0.0659647267200705
UGC05414,1.37,34.6,2.45,11.15,29.14,0.0,873.8394160583941,31.470972624873195,3.1290273751268067,3.1290273751268067,0.09043431720019672
UGC05414,2.05,46.0,2.45,16.87,32.19,0.0,1032.1951219512196,37.35530724036369,8.644692759636307,8.644692759636307,0.1879281034703545
UGC05414,2.74,51.8,2.46,20.26,33.36,0.0,979.2846715328466,41.286936575948104,10.513063424051893,10.513063424051893,0.20295489235621417
UGC05414,3.42,56.8,2.44,21.81,33.94,0.0,943.3450292397661,44.13966611047869,12.660333889521304,12.660333889521304,0.22289320228030465
UGC05414,4.11,61.4,2.44,23.37,34.3,0.0,917.265206812652,47.11226225221239,14.28773774778761,14.28773774778761,0.2326993118532184
