galaxy,r_kpc,v_obs_kmps,v_err_kmps,v_gas_kmps,v_disk_kmps,v_bul_kmps,a_obs_kmps2_per_kpc,v_model_kmps,residual_kmps,abs_residual_kmps,frac_residual
UGC00191,0.62,29.9,1.42,1.81,21.8,0.0,1441.9516129032256,21.87501085714016,8.024989142859837,8.024989142859837,0.26839428571437585
UGC00191,0.87,34.4,2.31,2.95,28.35,0.0,1360.183908045977,28.82196322696963,5.5780367730303695,5.5780367730303695,0.16215223177413865
UGC00191,1.12,46.3,2.05,4.13,31.91,0.0,1914.008928571428,32.96850678157334,13.331493218426658,13.331493218426658,0.2879372185405326
UGC00191,1.37,49.8,1.87,5.34,34.28,0.0,1810.2481751824812,36.16612668156284,13.63387331843716,13.63387331843716,0.27377255659512373
UGC00191,1.62,57.6,2.76,6.6,35.59,0.0,2048.0,38.54016349469822,19.05983650530178,19.05983650530178,0.3308999393281559
UGC00191,2.3,71.3,7.5,10.14,39.66,0.0,2210.3,46.402910854426274,24.897089145573723,24.897089145573723,0.3491877860529274
UGC00191,4.97,76.65,1.09,23.98,41.54,0.0,1182.1373239436623,64.12712517631651,12.522874823683495,12.522874823683495,0.16337736234420736
UGC00191,7.45,81.0,0.63,33.08,37.03,0.0,880.6711409395973,73.25985002719978,7.740149972800225,7.740149972800225,0.09555740707160772
UGC00191,9.98,83.85,1.04,33.72,31.94,0.0,704.4912324649298,78.30193816455738,5.54806183544261,5.54806183544261,0.06616650966538593
