galaxy,r_kpc,v_obs_kmps,v_err_kmps,v_gas_kmps,v_disk_kmps,v_bul_kmps,a_obs_kmps2_per_kpc,v_model_kmps,residual_kmps,abs_residual_kmps,frac_residual
UGC06818,0.87,23.4,5.55,3.13,27.44,0.0,629.3793103448276,27.61793801137225,-4.217938011372251,4.217938011372251,-0.18025376116975433
UGC06818,1.74,28.0,5.2,4.07,38.72,0.0,450.57471264367814,38.93331863584198,-10.933318635841978,10.933318635841978,-0.39047566556578495
UGC06818,2.61,36.7,4.25,7.08,40.85,0.0,516.0498084291188,41.45900264116348,-4.759002641163477,4.759002641163477,-0.129673096489468
UGC06818,3.5,47.6,4.25,10.56,41.42,0.0,647.36,43.07208804765763,4.527911952342372,4.527911952342372,0.09512420067946159
UGC06818,4.37,63.3,4.75,13.36,40.22,0.0,916.9084668192218,44.4959795579239,18.804020442076094,18.804020442076094,0.29706193431399835
UGC06818,5.24,71.2,5.25,17.35,39.25,0.0,967.4503816793894,48.24498432789181,22.955015672108196,22.955015672108196,0.3224019055071376
UGC06818,6.11,68.1,6.0,19.51,37.01,0.0,759.0196399345334,50.55064926783321,17.549350732166786,17.549350732166786,0.2576997170655916
UGC06818,6.98,74.4,6.0,20.91,34.75,0.0,793.0315186246419,52.69917045872112,21.700829541278885,21.700829541278885,0.29167781641503876
