galaxy,r_kpc,v_obs_kmps,v_err_kmps,v_gas_kmps,v_disk_kmps,v_bul_kmps,a_obs_kmps2_per_kpc,v_model_kmps,residual_kmps,abs_residual_kmps,frac_residual
UGC06923,0.93,40.5,7.35,9.26,50.64,0.0,1763.7096774193546,51.479677543667655,-10.979677543667655,10.979677543667655,-0.27110314922636186
UGC06923,1.94,53.9,5.9,16.49,55.16,0.0,1497.5309278350517,57.572091329045875,-3.6720913290458768,3.6720913290458768,-0.06812785397116655
UGC06923,2.87,73.0,4.7,21.98,56.07,0.0,1856.794425087108,61.2160177488595,11.7839822511405,11.7839822511405,0.16142441439918492
UGC06923,3.72,78.4,3.9,25.0,55.82,0.0,1652.3010752688174,64.15308760966934,14.246912390330664,14.246912390330664,0.18172082130523803
UGC06923,4.47,79.3,5.3,28.23,53.8,0.0,1406.821029082774,65.74304845705902,13.556951542940979,13.556951542940979,0.17095777481640578
UGC06923,5.16,81.1,5.1,30.82,51.88,0.0,1274.6531007751937,67.20860626352464,13.89139373647535,13.89139373647535,0.1712872223979698
