galaxy,r_kpc,v_obs_kmps,v_err_kmps,v_gas_kmps,v_disk_kmps,v_bul_kmps,a_obs_kmps2_per_kpc,v_model_kmps,residual_kmps,abs_residual_kmps,frac_residual
UGC07608,0.6,14.6,6.69,4.56,9.68,0.0,355.26666666666665,10.70028037015853,3.899719629841469,3.899719629841469,0.2671040842357171
UGC07608,1.19,31.5,6.69,6.39,13.08,0.0,833.8235294117648,16.07404070602087,15.42595929397913,15.42595929397913,0.4897129934596549
UGC07608,1.79,44.8,6.69,9.63,14.81,0.0,1121.2513966480444,22.038140607004433,22.761859392995564,22.761859392995564,0.5080772185936511
UGC07608,2.38,50.6,6.69,13.15,16.52,0.0,1075.781512605042,28.333103593527706,22.266896406472295,22.266896406472295,0.4400572412346303
UGC07608,2.99,55.6,6.69,14.93,16.97,0.0,1033.8996655518395,32.99882649365054,22.60117350634946,22.60117350634946,0.40649592637319176
UGC07608,3.59,61.4,6.69,18.09,16.51,0.0,1050.1281337047353,37.81674203778288,23.583257962217118,23.583257962217118,0.3840921492217772
UGC07608,4.18,66.0,6.69,21.26,16.39,0.0,1042.1052631578948,42.775021149979864,23.224978850020136,23.224978850020136,0.35189361893969906
UGC07608,4.78,69.3,6.69,24.12,16.26,0.0,1004.705020920502,47.496493255902685,21.803506744097312,21.803506744097312,0.31462491694224115
