galaxy,r_kpc,v_obs_kmps,v_err_kmps,v_gas_kmps,v_disk_kmps,v_bul_kmps,a_obs_kmps2_per_kpc,v_model_kmps,residual_kmps,abs_residual_kmps,frac_residual
UGC09992,0.78,28.1,5.66,6.39,20.31,0.0,1012.3205128205129,21.291505348377786,6.808494651622215,6.808494651622215,0.24229518333175143
UGC09992,1.55,31.3,5.66,10.35,23.49,0.0,632.0580645161291,26.53519255079821,4.76480744920179,4.76480744920179,0.15223026994254918
UGC09992,2.34,33.0,5.66,14.5,22.94,0.0,465.3846153846154,28.73564716617786,4.264352833822141,4.264352833822141,0.1292228131461255
UGC09992,3.12,33.4,5.66,17.55,22.52,0.0,357.55128205128204,30.721099564092416,2.6789004359075825,2.6789004359075825,0.08020659987747253
UGC09992,3.89,34.3,5.66,17.55,22.05,0.0,302.43958868894595,30.99197512968872,3.3080248703112787,3.3080248703112787,0.09644387377000813
