galaxy,r_kpc,v_obs_kmps,v_err_kmps,v_gas_kmps,v_disk_kmps,v_bul_kmps,a_obs_kmps2_per_kpc,v_model_kmps,residual_kmps,abs_residual_kmps,frac_residual
UGC07690,0.59,45.3,4.31,4.24,45.76,0.0,3478.118644067796,45.956013752282736,-0.656013752282739,0.656013752282739,-0.014481539785490927
UGC07690,1.18,59.8,4.31,11.75,48.85,0.0,3030.5423728813557,50.79029977602809,9.009700223971905,9.009700223971905,0.1506638833440118
UGC07690,1.77,60.7,4.31,15.81,45.2,0.0,2081.632768361582,49.725999873352414,10.974000126647589,10.974000126647589,0.18079077638628646
UGC07690,2.36,58.8,4.31,19.15,42.05,0.0,1465.0169491525423,49.45647355998642,9.343526440013576,9.343526440013576,0.15890351088458465
UGC07690,2.95,57.9,4.31,20.97,38.14,0.0,1136.4101694915253,48.29696403628671,9.603035963713289,9.603035963713289,0.1658555434147373
UGC07690,3.54,56.9,4.31,21.99,34.5,0.0,914.5790960451976,47.36142737234887,9.538572627651128,9.538572627651128,0.16763748027506375
UGC07690,4.13,55.9,4.31,22.39,31.16,0.0,756.6125907990315,46.62653215472569,9.273467845274311,9.273467845274311,0.16589387916412007
