galaxy,r_kpc,v_obs_kmps,v_err_kmps,v_gas_kmps,v_disk_kmps,v_bul_kmps,a_obs_kmps2_per_kpc,v_model_kmps,residual_kmps,abs_residual_kmps,frac_residual
UGC07577,0.19,3.74,3.17,-1.81,3.43,0.0,73.61894736842106,3.8782728114458376,-0.13827281144583736,0.13827281144583736,-0.03697133995878004
UGC07577,0.38,5.4,3.17,-1.88,6.16,0.0,76.73684210526316,6.440496875241847,-1.040496875241847,1.040496875241847,-0.19268460652626795
UGC07577,0.57,7.31,3.17,1.42,8.66,0.0,93.74754385964913,8.77564812421282,-1.4656481242128203,1.4656481242128203,-0.20049905939983864
UGC07577,0.75,8.85,3.17,4.71,10.45,0.0,104.42999999999999,11.462399399776645,-2.6123993997766455,2.6123993997766455,-0.29518637285611815
UGC07577,0.94,10.7,3.17,5.82,11.68,0.0,121.79787234042551,13.049704977508112,-2.3497049775081127,2.3497049775081127,-0.21959859602879558
UGC07577,1.13,12.4,3.17,6.52,12.49,0.0,136.070796460177,14.089375429734279,-1.6893754297342785,1.6893754297342785,-0.13623995401082892
UGC07577,1.32,14.1,3.17,7.99,13.06,0.0,150.61363636363635,15.310248201776483,-1.2102482017764835,1.2102482017764835,-0.08583320579975061
UGC07577,1.51,15.9,3.17,8.69,12.91,0.0,167.42384105960264,15.567866111500384,0.3321338884996159,0.3321338884996159,0.020888923805007287
UGC07577,1.69,17.8,3.17,9.12,11.87,0.0,187.47928994082844,15.02755979586701,2.772440204132991,2.772440204132991,0.15575506764792083
