galaxy,r_kpc,v_obs_kmps,v_err_kmps,sigma_profile,a_bar_kmps2_per_kpc,a_struct_kmps2_per_kpc,a_total_kmps2_per_kpc,v_bar_kmps,v_struct_kmps,v_model_kmps,beta_raw,beta_formula,beta_clipped,use_dimension_proxy,d_eff_proxy,d_eff_response,beta_cinfo_limit,beta_mode
UGC08837,0.52,7.31,2.12,-0.9437704942919785,266.70192307692304,-8911.80582328874,0.0,11.776459569836767,0.0,0.0,,3317.0067391866264,4910.239360244781,True,2.5020101587828987,1.4803223949580626,134496716120.29509,formula
UGC08837,1.05,14.6,2.05,-0.32698278599097513,282.31047619047615,-1529.108329424173,0.0,17.217026456389036,0.0,0.0,,3317.0067391866264,4910.239360244781,True,2.5020101587828987,1.4803223949580626,134496716120.29509,formula
UGC08837,1.57,21.0,2.05,0.02195108195740727,274.7496178343949,68.6529086797581,343.402526514153,20.76913334734986,10.381958708606975,23.219430798949837,,3317.0067391866264,4910.239360244781,True,2.5020101587828987,1.4803223949580626,134496716120.29509,formula
UGC08837,2.09,28.1,2.06,0.08319927997965494,347.4413397129187,195.46812406704657,542.9094637799653,26.94721506946497,20.21208498151854,33.68502307109389,,3317.0067391866264,4910.239360244781,True,2.5020101587828987,1.4803223949580626,134496716120.29509,formula
UGC08837,2.63,35.3,2.5,0.273782403002314,359.70406844106463,511.1548028001373,870.858871241202,30.757465760364585,36.66520327728132,47.857693544135216,,3317.0067391866264,4910.239360244781,True,2.5020101587828987,1.4803223949580626,134496716120.29509,formula
UGC08837,3.15,43.0,3.38,0.5463236791865015,338.92168253968254,851.6127088810482,1190.5343914207308,32.674199301589624,51.79362927016509,61.23874045875945,,3317.0067391866264,4910.239360244781,True,2.5020101587828987,1.4803223949580626,134496716120.29509,formula
UGC08837,3.68,46.6,3.15,0.6515036904998062,306.6017663043478,869.3040935969789,1175.9058599013267,33.590095266313256,56.5600483065289,65.78247155919944,,3317.0067391866264,4910.239360244781,True,2.5020101587828987,1.4803223949580626,134496716120.29509,formula
UGC08837,4.2,48.0,3.0,0.655049258114599,284.0139523809524,765.8211071651065,1049.8350595460588,34.53778510559124,56.71374304428731,66.40261478355688,,3317.0067391866264,4910.239360244781,True,2.5020101587828987,1.4803223949580626,134496716120.29509,formula
