galaxy,r_kpc,v_obs_kmps,v_err_kmps,sigma_profile,a_bar_kmps2_per_kpc,a_struct_kmps2_per_kpc,a_total_kmps2_per_kpc,v_bar_kmps,v_struct_kmps,v_model_kmps,beta_raw,beta_formula,beta_clipped,use_dimension_proxy,d_eff_proxy,d_eff_response,beta_cinfo_limit,beta_mode
UGC05999,3.48,46.2,5.0,0.24043107224618696,481.7158908045976,728.2142156689034,1209.930106473501,40.94351352778606,50.3406939813883,64.88880312139979,,6085.360362227038,10540.174557525286,True,1.9903452447191177,1.7320542959049896,71611303848.96753,formula
UGC05999,6.94,81.1,5.0,1.1169716225064368,309.2445100864553,1696.408627812692,2005.6531378991472,46.32663272891739,108.50380581813747,117.9797981733317,,6085.360362227038,10540.174557525286,True,1.9903452447191177,1.7320542959049896,71611303848.96753,formula
UGC05999,10.42,91.2,5.0,1.1754643823097344,245.6576295585413,1189.0210917176812,1434.6787212762224,50.59399667944805,111.30857907501218,122.26754383604111,,6085.360362227038,10540.174557525286,True,1.9903452447191177,1.7320542959049896,71611303848.96753,formula
UGC05999,13.89,97.7,5.0,1.3218441693724612,182.6917782577394,1003.0574717806162,1185.7492500383555,50.37448560531413,118.0358771011287,128.33572021472727,,6085.360362227038,10540.174557525286,True,1.9903452447191177,1.7320542959049896,71611303848.96753,formula
UGC05999,16.22,100.0,5.0,1.0976968092666999,205.08954993834774,713.3117127564462,918.401262694794,57.67627328460119,107.56354392130056,122.0510896342575,,6085.360362227038,10540.174557525286,True,1.9903452447191177,1.7320542959049896,71611303848.96753,formula
