galaxy,r_kpc,v_obs_kmps,v_err_kmps,sigma_profile,a_bar_kmps2_per_kpc,a_struct_kmps2_per_kpc,a_total_kmps2_per_kpc,v_bar_kmps,v_struct_kmps,v_model_kmps,beta_raw,beta_formula,beta_clipped,use_dimension_proxy,d_eff_proxy,d_eff_response,beta_cinfo_limit,beta_mode
UGC06923,0.93,40.5,7.35,-0.47756959392035125,2849.6313978494622,-4421.5706141529145,0.0,51.479677543667655,0.0,0.0,,12830.881447808904,8610.390450963294,True,3.7239454378697285,0.6710677271851551,161684946874.89252,formula
UGC06923,1.94,53.9,5.9,-0.1312932562656812,1708.528711340206,-582.7248453741743,1125.8038659660317,57.572091329045875,0.0,46.73392236881152,,12830.881447808904,8610.390450963294,True,3.7239454378697285,0.6710677271851551,161684946874.89252,formula
UGC06923,2.87,73.0,4.7,0.3836101787043374,1263.750975609756,1150.8827246021426,2414.633700211899,60.22429161061174,57.47202292949283,83.24661386271606,,12830.881447808904,8610.390450963294,True,3.7239454378697285,0.6710677271851551,161684946874.89252,formula
UGC06923,3.72,78.4,3.9,0.4951785609973595,1005.6108602150538,1146.1507400896262,2151.76160030468,61.16267162248556,65.29686633471326,89.4681683792253,,12830.881447808904,8610.390450963294,True,3.7239454378697285,0.6710677271851551,161684946874.89252,formula
UGC06923,4.47,79.3,5.3,0.5312592817672981,825.8104921700223,1023.3444847236602,1849.1549768936825,60.75666959272866,67.63394005020527,90.91602029738631,,12830.881447808904,8610.390450963294,True,3.7239454378697285,0.6710677271851551,161684946874.89252,formula
UGC06923,5.16,81.1,5.1,0.589675983306848,705.6989922480622,983.9807084937355,1689.6797007417977,60.34407013120677,71.25545913000403,93.37423229043266,,12830.881447808904,8610.390450963294,True,3.7239454378697285,0.6710677271851551,161684946874.89252,formula
