galaxy,segment_index,r_left_kpc,r_right_kpc,r_mid_kpc,dr_kpc,h_i_kpc,v_obs_segment_kms,v_vis_segment_kms,v_err_segment_kms,mass_bar_segment_msun,n_points,density_ref_gal_msun_per_kpc3,segment_wedge_volume_eff_kpc3,segment_density_eff_msun_per_kpc3,alpha_geom_i,alpha_dens_i,Dw_i,Dw_smooth_i,dDw_dr_i,propagation_source_i,causal_horizon_kpc,ell_info_kpc,c_info_gal,tau_struct_gal,propagation_term_i,delta_struct_i,DeltaD_i
NGC4183,1,0.87,4.37,2.62,3.5,9.99,74.28,55.05702458827953,6.24,1846572703.4668882,5,41664180.60558628,91.6083,20157264.172208067,2.597548134372131,2.161684623638417,2.379616379005274,2.3464240897480853,-0.01019363605560497,0.5,3.5,3.5,1.0,2.0,0.09217803529101923,0.4772398153410205,0.4772398153410205
NGC4183,2,5.24,7.85,6.545,2.6099999999999994,9.99,105.075,78.4315719271537,5.2,9361191609.134169,4,41664180.60558628,170.65367549999993,54854907.64676892,2.3720794246165147,2.2543841763652797,2.313231800490897,2.3064140682298357,-0.012675155294745333,0.5542555835401058,3.5,3.5,1.0,2.0,0.10206762935466966,0.5027024872677808,0.5027024872677808
NGC4183,3,8.72,12.31,10.515,3.59,9.99,112.2,83.77962206637491,5.72,17160333196.635647,5,41664180.60558628,377.11101149999996,45504725.85878243,2.2565920717138312,2.196195978672841,2.2263940251933363,2.246129121690291,-0.014747572259417863,0.5912934158260071,3.5,3.5,1.0,2.0,0.13221134347661695,0.566988849177408,0.566988849177408
NGC4183,4,13.12,16.03,14.575,2.910000000000002,9.99,109.25,72.17567239808223,4.925,17653461947.61814,4,41664180.60558628,423.70836750000035,41664180.60558628,2.227742644593442,2.1697804341798363,2.198761539386639,2.1880707152331405,-0.009528256222951281,0.4831309332984959,3.5,3.5,1.0,2.0,0.10097021497630543,0.5,0.5
NGC4183,5,16.95,21.02,18.985,4.07,9.99,110.8,64.2317986909034,7.359999999999999,18211696928.989456,5,41664180.60558628,771.9168105000002,23592823.32145745,2.174800032282976,2.1033131299559136,2.139056581119445,2.168909060253042,-0.004345046480747979,0.29886108798947203,3.5,3.5,1.0,2.0,0.07391312087969622,0.4226424462794788,0.4226424462794788
