galaxy,segment_index,r_left_kpc,r_right_kpc,r_mid_kpc,dr_kpc,h_i_kpc,v_obs_segment_kms,v_vis_segment_kms,v_err_segment_kms,mass_bar_segment_msun,n_points,density_ref_gal_msun_per_kpc3,segment_wedge_volume_eff_kpc3,segment_density_eff_msun_per_kpc3,alpha_geom_i,alpha_dens_i,Dw_i,Dw_smooth_i,dDw_dr_i,propagation_source_i,causal_horizon_kpc,ell_info_kpc,c_info_gal,tau_struct_gal,propagation_term_i,delta_struct_i,DeltaD_i
NGC4013,1,5.49,9.88,7.6850000000000005,4.390000000000001,1.6299999999999994,194.85714285714286,221.90782079557766,5.0,87989071370.68933,7,610229883.7962602,54.99155449999999,1600046992.1374807,2.071539041962746,2.372236701843596,2.221887871903171,2.186719233644811,-0.005935576292135517,0.5,4.42,4.42,1.0,2.0,0.07713934282199966,0.5,0.5
NGC4013,2,10.56,14.98,12.77,4.42,1.6299999999999994,182.0,180.49914362500803,7.142857142857143,96734375898.66878,7,610229883.7962602,92.00274199999997,1051429270.4305358,2.049675532137536,2.2534256586353676,2.1515505953864515,2.156536828199302,-0.006836035048678607,0.535252355106732,4.42,4.42,1.0,2.0,0.10249641419064043,0.570579131321991,0.570579131321991
NGC4013,3,15.68,20.79,18.235,5.109999999999999,1.63,166.25,144.67868483384245,5.125,88747170912.23474,8,610229883.7962602,151.88478549999996,584305864.6070561,2.036258161874177,2.1560858727423904,2.096172017308284,2.1138891446767327,-0.006765205005848818,0.5326605385231288,4.42,4.42,1.0,2.0,0.10875775140589408,0.5850427724952306,0.5850427724952306
NGC4013,4,21.48,25.2,23.34,3.719999999999999,1.6299999999999997,172.5,126.15143218923197,5.0,86362432811.85263,6,610229883.7962602,141.52442399999995,610229883.7962602,2.035453023653029,2.152436619017898,2.0939448213354632,2.08430546333732,-0.003479775828726328,0.36958530961535646,4.42,4.42,1.0,2.0,0.07185760196526707,0.48227567396004767,0.48227567396004767
NGC4013,5,25.9,31.01,28.455,5.110000000000003,1.63,177.5,114.36964773183456,6.125,86540580121.68549,8,610229883.7962602,237.01023150000012,365134363.9216919,2.026729381330184,2.0988697214062424,2.0627995513682134,2.0783721863518383,-0.0011599759502408313,0.16347930515022852,4.42,4.42,1.0,2.0,0.04113197972157988,0.34777644180332845,0.34777644180332845
