galaxy,segment_index,r_left_kpc,r_right_kpc,r_mid_kpc,dr_kpc,h_i_kpc,volume_kpc3,m_enc_inner_msun,m_enc_outer_msun,m_shell_msun,rho_eff_msun_per_kpc3,v_bar_segment_kms,v_obs_segment_kms,v_err_segment_kms,n_points,d_i,d_gal_mean,sigma_i,sigma_norm,beta_i,psi_i,g_bar_km2s2_per_kpc,g_topo_km2s2_per_kpc,g_eff_km2s2_per_kpc,v_eff_segment_kms,v_topo_segment_kms
NGC2683,1,2.89,14.43,8.66,11.54,0.35,219.77162204634766,33372527300.734028,93009804358.6125,59637277057.87848,271360226.14103276,205.08057127289626,195.8,7.4,5,3.157440283858982,3.1574402838589815,4.440892098500626e-16,2.820683493227383e-15,0.85,0.8230698045175031,4856.586687484698,1.5088878489629863e-12,4856.5866874847,205.08057127289626,0.0
NGC2683,2,17.31,34.62,25.964999999999996,17.31,0.35,988.4012990358113,90715075997.87022,83880670504.61414,1e-12,1.0117348095105734e-15,122.61999609272766,162.5,10.333333333333334,6,3.0,3.1574402838589815,-0.15744028385898146,-1.0,0.85,0.9944446841565493,579.0742708176602,-77.0636703192176,502.01060049844267,114.16963362445402,0.0
