galaxy,segment_index,r_left_kpc,r_right_kpc,r_mid_kpc,dr_kpc,h_i_kpc,volume_kpc3,m_enc_inner_msun,m_enc_outer_msun,m_shell_msun,rho_eff_msun_per_kpc3,v_bar_segment_kms,v_obs_segment_kms,v_err_segment_kms,n_points,d_i,d_gal_mean,sigma_i,sigma_norm,beta_i,psi_i,g_bar_km2s2_per_kpc,g_topo_km2s2_per_kpc,g_eff_km2s2_per_kpc,v_eff_segment_kms,v_topo_segment_kms
NGC3917,1,0.87,3.5,2.185,2.63,0.35,12.637323484440497,256941519.81789905,4466929045.248565,4209987525.4306655,333139175.4444005,54.43461988407375,62.125,4.35,4,3.1759066694063134,3.1570071859694764,0.018899483436837006,0.12037336584397632,0.85,0.3540285685893755,1356.1225821160626,7.712694279757215,1363.8352763958198,54.58919379258927,4.105147622348089
NGC3917,2,4.37,6.98,5.675000000000001,2.6100000000000003,0.35,32.57273949076604,7527602410.88514,19299466706.348194,11771864295.463055,361402340.7150089,99.36390463229996,118.75,3.7,4,3.1834920279371763,3.1570071859694764,0.026484841967699957,0.16868554011820103,0.85,0.6785778786656087,1739.7683777580266,26.57709092020797,1766.3454686782345,100.11998069690677,12.281082646582096
NGC3917,3,7.85,10.47,9.16,2.620000000000001,0.35,52.77699728842253,22627882215.624134,29501195560.47441,6873313344.850277,130233126.13425332,110.84518004828477,135.75,3.725,4,3.1000706641782902,3.1570071859694764,-0.056936521791186134,-0.3626364069874809,0.85,0.8399069387470199,1341.337766368632,-54.522929260160886,1286.814837108471,108.56898225512475,0.0
NGC3917,4,11.35,14.86,13.105,3.51,0.35,101.15609472904792,30919326875.010178,30479456559.193287,1e-12,9.885711806871886e-15,101.61509729949712,137.2,4.9,5,3.0,3.1570071859694764,-0.15700718596947638,-1.0,0.85,0.9272699036460912,787.9151468284065,-97.5043674243816,690.4107794040249,95.12009915937718,0.0
