galaxy,segment_index,r_left_kpc,r_right_kpc,r_mid_kpc,dr_kpc,h_i_kpc,volume_kpc3,m_enc_inner_msun,m_enc_outer_msun,m_shell_msun,rho_eff_msun_per_kpc3,v_bar_segment_kms,v_obs_segment_kms,v_err_segment_kms,n_points,d_i,d_gal_mean,sigma_i,sigma_norm,beta_i,psi_i,g_bar_km2s2_per_kpc,g_topo_km2s2_per_kpc,g_eff_km2s2_per_kpc,v_eff_segment_kms,v_topo_segment_kms
UGC04278,1,0.14,1.25,0.6950000000000001,1.1099999999999999,0.35,1.6965071568282921,638111.9344510816,235006661.38096362,234368549.44651255,138147692.7481265,17.252937366659097,22.345999999999997,5.018,5,3.1041265023578726,3.0793069742022596,0.024819528155612947,0.8987473968808214,0.85,0.12977197154174847,428.2933061551967,1.172558815237769,429.4658649704345,17.2765383151386,0.9027338348540359
UGC04278,2,1.52,2.63,2.075,1.1099999999999999,0.35,5.065111295566483,334206435.38227963,617872818.3105435,283666382.9282639,56003978.26925511,31.76649967257124,42.42,4.0,5,3.053365358719473,3.0793069742022596,-0.025941615482786506,-0.9393796384789409,0.85,0.33965971929501715,486.31831395058725,-3.64234110085172,482.67597284973556,31.647316531788302,0.0
UGC04278,3,2.91,4.01,3.46,1.0999999999999996,0.35,8.369831147693924,707221253.1766534,1157875880.4532065,450654627.27655315,53842738.2015608,33.98739353469354,55.120000000000005,6.544,5,3.0516912856987366,3.0793069742022596,-0.027615688503523028,-1.0,0.85,0.49942608058837223,333.8563350526382,-3.9138631886497985,329.94247186398843,33.78758577716673,0.0
UGC04278,4,4.29,5.4,4.845000000000001,1.1100000000000003,0.35,11.826729747961265,1268485384.953417,1924982712.9607458,656497328.0073287,55509624.55369357,36.39439984531107,75.44,4.0,5,3.052984492554216,3.0793069742022596,-0.026322481648043627,-0.9531712977094733,0.85,0.6205376892537824,273.3854159133908,-3.7956771401698592,269.5897387732209,36.14086723304043,0.0
UGC04278,5,5.68,6.69,6.1850000000000005,1.0100000000000007,0.35,13.737540647654189,2401349816.666705,4122672387.9365077,1721322571.2698026,125300635.34798233,48.335042283998504,89.08000000000001,10.664,5,3.0974718577745914,3.0793069742022596,0.018164883572331814,0.6577740609296943,0.85,0.7097463258749452,377.7326293606989,4.1394171919792395,381.87204655267817,48.59916262579341,5.059871078633506
