galaxy,segment_index,r_left_kpc,r_right_kpc,r_mid_kpc,dr_kpc,h_i_kpc,volume_kpc3,m_enc_inner_msun,m_enc_outer_msun,m_shell_msun,rho_eff_msun_per_kpc3,v_bar_segment_kms,v_obs_segment_kms,v_err_segment_kms,n_points,d_i,d_gal_mean,sigma_i,sigma_norm,beta_i,psi_i,g_bar_km2s2_per_kpc,g_topo_km2s2_per_kpc,g_eff_km2s2_per_kpc,v_eff_segment_kms,v_topo_segment_kms
UGCA281,1,0.09,1.08,0.5850000000000001,0.9900000000000001,0.35,1.2736173697285702,362351.223345757,94858101.19253834,94495749.96919258,74194771.69138424,15.975777276375263,22.114285714285717,1.78,7,3.0666004637672675,3.0666004637672675,0.0,0.0,0.85,0.11041480683658866,436.28283689632167,0.0,436.28283689632167,15.975777276375263,0.0
