r_kpc,v_obs_kmps,v_err_kmps,v_model_kmps,v_baryon_kmps,a_newton,sigma_profile,sigma_smoothed,sigma_transferred,beta_local,d_eff_local,cinfo_cap,eta_profile,projection_profile,a_struct_internal,a_struct_observed,a_struct,a_total,struct_to_bar_ratio,sigma_flip_severity
4.51,69.75,4.15,43.534984512553976,47.714166659389534,504.7986031042128,-44.61517114240863,-37.75912707349896,-30.310849207057473,94.37661971312957,2.219461644974995,0.48778465798999804,0.2,0.3498902399482109,-530.4729309694327,-185.6073011029255,-84.55583669438695,420.2427664098259,0.1675041019813022,3.732636701694293
9.01,97.7,1.63,45.84455064046251,52.33844953760094,304.030332963374,-34.21895409110877,-32.3640125767195,-27.97714876535453,103.97153542255887,2.3688047518611084,0.5475219007444434,0.24502804172036374,0.4165068556336873,-384.8032185960894,-160.2731786151796,-70.7647587762562,233.2655741871178,0.23275558753139644,3.732636701694293
13.51,108.0,0.99,44.5614954732347,51.56691284147229,196.82801628423388,-20.73116784916013,-26.968898079940047,-24.24451206366024,109.93115769614924,2.4685669600339506,0.5874267840135803,0.28632754817517947,0.44378385236261364,-216.65627068580562,-96.14855444346402,-49.84601193107943,146.98200435315445,0.2532465289854783,3.732636701694293
18.01,107.5,2.32,38.199882360585825,45.99207866578766,117.44982232093282,-17.63959865851134,-21.573783583160587,-21.600453546209305,108.26317776839308,2.4400206170640923,0.576008246825637,0.2741846757285802,0.38385854611135634,-152.32363987626164,-58.47073094129161,-36.42644573222679,81.02337658870604,0.31014474958243154,3.732636701694293
