r_kpc,v_obs_kmps,v_err_kmps,v_model_kmps,v_baryon_kmps,a_newton,sigma_profile,sigma_smoothed,sigma_transferred,beta_local,d_eff_local,cinfo_cap,eta_profile,projection_profile,a_struct_internal,a_struct_observed,a_struct,a_total,struct_to_bar_ratio,sigma_flip_severity
0.93,40.5,7.35,46.678648335204365,51.479677543667655,2849.6313978494622,-1129.8046401081747,-920.3551449342128,-611.5053438614249,93.31335115602616,2.203625798919827,0.4814503195679308,0.2,0.34743899820281765,-50569.97280468096,-17569.980690402084,-506.73224687991694,2342.899150969545,0.17782378705622548,111.48141808293241
1.94,53.9,5.9,49.99728614008713,57.572091329045875,1708.528711340206,-817.4641351751063,-749.1367773425445,-560.2384592358922,100.41034772697739,2.3119152946351864,0.5247661178540746,0.22290286666222903,0.39552299373298383,-35731.921888943725,-14132.796717348157,-420.0088034155933,1288.5199079246127,0.2458306966852957,111.48141808293241
2.87,73.0,4.7,52.2065867420549,60.22429161061174,1263.750975609756,-394.8976691714338,-564.8302754274364,-464.873181583264,103.98050054656218,2.368950376612751,0.5475801506451005,0.24508600631600086,0.4083816827757517,-18600.30499706613,-7596.02385484409,-314.0897563568982,949.6612192528579,0.2485376964439935,111.48141808293241
3.72,78.4,3.9,52.7119982395963,61.16267162248556,1005.6108602150538,-273.7128021498337,-373.68427491941304,-353.3917635003316,104.86267891957222,2.383342039855155,0.5533368159420621,0.25084795028269324,0.39318957809524924,-10991.329661943992,-4321.676272485556,-258.6875380615046,746.9233221535492,0.25724417694353785,111.48141808293241
4.47,79.3,5.3,52.48502934687816,60.75666959272866,825.8104921700223,-208.27213053263307,-245.00637539800334,-259.48568539047994,106.28414221876692,2.4067963324919712,0.5627185329967885,0.2603802940783789,0.38542338905504464,-6754.4965914671775,-2603.340967644027,-209.5513634132747,616.2591287567476,0.25375236255793554,111.48141808293241
5.16,81.1,5.1,52.10196840259889,60.34407013120677,705.6989922480622,-174.07463756805802,-200.8417690773282,-209.67800030772372,101.68311657542496,2.3320338027686116,0.5328135211074447,0.23060889616416894,0.32285245489798636,-4811.229497130726,-1553.3172542262591,-179.6107923594162,526.0881998886459,0.2545147355067792,111.48141808293241
