r_kpc,v_obs_kmps,v_err_kmps,v_model_kmps,v_baryon_kmps,a_newton,sigma_profile,sigma_smoothed,sigma_transferred,beta_local,d_eff_local,cinfo_cap,eta_profile,projection_profile,a_struct_internal,a_struct_observed,a_struct,a_total,struct_to_bar_ratio,sigma_flip_severity
3.48,46.2,5.0,37.416757244237296,40.94351352778606,481.7158908045976,-49.84721986073477,-40.35296888511949,-26.17614812750381,91.63984788623397,2.1789526028533777,0.4715810411413511,0.2,0.32790372317239697,-568.2125676923188,-186.31901649965897,-79.41309693270566,402.30279387189194,0.1648546341289759,8.315520479402101
6.94,81.1,5.0,41.217016397794914,46.32663272891739,309.2445100864553,-34.01415868098795,-31.782424210220587,-23.008014523338197,98.3415970137169,2.2796923596024588,0.5118769438409836,0.21083031125188706,0.36753624423548725,-391.21597607627723,-143.78605053199516,-64.45453303514479,244.78997705131053,0.2084257955529276,8.315520479402101
10.42,91.2,5.0,46.00452229997037,50.59399667944805,245.6576295585413,-18.209026162405166,-19.890424729008537,-16.567949994420232,99.56785014423541,2.2987227701738444,0.5194891080695379,0.21792002259593016,0.3518427590987787,-181.16240029640497,-63.74067876524453,-42.54668214506043,203.11094741348086,0.17319503661058233,8.315520479402101
13.89,97.7,5.0,46.86399532906371,50.37448560531413,182.6917782577394,-6.994496486240267,-7.998425247796487,-8.25242951501813,99.54660063080253,2.298391496903979,0.5193565987615916,0.21779561680104967,0.3236854803532931,-76.56242541177619,-24.78214544642395,-24.575575363390566,158.11620289434885,0.1345193286625063,8.315520479402101
16.22,100.0,5.0,55.906804520820195,57.67627328460119,205.08954993834774,9.612777545325477,0.7269619974661992,-2.1268315033973515,93.26742208487907,2.2029445976994624,0.48117783907978495,0.2,0.25678005985785946,-27.8675199929857,-7.1558234518889625,-12.390980781183622,192.69856915716412,0.06041741661098038,8.315520479402101
