galaxy,r_kpc,v_obs_kmps,v_err_kmps,sigma_profile,a_bar_kmps2_per_kpc,a_struct_kmps2_per_kpc,a_total_kmps2_per_kpc,v_bar_kmps,v_struct_kmps,v_model_kmps,beta_raw,beta_formula,beta_clipped,use_dimension_proxy,d_eff_proxy,d_eff_response,beta_cinfo_limit,beta_mode
D512-2,0.96,22.9,2.71,0.7900775671520189,247.05093749999997,5239.638678442259,5486.6896159422595,15.400288958328021,70.92286747801846,72.57562973412335,,3626.9816287969197,6366.530756513348,True,1.8991997728186538,1.7553247874114941,85079336628.87595,formula
D512-2,1.92,33.5,2.71,0.82850664564071,254.36333333333334,2747.246375753795,3001.609709087128,22.099266956168478,72.62721970065553,75.91502250179002,,3626.9816287969197,6366.530756513348,True,1.8991997728186538,1.7553247874114941,85079336628.87595,formula
D512-2,2.88,37.2,4.19,1.058773953415934,166.04725694444443,2340.5267147978384,2506.573971742283,21.86815264259878,82.10186927602669,84.96430449675778,,3626.9816287969197,6366.530756513348,True,1.8991997728186538,1.7553247874114941,85079336628.87595,formula
D512-2,3.83,35.9,5.98,1.0078712340588891,122.36409921671016,1675.363762465008,1797.7278616817182,21.64842950423887,80.10395252570862,82.97769405232337,,3626.9816287969197,6366.530756513348,True,1.8991997728186538,1.7553247874114941,85079336628.87595,formula
