galaxy,r_kpc,v_obs_kmps,v_err_kmps,sigma_profile,a_bar_kmps2_per_kpc,a_struct_kmps2_per_kpc,a_total_kmps2_per_kpc,v_bar_kmps,v_struct_kmps,v_model_kmps,beta_raw,beta_formula,beta_clipped,use_dimension_proxy,d_eff_proxy,d_eff_response,beta_cinfo_limit,beta_mode
D564-8,0.51,8.54,1.53,0.32605712674062337,102.92254901960786,1866.803507520836,1969.726056540444,7.245032781154272,30.855628154935147,31.69479908179931,,1617.4541385406621,2919.947796733769,True,1.5956579219765965,1.80527393460953,54051407215.15746,formula
D564-8,1.02,15.1,1.41,0.7856635770322214,101.37696078431372,2249.1143438521635,2350.4913046364773,10.168800322555262,47.896728810318635,48.964284235851004,,1617.4541385406621,2919.947796733769,True,1.5956579219765965,1.80527393460953,54051407215.15746,formula
D564-8,1.53,19.8,1.8,1.1549159222627572,80.27692810457516,2204.1138579241087,2284.390786028684,11.082585438425458,58.07145772773305,59.119522178582315,,1617.4541385406621,2919.947796733769,True,1.5956579219765965,1.80527393460953,54051407215.15746,formula
D564-8,2.04,21.9,1.82,1.3500261148295274,60.59906862745098,1932.3557742791804,1992.9548429066315,11.118547567016117,62.78539463545267,63.762276304485304,,1617.4541385406621,2919.947796733769,True,1.5956579219765965,1.80527393460953,54051407215.15746,formula
D564-8,2.56,24.0,1.89,1.5931008284455843,45.488828125,1817.0981460915725,1862.5869742165726,10.791264986089443,68.20389471279793,69.05231823765533,,1617.4541385406621,2919.947796733769,True,1.5956579219765965,1.80527393460953,54051407215.15746,formula
D564-8,3.07,25.0,2.05,1.7495174130162794,35.20654723127036,1664.00635683526,1699.2129040665304,10.39635032114636,71.47376802355006,72.22592066207427,,1617.4541385406621,2919.947796733769,True,1.5956579219765965,1.80527393460953,54051407215.15746,formula
