galaxy,r_kpc,v_obs_kmps,v_err_kmps,sigma_profile,a_bar_kmps2_per_kpc,a_struct_kmps2_per_kpc,a_total_kmps2_per_kpc,v_bar_kmps,v_struct_kmps,v_model_kmps,beta_raw,beta_formula,beta_clipped,use_dimension_proxy,d_eff_proxy,d_eff_response,beta_cinfo_limit,beta_mode
F565-V2,1.26,21.7,10.0,1.0610014312979354,128.92857142857144,7473.632493522225,7602.561064950796,12.745587471748802,97.04007904900945,97.87352523454953,,4937.068433869613,8875.366860078926,True,1.6582808198968757,1.7976997845911007,47419897136.31193,formula
F565-V2,2.51,40.3,10.0,1.3699201057122834,163.88960159362549,4844.041237926143,5007.930839519769,20.2820832263355,110.2657857505882,112.11559395193257,,4937.068433869613,8875.366860078926,True,1.6582808198968757,1.7976997845911007,47419897136.31193,formula
F565-V2,3.78,57.7,7.0,1.7370297293767738,154.57275132275132,4078.5121944662656,4233.084945789017,24.17198791990431,124.16431087507587,126.49530068379016,,4937.068433869613,8875.366860078926,True,1.6582808198968757,1.7976997845911007,47419897136.31193,formula
F565-V2,5.03,68.5,7.0,1.9388224778451097,133.82355864811134,3421.0259975034983,3554.8495561516097,25.94479716629136,131.1783547977432,133.71945732556125,,4937.068433869613,8875.366860078926,True,1.6582808198968757,1.7976997845911007,47419897136.31193,formula
F565-V2,6.29,73.5,7.0,1.8129651782931209,139.71670906200316,2558.1448429093557,2697.861551971359,29.644866334662396,126.84924541320633,130.2672221316623,,4937.068433869613,8875.366860078926,True,1.6582808198968757,1.7976997845911007,47419897136.31193,formula
F565-V2,7.54,78.5,5.0,1.7837445134599461,136.88976127320953,2099.653440531832,2236.5432018050415,32.127072695781045,125.82283950702278,129.8596771196125,,4937.068433869613,8875.366860078926,True,1.6582808198968757,1.7976997845911007,47419897136.31193,formula
F565-V2,8.8,83.1,6.0,1.8487799916057606,123.16982954545452,1864.6137123948592,1987.7835419403139,32.922553060174415,128.09606031832035,132.259196916792,,4937.068433869613,8875.366860078926,True,1.6582808198968757,1.7976997845911007,47419897136.31193,formula
