galaxy,r_kpc,v_obs_kmps,v_err_kmps,sigma_profile,a_bar_kmps2_per_kpc,a_struct_kmps2_per_kpc,a_total_kmps2_per_kpc,v_bar_kmps,v_struct_kmps,v_model_kmps,beta_raw,beta_formula,beta_clipped,use_dimension_proxy,d_eff_proxy,d_eff_response,beta_cinfo_limit,beta_mode
UGC05918,0.56,16.9,3.93,1.5473521039548626,108.14285714285714,19249.146290973695,19357.289148116553,7.782030583337488,103.82447651178055,104.11571410188412,,3877.439271157898,6966.4311667615875,True,1.666199210733945,1.7966577113356674,52205508374.868225,formula
UGC05918,1.11,27.4,3.93,1.6952003617029785,123.71756756756754,10639.186156462292,10762.90372402986,11.718638999474297,108.67150792030607,109.30152393115635,,3877.439271157898,6966.4311667615875,True,1.666199210733945,1.7966577113356674,52205508374.868225,formula
UGC05918,1.67,33.5,3.93,1.7112580715337424,120.96479041916167,7138.539858625744,7259.504649044906,14.213064412715505,109.18498781382445,110.10618858131905,,3877.439271157898,6966.4311667615875,True,1.666199210733945,1.7966577113356674,52205508374.868225,formula
UGC05918,2.23,36.4,3.93,1.35425504247201,152.8036322869955,4230.638805211232,4383.442437498227,18.459471823429833,97.1304511243567,98.86898722866057,,3877.439271157898,6966.4311667615875,True,1.666199210733945,1.7966577113356674,52205508374.868225,formula
UGC05918,2.79,39.8,3.93,1.3460692606141471,147.21498207885304,3361.039014251656,3508.2539963305094,20.266469845535507,96.83645413666343,98.9344664399729,,3877.439271157898,6966.4311667615875,True,1.666199210733945,1.7966577113356674,52205508374.868225,formula
UGC05918,3.34,41.2,3.93,1.382336541122597,127.0841017964072,2883.2192703682244,3010.3033721646316,20.602448883567217,98.13232068503154,100.2716972182573,,3877.439271157898,6966.4311667615875,True,1.666199210733945,1.7966577113356674,52205508374.868225,formula
UGC05918,3.9,42.6,3.93,1.2952687152913722,126.94166666666666,2313.692396804374,2440.6340634710405,22.250224717966333,94.99158040340764,97.56266113394538,,3877.439271157898,6966.4311667615875,True,1.666199210733945,1.7966577113356674,52205508374.868225,formula
UGC05918,4.46,44.5,3.93,1.310226149276788,119.32717488789238,2046.5471483918914,2165.8743232797838,23.069442992842287,95.53847540037383,98.28427891493041,,3877.439271157898,6966.4311667615875,True,1.666199210733945,1.7966577113356674,52205508374.868225,formula
