galaxy,r_kpc,v_obs_kmps,v_err_kmps,sigma_profile,a_bar_kmps2_per_kpc,a_struct_kmps2_per_kpc,a_total_kmps2_per_kpc,v_bar_kmps,v_struct_kmps,v_model_kmps,beta_raw,beta_formula,beta_clipped,use_dimension_proxy,d_eff_proxy,d_eff_response,beta_cinfo_limit,beta_mode
UGC06628,1.1,26.9,8.27,-0.1646743751808047,776.5320909090908,-461.7146518282225,314.8174390808683,29.22644863817703,0.0,18.60911558857527,,3749.920857729063,3084.1842663948764,True,3.3244427700750983,0.8224664955362941,177179015438.92136,formula
UGC06628,2.2,38.0,8.27,0.036885287574865734,632.437818181818,51.7095561817506,684.1473743635686,37.30098122033789,10.66588128566277,38.79593050308049,,3749.920857729063,3084.1842663948764,True,3.3244427700750983,0.8224664955362941,177179015438.92136,formula
UGC06628,3.3,40.5,8.27,-0.12126227977354095,561.6196363636363,-113.33188344991778,448.2877529137186,43.05049128639533,0.0,38.462313822952346,,3749.920857729063,3084.1842663948764,True,3.3244427700750983,0.8224664955362941,177179015438.92136,formula
UGC06628,4.39,41.4,8.27,-0.2890630178308019,522.4674487471526,-203.0805493372166,319.386899409936,47.89187926987205,0.0,37.4447391286095,,3749.920857729063,3084.1842663948764,True,3.3244427700750983,0.8224664955362941,177179015438.92136,formula
UGC06628,5.5,42.3,8.27,-0.3455219295603036,460.87378181818184,-193.75514524441584,267.118636573766,50.34685491666784,0.0,38.32952518823724,,3749.920857729063,3084.1842663948764,True,3.3244427700750983,0.8224664955362941,177179015438.92136,formula
UGC06628,6.59,42.3,8.27,-0.4904028442660548,445.23449165402127,-229.51331357824932,215.72117807577195,54.16728994513201,0.0,37.70414517688124,,3749.920857729063,3084.1842663948764,True,3.3244427700750983,0.8224664955362941,177179015438.92136,formula
UGC06628,7.69,42.3,8.27,-0.5669293832953097,412.2184265279584,-227.37512147156625,184.84330505639215,56.30239515331475,0.0,37.702055857521295,,3749.920857729063,3084.1842663948764,True,3.3244427700750983,0.8224664955362941,177179015438.92136,formula
