galaxy,r_kpc,v_obs_kmps,v_err_kmps,sigma_profile,a_bar_kmps2_per_kpc,a_struct_kmps2_per_kpc,a_total_kmps2_per_kpc,v_bar_kmps,v_struct_kmps,v_model_kmps,beta_raw,beta_formula,beta_clipped,use_dimension_proxy,d_eff_proxy,d_eff_response,beta_cinfo_limit,beta_mode
UGC07690,0.59,45.3,4.31,-0.028641513440899696,3579.5850847457627,-423.8682371890356,3155.7168475567273,45.956013752282736,0.0,43.14942572107385,,11604.23332789615,8731.461082095504,True,3.481117971050665,0.7524375661341962,132208390447.50308,formula
UGC07690,1.18,59.8,4.31,0.3471335609343737,2139.3093220338988,2568.6298115150107,4707.939133548909,50.24325825421755,55.05436565421231,74.53434226977328,,11604.23332789615,8731.461082095504,True,3.481117971050665,0.7524375661341962,132208390447.50308,formula
UGC07690,1.77,60.7,4.31,0.472852536267438,1295.4780225988702,2332.5952079035524,3628.0732305024226,47.885238852907484,64.25491045818434,80.13544545324054,,11604.23332789615,8731.461082095504,True,3.481117971050665,0.7524375661341962,132208390447.50308,formula
UGC07690,2.36,58.8,4.31,0.48066016159565444,904.6292372881355,1778.3328367314375,2682.9620740195733,46.2052486196103,64.78321923682238,79.57254862505155,,11604.23332789615,8731.461082095504,True,3.481117971050665,0.7524375661341962,132208390447.50308,formula
UGC07690,2.95,57.9,4.31,0.5691682560463229,642.1696610169491,1684.634059943267,2326.803720960216,43.524711371817276,70.49588978679989,82.849689056946,,11604.23332789615,8731.461082095504,True,3.481117971050665,0.7524375661341962,132208390447.50308,formula
UGC07690,3.54,56.9,4.31,0.6579776746458181,472.82771186440675,1622.911429112333,2095.7391409767397,40.91222433454334,75.79648051893741,86.1331327600341,,11604.23332789615,8731.461082095504,True,3.481117971050665,0.7524375661341962,132208390447.50308,formula
UGC07690,4.13,55.9,4.31,0.7506948666155462,356.4788619854722,1587.085475153152,1943.564337138624,38.370010424809635,80.96087334251352,89.59308406558242,,11604.23332789615,8731.461082095504,True,3.481117971050665,0.7524375661341962,132208390447.50308,formula
