galaxy,r_kpc,v_obs_kmps,v_err_kmps,v_gas_kmps,v_disk_kmps,v_bul_kmps,a_obs_kmps2_per_kpc,v_model_kmps,residual_kmps,abs_residual_kmps,frac_residual
DDO170,1.87,27.7,3.0,8.68,18.19,0.0,410.3155080213903,20.154862936770375,7.545137063229625,7.545137063229625,0.2723876196111778
DDO170,3.36,42.4,1.5,15.07,19.75,0.0,535.047619047619,28.10940343342306,14.290596566576937,14.290596566576937,0.33704237185322966
DDO170,4.86,52.5,1.0,20.59,19.94,0.0,567.1296296296296,36.181200651694425,16.318799348305575,16.318799348305575,0.31083427330105856
DDO170,6.35,55.6,1.0,24.61,19.17,0.0,486.82834645669294,42.70556836920272,12.894431630797278,12.894431630797278,0.2319142379639798
DDO170,7.85,58.6,1.1,26.94,18.71,0.0,437.4471337579618,47.799613586978786,10.800386413021215,10.800386413021215,0.18430693537578866
DDO170,9.34,59.0,1.2,27.6,17.41,0.0,372.6980728051392,51.1276816088292,7.872318391170801,7.872318391170801,0.13342912527408138
DDO170,10.83,60.0,1.3,26.77,16.05,0.0,332.409972299169,53.350607247350496,6.649392752649504,6.649392752649504,0.1108232125441584
DDO170,12.33,62.2,1.0,24.9,15.01,0.0,313.77453365774534,55.1964747053138,7.003525294686206,7.003525294686206,0.11259686968948883
