galaxy,r_kpc,v_obs_kmps,v_err_kmps,v_gas_kmps,v_disk_kmps,v_bul_kmps,a_obs_kmps2_per_kpc,v_model_kmps,residual_kmps,abs_residual_kmps,frac_residual
UGC07866,0.33,12.2,4.07,3.43,9.04,0.0,451.03030303030295,9.66884170932589,2.53115829067411,2.53115829067411,0.2074719910388615
UGC07866,0.66,19.4,4.07,3.44,13.22,0.0,570.2424242424241,13.936858019856878,5.463141980143121,5.463141980143121,0.2816052567084083
UGC07866,1.0,23.9,4.07,5.29,17.22,0.0,571.2099999999999,18.595504135432098,5.304495864567901,5.304495864567901,0.22194543366392894
UGC07866,1.33,26.0,4.07,8.85,17.5,0.0,508.2706766917293,20.534742277227746,5.465257722772254,5.465257722772254,0.21020222010662515
UGC07866,1.67,28.2,4.07,11.12,17.11,0.0,476.19161676646706,21.752238600004258,6.447761399995741,6.447761399995741,0.22864402127644473
UGC07866,2.0,30.6,4.07,13.66,16.29,0.0,468.18000000000006,23.0763104040001,7.523689595999901,7.523689595999901,0.2458722090196046
UGC07866,2.32,33.1,4.07,14.34,16.35,0.0,472.2456896551725,24.129478258270264,8.970521741729737,8.970521741729737,0.271012741441986
