galaxy,r_kpc,v_obs_kmps,v_err_kmps,v_gas_kmps,v_disk_kmps,v_bul_kmps,a_obs_kmps2_per_kpc,v_model_kmps,residual_kmps,abs_residual_kmps,frac_residual
UGC10310,1.1,33.2,5.06,3.45,21.28,0.0,1002.0363636363637,21.557850078335733,11.64214992166427,11.64214992166427,0.35066716631518885
UGC10310,2.21,54.6,5.06,6.51,35.54,0.0,1348.9411764705883,38.97856140251052,15.62143859748948,15.62143859748948,0.28610693401995385
UGC10310,3.31,65.7,5.06,11.85,39.59,0.0,1304.0755287009065,47.754664178963395,17.945335821036608,17.945335821036608,0.27314057566265765
UGC10310,4.42,69.2,5.06,18.75,38.75,0.0,1083.4027149321269,53.42236855402696,15.777631445973043,15.777631445973043,0.22800045442157577
UGC10310,5.52,70.9,5.06,26.75,39.1,0.0,910.6539855072465,60.37292121585919,10.527078784140812,10.527078784140812,0.14847783898647124
UGC10310,6.64,72.4,5.06,30.8,37.98,0.0,789.4216867469881,64.4750413821608,7.924958617839209,7.924958617839209,0.10946075439004432
UGC10310,7.74,73.2,5.06,30.9,35.45,0.0,692.2790697674419,65.78009837491436,7.419901625085643,7.419901625085643,0.10136477629898419
