galaxy,r_kpc,v_obs_kmps,v_err_kmps,sigma_profile,a_bar_kmps2_per_kpc,a_struct_kmps2_per_kpc,a_total_kmps2_per_kpc,v_bar_kmps,v_struct_kmps,v_model_kmps,beta_raw,beta_formula,beta_clipped,use_dimension_proxy,d_eff_proxy,d_eff_boost,beta_mode
UGC10310,1.1,33.2,5.06,0.6964132706911642,422.49172727272725,959.7210980352792,1382.2128253080064,21.557850078335733,32.49143283757746,38.992744297353674,,1515.9004750025385,1515.9004750025385,False,,1.0,formula
UGC10310,2.21,54.6,5.06,0.6703725522393402,590.7111764705883,459.8271811621176,1050.5383576327058,36.13131190532666,31.878175455447256,48.18391609622738,,1515.9004750025385,1515.9004750025385,False,,1.0,formula
UGC10310,3.31,65.7,5.06,0.7396504483966414,515.948821752266,338.74213476142273,854.6909565136887,41.32542316782734,33.48486921073919,53.18859902328985,,1515.9004750025385,1515.9004750025385,False,,1.0,formula
UGC10310,4.42,69.2,5.06,0.7545519180736101,419.25904977375563,258.78407489182405,678.0431246655796,43.04793839430641,33.82049099321094,54.74441168760389,,1515.9004750025385,1515.9004750025385,False,,1.0,formula
UGC10310,5.52,70.9,5.06,0.6569464897804913,406.58922101449286,180.41041592563354,586.9996369401264,47.37480870673781,31.55733664157191,56.92308842560721,,1515.9004750025385,1515.9004750025385,False,,1.0,formula
UGC10310,6.64,72.4,5.06,0.642004587155592,360.1084939759036,146.5685329251462,506.6770269010498,48.8990838359984,31.19639496196589,58.002891812589574,,1515.9004750025385,1515.9004750025385,False,,1.0,formula
UGC10310,7.74,73.2,5.06,0.7109837875434991,285.7251291989664,139.24814744913363,424.9732766481,47.02672112746114,32.82956992189045,57.35235968341925,,1515.9004750025385,1515.9004750025385,False,,1.0,formula
