galaxy,segment_index,r_left_kpc,r_right_kpc,r_mid_kpc,dr_kpc,h_i_kpc,volume_kpc3,m_enc_inner_msun,m_enc_outer_msun,m_shell_msun,rho_eff_msun_per_kpc3,v_bar_internal_segment_kms,v_obs_segment_kms,v_err_segment_kms,n_points,r_max_gal_kpc,d_i,d_gal_mean,sigma_i,sigma_norm,beta_i,psi_i,density_ratio_i,thickness_visibility_i,radial_visibility_i,omega_i,sigma_desc_i,tau_i,v_desc_segment_kms,g_bar_internal_km2s2_per_kpc,g_desc_km2s2_per_kpc,g_transform_km2s2_per_kpc
DDO168,1,0.41,2.06,1.235,1.6500000000000001,0.35,4.481246300896821,16866166.694955252,368457030.25638765,351590863.5614324,78458276.9956361,22.801932483717632,29.560000000000002,1.8199999999999998,5,4.12,3.069502157470589,3.0498658113982784,0.019636346072310573,0.828792737652092,0.85,0.21885930646862362,0.4396449316696847,0.5,0.2997572815533981,0.21982246583484236,0.023559255070100198,0.0009634242504669206,22.812913806792295,420.99443319191687,421.4000294381655,0.4055962462486491
DDO168,2,2.47,4.12,3.295,1.65,0.35,11.956037701583012,460665386.16246337,752061340.5070091,291395954.3445458,24372284.666345954,28.378055993417775,53.36,2.06,5,4.12,3.026173101290877,3.0498658113982784,-0.02369271010740137,-1.0,0.85,0.48263155566197835,0.1959623458854164,0.5,0.799757281553398,0.0979811729427082,-0.028423593935897582,-0.0011425001446766757,28.361840393973882,244.40487464811974,244.12564204347453,-0.27923260464521604
