r_kpc,v_obs_kmps,v_err_kmps,v_model_kmps,a_newton,sigma_profile,beta_local,d_eff_local,cinfo_cap,a_struct,a_total
0.52,7.31,2.12,16.243734314448524,266.70192307692304,29.450100214251158,5.138020255411548,2.0543020731403026,0.2374773574381492,240.7190470738316,507.42097015075467
1.05,14.6,2.05,17.66897679208574,282.31047619047615,7.664471197592233,2.168927418873548,2.0277164397722927,0.19583580582459117,15.015943694537642,297.3264198850138
1.57,21.0,2.05,50.19207036904251,274.7496178343949,62.625830310040925,48.144934053125496,2.263548345651781,0.4982310984684283,1329.864349000583,1604.6139668349779
2.09,28.1,2.06,63.086483524584295,347.4413397129187,80.14570811949977,63.67133425626061,2.325285704443025,0.5565145736811559,1556.8191404294957,1904.2604801424145
2.63,35.3,2.5,30.096282596281025,359.70406844106463,-8.037412427581291,5.291345682139377,2.055504300941272,0.23930860681648264,-15.298659271784013,344.40540916928063
3.15,43.0,3.38,0.0,338.92168253968254,-50.57362108258746,62.27873460318386,2.3197466182057873,0.5515742512920849,-735.9545246810278,-397.03284214134527
3.68,46.6,3.15,0.0,306.6017663043478,-52.29307634164775,78.61451382361531,2.3856172053782387,0.6069244082756345,-814.9229975488832,-508.32123124453545
4.2,48.0,3.0,0.0,284.0139523809524,-43.43810369883731,79.94758276485373,2.391121182927787,0.6112276384042702,-632.1325088607189,-348.1185564797665
