r_kpc,v_obs_kmps,v_err_kmps,v_model_kmps,a_newton,sigma_profile,beta_local,d_eff_local,cinfo_cap,a_struct,a_total
0.7,41.3,3.05,63.884534780903095,639.9682857142857,191.56663265306116,26.586216575879956,2.173236944224594,0.3988993081394778,5190.365691674881,5830.333977389168
1.4,68.7,3.07,83.94820514846397,774.0649285714285,184.51481286604343,44.82825787149714,2.2502172844642745,0.48467293304244885,4259.721605463281,5033.786534034709
2.09,83.8,3.05,70.51616965325574,896.443875598086,111.69225891176464,34.24514465875682,2.206603070397155,0.4377029838978197,1482.7571686922238,2379.2010442903097
2.79,88.7,3.05,50.78512710805685,929.3171684587813,-7.927287318321823,1.752551007578799,2.023246094466355,0.18861378574795998,-4.898123519179023,924.4190449396024
3.49,90.1,3.05,0.0,885.3456733524355,-127.1700027006978,65.83535572488016,2.333910371951259,0.5640988028698412,-1893.8166364114031,-1008.4709630589676
4.19,91.6,3.05,0.0,751.2791646778044,-181.50896037005703,105.33173938140948,2.5030570739601563,0.6892085210648595,-3304.8211543421476,-2553.5419896643434
4.89,92.7,3.05,0.0,631.2331288343557,-163.11872355595798,116.38346041621487,2.5582333715702923,0.7216805356262992,-2892.650521714199,-2261.417392879843
5.59,91.5,3.05,0.0,522.9129516994633,-154.74311019270345,128.0453694939433,2.623241730162832,0.755613035493461,-2676.0548980914223,-2153.141946391959
