galaxy,segment_index,r_left_kpc,r_right_kpc,r_mid_kpc,dr_kpc,h_i_kpc,volume_kpc3,m_enc_inner_msun,m_enc_outer_msun,m_shell_msun,rho_eff_msun_per_kpc3,v_bar_internal_segment_kms,v_obs_segment_kms,v_err_segment_kms,n_points,r_max_gal_kpc,d_i,d_gal_mean,sigma_i,sigma_norm,beta_i,density_ratio_i,thickness_visibility_i,radial_visibility_i,omega_i,sigma_desc_i,a_i,psi_i,g_bar_internal_km2s2_per_kpc,g_scale_i,g_trans_km2s2_per_kpc,g_desc_km2s2_per_kpc,v_desc_segment_kms
UGCA281,1,0.09,1.08,0.5850000000000001,0.9900000000000001,0.35,1.2736173697285702,362351.223345757,94858101.19253834,94495749.96919258,74194771.69138424,15.975777276375263,22.114285714285717,1.78,7,1.08,3.0666004637672675,3.0666004637672675,0.0,0.0,1.0,0.425929957431977,0.5,0.5416666666666667,1.1567379804101843,0.0,0.5416666666666667,0.11041480683658866,436.28283689632167,436.58431425089736,0.0,436.28283689632167,15.975777276375263
