galaxy,segment_index,r_left_kpc,r_right_kpc,r_mid_kpc,dr_kpc,h_i_kpc,v_obs_segment_kms,v_vis_segment_kms,v_err_segment_kms,mass_bar_segment_msun,n_points,density_ref_gal_msun_per_kpc3,segment_wedge_volume_eff_kpc3,segment_density_eff_msun_per_kpc3,alpha_geom_i,alpha_dens_i,Dw_i,sigma_i,beta_i,ell_info_kpc,c_info_gal,tau_struct_gal,S_i,I_int_i,eta_sigma_term_i,eta_dw_term_i,eta_density_term_i,eta_flow_term_i,eta_transition_term_i,propagation_source_i,propagation_term_i,eta_obs_i,I_ext_i,DeltaD_i
UGC06667,1,0.87,3.5,2.185,2.63,7.93,49.525000000000006,14.461322096856858,3.5,106244653.66260938,4,5283780.848382281,45.5701415,2331453.231555346,2.6416196343184257,2.160575613510352,2.4010976239143886,0.10136600556891029,0.3769300308902104,3.0549999999999997,1.0,2.0,89079.91236576569,121113.69293927072,0.5,0.3980171019020729,0.4894672434910908,0.4984257284136852,0.5,0.09386135417949781,0.37029529284424795,0.5601858791877399,67846.18056085933,0.4398141208122602
UGC06667,2,4.37,7.85,6.109999999999999,3.4799999999999995,7.93,82.53999999999999,31.2656471036617,3.34,1388723225.6972206,5,5283780.848382281,168.614004,8236108.465209216,2.3091584530189575,2.290304783671999,2.2997316183454783,0.10136600556891029,0.13866480912462506,3.0549999999999997,1.0,2.0,115765.89897149563,140415.3543947599,0.5,0.5724345548100706,0.5101069407260398,0.5015644202966266,0.5,0.150694070982592,0.5853984061241492,0.665962619186353,93511.37718671428,0.33403738081364703
