galaxy,gamma_topo,n_points,n_segments,mean_Dw_i,mean_sigma_i,mean_beta_i,mean_info_source_i,mean_v_struct_kms,rmse_vis_only_kms,rmse_topo_kms,mae_vis_only_kms,mae_topo_kms,reduced_chi2_vis_only,reduced_chi2_topo,rmse_improvement_kms,mae_improvement_kms
NGC2403,1e-06,69,5,2.0267651575145913,0.016460408497649757,0.9275698047405566,0.03858429520907272,0.0002520788569356168,38.14020035207019,38.14020035195069,26.9481844126792,26.948184412640174,2117.2026111001674,2117.20261107821,1.1949907730013365e-10,3.90265597616235e-11
NGC2403,0.0001,69,5,2.0267651575145913,0.016460408497649757,0.9275698047405566,0.03858429520907272,0.002520788569356168,38.14020035207019,38.14020034012032,26.9481844126792,26.948184408776804,2117.2026111001674,2117.2026089043807,1.194986509744922e-08,3.902396628063798e-09
NGC2403,0.01,69,5,2.0267651575145913,0.016460408497649757,0.9275698047405566,0.03858429520907272,0.025207885693561683,38.14020035207019,38.14019915708987,26.9481844126792,26.948184022446437,2117.2026111001674,2117.2023915214722,1.1949803209176935e-06,3.9023276343641555e-07
NGC2403,1.0,69,5,2.0267651575145913,0.016460408497649757,0.9275698047405566,0.03858429520907272,0.2520788569356168,38.14020035207019,38.14008091979577,26.9481844126792,26.948145458388836,2117.2026111001674,2117.1806542001145,0.00011943227441690851,3.8954290364046074e-05
NGC2403,100.0,69,5,2.0267651575145913,0.016460408497649757,0.9275698047405566,0.03858429520907272,2.520788569356168,38.14020035207019,38.12887996838796,26.9481844126792,26.952867094069607,2117.2026111001674,2115.016263118208,0.0113203836822251,-0.004682681390406174
NGC2403,10000.0,69,5,2.0267651575145913,0.016460408497649757,0.9275698047405566,0.03858429520907272,25.20788569356168,38.14020035207019,38.622129492003296,26.9481844126792,30.05024181096735,2117.2026111001674,1939.434641402293,-0.4819291399331078,-3.1020573982881494
NGC2403,1000000.0,69,5,2.0267651575145913,0.016460408497649757,0.9275698047405566,0.03858429520907272,252.07885693561678,38.14020035207019,232.78668915503943,26.9481844126792,179.56336709634755,2117.2026111001674,31487.732154805857,-194.64648880296923,-152.61518268366834
