galaxy,r_kpc,v_obs_kmps,v_err_kmps,sigma_profile,a_bar_kmps2_per_kpc,a_struct_kmps2_per_kpc,a_total_kmps2_per_kpc,v_bar_kmps,v_struct_kmps,v_model_kmps,beta_raw,beta_formula,beta_clipped,use_dimension_proxy,d_eff_proxy,d_eff_boost,beta_mode
UGC02259,1.02,56.1,3.4,1.255991395695464,608.4106862745098,2054.4520769063906,2662.8627631809004,24.911421075482625,45.77708071125242,52.11640834175469,,1668.435887081998,1668.435887081998,False,,1.0,formula
UGC02259,2.04,71.1,3.0,1.0402169555633396,668.629411764706,850.7525975554196,1519.3820093201257,36.93242477823519,41.65975634846003,55.673506257582304,,1668.435887081998,1668.435887081998,False,,1.0,formula
UGC02259,3.05,80.7,1.5,1.0091375052704492,602.4601311475411,552.0266323913496,1154.4867635388907,42.866110157092635,41.03268488404842,59.33957051406436,,1668.435887081998,1668.435887081998,False,,1.0,formula
UGC02259,4.07,82.8,1.5,0.9366630328913546,527.1127764127764,383.9710609776417,911.083837390418,46.31791230182984,39.53178743971744,60.89426260477256,,1668.435887081998,1668.435887081998,False,,1.0,formula
UGC02259,5.09,83.7,1.5,0.9920516445093375,397.9710019646365,325.181643524183,723.1526454888195,45.007470491019596,40.68383666197291,60.66998405750649,,1668.435887081998,1668.435887081998,False,,1.0,formula
UGC02259,6.11,86.0,1.5,1.0236142735010298,334.5081669394435,279.51469532544775,614.0228622648913,45.20890288427712,41.325957804248,61.25095663284359,,1668.435887081998,1668.435887081998,False,,1.0,formula
UGC02259,7.13,88.3,2.3,1.0703416839684694,282.51199158485275,250.46233898636368,532.9743305712165,44.881070620028666,42.258685225321116,61.64500772141061,,1668.435887081998,1668.435887081998,False,,1.0,formula
UGC02259,8.14,90.0,3.0,1.17958167798927,219.38320638820636,241.7759709215847,461.15917730979106,42.25848198882681,44.362781735388275,61.268553951449675,,1668.435887081998,1668.435887081998,False,,1.0,formula
