galaxy,r_kpc,v_obs_kmps,v_err_kmps,sigma_profile,a_bar_kmps2_per_kpc,a_struct_kmps2_per_kpc,a_total_kmps2_per_kpc,v_bar_kmps,v_struct_kmps,v_model_kmps,beta_raw,beta_formula,beta_clipped,use_dimension_proxy,d_eff_proxy,d_eff_boost,beta_mode
UGC07232,0.21,16.4,3.3,0.058026993742585554,1207.4638095238097,476.1127089769364,1683.576518500746,15.923799797786959,9.999183410916945,18.802953727676847,,1723.054434436079,1723.054434436079,False,,1.0,formula
UGC07232,0.41,26.2,3.3,0.013493052048455037,1651.724146341464,56.705519917481155,1708.429666258945,26.023199265270982,4.821748973781948,26.466132380198044,,1723.054434436079,1723.054434436079,False,,1.0,formula
UGC07232,0.62,35.2,3.3,0.43536104835406875,1229.7937096774194,1209.9206208826101,2439.7143305600293,27.61289734888391,27.38888068080217,38.8924528018897,,1723.054434436079,1723.054434436079,False,,1.0,formula
UGC07232,0.82,44.0,3.3,0.7887579547941588,918.9791463414634,1657.4059654936677,2576.3851118351313,27.451100160102875,36.86560580954567,45.963417972391994,,1723.054434436079,1723.054434436079,False,,1.0,formula
