galaxy,segment_index,r_left_kpc,r_right_kpc,r_mid_kpc,dr_kpc,h_i_kpc,v_obs_segment_kms,v_vis_segment_kms,v_err_segment_kms,mass_bar_segment_msun,n_points,density_ref_gal_msun_per_kpc3,segment_wedge_volume_eff_kpc3,segment_density_eff_msun_per_kpc3,alpha_geom_i,alpha_dens_i,Dw_i,sigma_i,beta_i,ell_info_kpc,c_info_gal,tau_struct_gal,S_i,I_int_i,I_ext_i,DeltaD_i
NGC4183,1,0.87,4.37,2.62,3.5,9.99,74.28,55.05702458827953,6.24,1846572703.4668882,5,41664180.60558628,91.6083,20157264.172208067,2.597548134372131,2.161684623638417,2.379616379005274,0.06638457851437662,0.16309417061582226,3.5,1.0,2.0,218241.44489631613,340221.4642564531,289188.2446179851,0.1500000000000001
NGC4183,2,5.24,7.85,6.545,2.6099999999999994,9.99,105.075,78.4315719271537,5.2,9361191609.134169,4,41664180.60558628,170.65367549999993,54854907.64676892,2.3720794246165147,2.2543841763652797,2.313231800490897,0.07661117690596875,0.087346576903419,3.5,1.0,2.0,367073.90504997165,445491.5505917329,378667.8180029729,0.15000000000000008
NGC4183,3,8.72,12.31,10.515,3.59,9.99,112.2,83.77962206637491,5.72,17160333196.635647,5,41664180.60558628,377.11101149999996,45504725.85878243,2.2565920717138312,2.196195978672841,2.2263940251933363,0.05723513055212903,0.008392764894989373,3.5,1.0,2.0,21858.69536606532,163672.5691794837,139121.68380256114,0.15
NGC4183,4,13.12,16.03,14.575,2.910000000000002,9.99,109.25,72.17567239808223,4.925,17653461947.61814,4,41664180.60558628,423.70836750000035,41664180.60558628,2.227742644593442,2.1697804341798363,2.198761539386639,0.043668722036945606,0.0010095344421102595,3.5,1.0,2.0,1836.768690935852,53818.74218015456,45745.93085313137,0.15000000000000002
NGC4183,5,16.95,21.02,18.985,4.07,9.99,110.8,64.2317986909034,7.359999999999999,18211696928.989456,5,41664180.60558628,771.9168105000002,23592823.32145745,2.174800032282976,2.1033131299559136,2.139056581119445,0.05970495826719402,0.0023686115914218317,3.5,1.0,2.0,3336.44649622772,18333.90024375425,15583.815207191114,0.15
