galaxy,segment_index,r_left_kpc,r_right_kpc,r_mid_kpc,dr_kpc,h_i_kpc,v_obs_segment_kms,v_vis_segment_kms,v_err_segment_kms,mass_bar_segment_msun,n_points,density_ref_gal_msun_per_kpc3,segment_wedge_volume_eff_kpc3,segment_density_eff_msun_per_kpc3,alpha_geom_i,alpha_dens_i,Dw_i,sigma_i,beta_i,ell_info_kpc,c_info_gal,tau_struct_gal,S_i,I_int_i,I_ext_i,DeltaD_i
UGC01281,1,0.08,0.69,0.38499999999999995,0.61,11.31,7.756,7.517865646476006,4.0,5059289.0791038815,5,9546723.325059151,2.6561534999999994,1904742.733845722,3.5,2.195158531948089,2.847579265974044,0.08368643491270866,0.015711654335529516,2.0,1.0,2.0,2504.455436735594,824584.5620617756,700896.8777525092,0.15000000000000005
UGC01281,2,0.84,1.46,1.15,0.62,11.31,23.259999999999998,15.803338043385162,5.2059999999999995,66778267.22961664,5,9546723.325059151,8.064029999999999,8281004.315412598,3.5,2.3625314017735057,2.931265700886753,0.11197104237345967,0.021246089106140006,2.0,1.0,2.0,19700.068249672233,1206832.5426392453,1025807.6612433585,0.15
UGC01281,3,1.61,2.22,1.915,0.6100000000000001,11.31,37.14,21.642519103318925,4.880000000000001,208556650.21085298,5,9546723.325059151,13.211776500000003,15785662.905427815,3.129952180956751,2.452067921148333,2.791010051052542,0.13122739498233038,0.10886993444760118,2.0,1.0,2.0,225525.31262789402,1752370.1968804153,1489514.667348353,0.15000000000000002
UGC01281,4,2.38,3.07,2.7249999999999996,0.69,11.31,48.379999999999995,25.118562460484434,6.388,399756665.6176082,5,9546723.325059151,21.265627499999997,18798253.924912784,2.898197237586401,2.439424584257783,2.668810910922092,0.18851771137475026,0.4084178601600267,2.0,1.0,2.0,1447352.7679947338,2427467.316211533,2063347.2187798028,0.15000000000000005
UGC01281,5,3.46,4.99,4.225,1.5300000000000002,11.31,55.620000000000005,26.65534840303284,4.0,697967314.7328941,5,9546723.325059151,73.1106675,9546723.325059151,2.587673671026395,2.2402755855796883,2.4139746283030417,0.25483628261905045,0.7135012220964791,2.0,1.0,2.0,1735842.5065499244,2495178.0581213124,2120901.3494031155,0.15000000000000005
