galaxy,segment_index,r_left_kpc,r_right_kpc,r_mid_kpc,dr_kpc,h_i_kpc,v_obs_segment_kms,v_vis_segment_kms,v_err_segment_kms,mass_bar_segment_msun,n_points,density_ref_gal_msun_per_kpc3,segment_wedge_volume_eff_kpc3,segment_density_eff_msun_per_kpc3,alpha_geom_i,alpha_dens_i,Dw_i,sigma_i,beta_i,ell_info_kpc,c_info_gal,tau_struct_gal,S_i,I_int_i,I_ext_i,DeltaD_i
UGC04278,1,0.14,1.25,0.6950000000000001,1.1099999999999999,7.779999999999999,22.345999999999997,17.252937366659097,5.018,48100605.26856269,5,31383623.388630666,6.001880999999999,8014255.075794188,3.5,2.1710323032436505,2.8355161516218255,0.28927692971947927,0.31353504480973726,2.0,1.0,2.0,726880.5543283414,3262656.8830903205,2773258.3506267723,0.15000000000000005
UGC04278,2,1.52,2.63,2.075,1.1099999999999999,7.779999999999999,42.42,31.76649967257124,4.0,486851454.8092143,5,31383623.388630666,17.919284999999995,27169133.96986623,2.81282017153329,2.2796582722714023,2.546239221902346,0.20456881930033632,0.7976920972711736,2.0,1.0,2.0,4433538.900457814,5420202.54660344,4607172.164612924,0.1500000000000001
UGC04278,3,2.91,4.01,3.46,1.0999999999999996,7.779999999999999,55.120000000000005,33.98739353469354,6.544,929290429.4012578,5,31383623.388630666,29.610679999999984,31383623.388630666,2.5957813696082113,2.2569756564340944,2.426378513021153,0.08815240450134132,0.43380445274413143,2.0,1.0,2.0,1200138.1791641032,3643966.1021440825,3097371.1868224703,0.14999999999999997
UGC04278,4,4.29,5.4,4.845000000000001,1.1100000000000003,7.779999999999999,75.44,36.39439984531107,4.0,1492115874.9628184,5,31383623.388630666,41.84045100000001,35662040.90302034,2.488061185895786,2.2518076399035407,2.3699344128996636,0.041689639545345214,0.044163617525277636,2.0,1.0,2.0,65659.7120825961,1887911.2799215,1604724.587933275,0.15000000000000005
UGC04278,5,5.68,6.69,6.1850000000000005,1.0100000000000007,7.779999999999999,89.08000000000001,48.335042283998504,10.664,3359723638.347649,5,31383623.388630666,48.600493000000014,69129414.76432447,2.4353695144747296,2.3583696692630003,2.3968695918688647,0.026935178969201168,0.02173487997844676,2.0,1.0,2.0,40470.632522920314,995933.9687278895,846543.873418706,0.15000000000000005
