r_kpc,v_obs_kmps,v_err_kmps,v_model_kmps,v_baryon_kmps,a_newton,sigma_profile,sigma_smoothed,sigma_transferred,beta_local,d_eff_local,cinfo_cap,eta_profile,projection_profile,a_struct_internal,a_struct_observed,a_struct,a_total,struct_to_bar_ratio,sigma_flip_severity
0.76,15.1,8.69,18.20989837358105,17.559581430091097,405.7090789473684,362.67027884280225,81.01306859217834,0.8673573894171687,96.55398256600745,2.1345703946112904,0.5091875788268387,0.3134227303789051,0.2778972281442499,110.1931713898461,30.62237688966249,30.607235231776134,436.31631417914457,0.07544133670962862,1.0590647515706055
1.51,28.0,8.69,32.263081606818,31.989760861875787,677.7117880794701,145.88219237082404,58.206600389534856,0.7398098113564455,102.45923806177835,2.193694275997166,0.5659465049572792,0.3546358322297061,0.23168276749371947,50.19890700808568,11.63022170079316,11.63022170079316,689.3420097802633,0.01716101432082182,1.0590647515706055
2.27,37.6,8.69,37.819991328548795,37.69615364994153,625.9911894273127,-103.48712825273459,40.44420075274577,0.5784551605123065,104.31660965100863,2.252754188772023,0.6226440212211419,0.3973803550238187,0.15497778527941622,26.582590828094194,4.119711053526961,4.119711053526961,630.1109004808397,0.006581100697647299,1.0590647515706055
3.03,47.9,8.69,39.65138795401796,39.70952530564927,520.4113531353136,-114.0323410132174,-32.08985501581468,-0.4806095910582989,95.99960978305593,2.1988030452156493,0.5708509234070234,0.3582710625653192,0.1,-15.227172673132273,-1.5227172673132274,-1.5227172673132274,518.8886358680003,0.0029259877942901867,1.0590647515706055
3.78,58.8,8.69,41.32501429250756,41.41706049443876,453.8023544973545,-88.81199818394543,-61.26629348997949,-0.7615941559557649,100.00199797341917,2.170752230552212,0.5439221413301233,0.338456342271589,0.1,-20.148396095358805,-2.0148396095358807,-2.0148396095358807,451.7875148878186,0.004439905587804145,1.0590647515706055
