r_kpc,v_obs_kmps,v_err_kmps,v_model_kmps,v_baryon_kmps,a_newton,sigma_profile,sigma_smoothed,sigma_transferred,beta_local,d_eff_local,cinfo_cap,eta_profile,projection_profile,a_struct_internal,a_struct_observed,a_struct,a_total,struct_to_bar_ratio,sigma_flip_severity
1.48,24.35,2.92,20.613353817304482,20.941910132554764,296.3267567567567,-35.3171011157588,-20.885437636471707,-0.6353641655971485,93.13598710398333,2.1353827754760997,0.5099674644570557,0.31397831543144544,0.23072551662707916,-39.98328968472239,-9.225165168957739,-9.225165136904526,287.1015916198522,0.031131731867756352,0.12812777121051655
2.97,43.55,1.4,26.479033903775925,26.903562961065212,243.70427609427608,-32.80188155469052,-27.83385934539642,-0.7615941559557649,110.80933972308576,2.2618647614806013,0.6313901710213773,0.4041143514068803,0.26853886447077024,-28.414729144248856,-7.630459098641089,-7.630459098547133,236.07381699572895,0.03131032093701226,0.12812777121051655
4.45,54.15,0.67,29.215720854554867,29.751100819969672,198.90516853932587,-36.308205511909215,-33.22772642205478,-0.8317499743925169,124.64984886908091,2.37940523354062,0.7442290241989951,0.4943545954096213,0.3044985877225929,-23.298316540424526,-7.094304482873195,-7.094304482860223,191.81086405646565,0.03566676791056301,0.12812777121051655
5.94,60.15,0.48,28.176251306321028,28.40882433329475,135.8689057239057,-34.742108544623555,-26.164306198903017,-0.7352301499090649,120.44991753321463,2.3717200739910913,0.7368512710314477,0.4882637830333125,0.14860431872772747,-14.908823387959579,-2.2155155425997433,-2.2155155425997433,133.65339018130595,0.016306273540899415,0.12812777121051655
7.39,63.75,0.95,26.611617169105454,26.741004094835333,96.76336941813263,-26.969335383291785,-19.603929887964913,-0.6071023786985483,113.70621969510759,2.3527522082536314,0.7186421199234861,0.47334510053798695,0.1,-9.34117949251956,-0.934117949251956,-0.934117949251956,95.82925146888067,0.009653631893686145,0.12812777121051655
