galaxy,r_kpc,v_obs_kmps,v_err_kmps,sigma_profile,a_bar_kmps2_per_kpc,a_struct_kmps2_per_kpc,a_total_kmps2_per_kpc,v_bar_kmps,v_struct_kmps,v_model_kmps,beta_raw,beta_formula,beta_clipped,use_dimension_proxy,d_eff_proxy,d_eff_response,beta_mode
NGC3992,9.19,248.0,7.0,0.2426539813768469,5176.493155603918,26.043519046739483,5202.536674650658,218.11,15.470615373653882,218.65797959379287,,1787.9970352907694,986.3425223088992,True,4.102821718668004,0.5516466206827335,formula
NGC3992,13.79,264.0,6.6,0.13114764658158842,4414.391189267585,9.38045689080203,4423.771646158387,246.72749036132961,11.373499924128895,246.98949572911832,,1787.9970352907694,986.3425223088992,True,4.102821718668004,0.5516466206827335,formula
NGC3992,18.35,272.0,5.7,0.197925388030632,3276.609798365122,10.638813431013688,3287.2486117961357,245.20560719526785,13.972194761708026,245.6033632230208,,1787.9970352907694,986.3425223088992,True,4.102821718668004,0.5516466206827335,formula
NGC3992,22.94,271.0,5.7,0.25666477560445927,2437.720601569311,11.035718489867042,2448.756320059178,236.47687117348283,15.910983066974522,237.01153976580454,,1787.9970352907694,986.3425223088992,True,4.102821718668004,0.5516466206827335,formula
NGC3992,27.52,264.0,5.3,0.38908619458786736,1655.6918095930232,13.945212883915998,1669.6370224769391,213.45875151888245,19.59010613971676,214.35580435006972,,1787.9970352907694,986.3425223088992,True,4.102821718668004,0.5516466206827335,formula
NGC3992,32.11,242.0,7.4,0.40670405340573645,1167.7669915914046,12.492977323870052,1180.2599689152746,193.64141628277767,20.028716930184704,194.67446571615258,,1787.9970352907694,986.3425223088992,True,4.102821718668004,0.5516466206827335,formula
NGC3992,36.7,244.0,5.3,0.5457164413294453,877.3893760217983,14.666575782188595,892.0559518039869,179.44411414142286,23.200502822273517,180.93770594104018,,1787.9970352907694,986.3425223088992,True,4.102821718668004,0.5516466206827335,formula
NGC3992,41.44,241.0,6.2,0.6369707532410286,676.0272007722007,15.160987919612829,691.1881886918135,167.37552748236521,25.065341397809757,169.24195265769285,,1787.9970352907694,986.3425223088992,True,4.102821718668004,0.5516466206827335,formula
NGC3992,46.02,237.0,8.6,0.7039524371815242,540.3624728378965,15.087749293244707,555.4502221311411,157.69426432181987,26.35029833749746,159.88064054936456,,1787.9970352907694,986.3425223088992,True,4.102821718668004,0.5516466206827335,formula
