galaxy,r_kpc,v_obs_kmps,v_err_kmps,sigma_profile,a_bar_kmps2_per_kpc,a_struct_kmps2_per_kpc,a_total_kmps2_per_kpc,v_bar_kmps,v_struct_kmps,v_model_kmps,beta_raw,beta_formula,beta_clipped,use_dimension_proxy,d_eff_proxy,d_eff_response,beta_mode
UGC05999,3.48,46.2,5.0,0.22269793329040358,481.7158908045976,127.94274104400883,609.6586318486064,40.94351352778606,21.10072839579598,46.06096002943437,,1381.9760651185622,1999.3034163121122,True,2.0192124537831444,1.4466990180040407,formula
UGC05999,6.94,81.1,5.0,0.845239859962674,309.2445100864553,243.500135392874,552.7446454793293,46.32663272891739,41.10828310239368,61.93583647313198,,1381.9760651185622,1999.3034163121122,True,2.0192124537831444,1.4466990180040407,formula
UGC05999,10.42,91.2,5.0,0.8814438782283359,245.6576295585413,169.12416094331184,414.78179050185315,50.59399667944805,41.979444458321616,65.74211935303964,,1381.9760651185622,1999.3034163121122,True,2.0192124537831444,1.4466990180040407,formula
UGC05999,13.89,97.7,5.0,0.9707245124858758,182.6917782577394,139.7244660986984,322.4162443564378,50.37448560531413,44.054203364842735,66.92056211741591,,1381.9760651185622,1999.3034163121122,True,2.0192124537831444,1.4466990180040407,formula
UGC05999,16.22,100.0,5.0,0.8332321488636153,205.08954993834774,102.70554141825578,307.7950913566035,57.67627328460119,40.815240802966095,70.65717501998016,,1381.9760651185622,1999.3034163121122,True,2.0192124537831444,1.4466990180040407,formula
