galaxy,r_kpc,v_obs_kmps,v_err_kmps,v_gas_kmps,v_disk_kmps,v_bul_kmps,a_obs_kmps2_per_kpc,v_model_kmps,residual_kmps,abs_residual_kmps,frac_residual
UGC05999,3.48,46.2,5.0,13.28,38.73,0.0,613.3448275862069,40.94351352778606,5.256486472213943,5.256486472213943,0.11377676346783426
UGC05999,6.94,81.1,5.0,23.37,40.0,0.0,947.7247838616713,50.12247254586626,30.977527454133735,30.977527454133735,0.38196704629018174
UGC05999,10.42,91.2,5.0,31.3,39.75,0.0,798.2188099808062,59.307758358870394,31.89224164112961,31.89224164112961,0.3496956320299299
UGC05999,13.89,97.7,5.0,35.52,35.72,0.0,687.2059035277179,63.46054095949796,34.23945904050204,34.23945904050204,0.35045505670933513
UGC05999,16.22,100.0,5.0,46.95,33.5,0.0,616.5228113440198,71.59995096299691,28.400049037003086,28.400049037003086,0.28400049037003083
