galaxy,r_kpc,v_obs_kmps,v_err_kmps,sigma_profile,a_bar_kmps2_per_kpc,a_struct_kmps2_per_kpc,a_total_kmps2_per_kpc,v_bar_kmps,v_struct_kmps,v_model_kmps,beta_raw,beta_formula,beta_clipped,beta_mode
UGC07261,0.95,46.8,5.66,0.8325646439523564,825.6917894736841,1443.7760910512384,2269.4678805249223,28.0072704846438,37.03494682726946,46.432687694109156,,1647.4243729441453,1647.4243729441453,formula
UGC07261,1.9,63.0,5.66,0.3713700208616181,1382.9231578947372,322.00211776221335,1704.9252756569506,51.25967225802366,24.73467250133313,56.91535841711098,,1647.4243729441453,1647.4243729441453,formula
UGC07261,2.86,66.8,5.66,0.4587228923677509,926.5596153846153,264.23471094897434,1190.7943263335897,51.47776704558969,27.490203224313685,58.35813373741544,,1647.4243729441453,1647.4243729441453,formula
UGC07261,3.81,69.6,5.66,0.5366550130204498,682.9812073490813,232.04686307415923,915.0280704232405,51.01135559853316,29.733794717670104,59.044533602295026,,1647.4243729441453,1647.4243729441453,formula
UGC07261,4.76,73.4,5.66,0.7136660815280809,479.0240546218488,246.9980875741395,726.0221421959883,47.750963341067795,34.28864093038544,58.78660899263458,,1647.4243729441453,1647.4243729441453,formula
UGC07261,5.72,74.7,5.66,0.7988722513840354,366.48141608391614,230.08419891587798,596.5656149997941,45.78508163146594,36.27783921071956,58.415368849291895,,1647.4243729441453,1647.4243729441453,formula
UGC07261,6.67,76.1,5.66,0.8175026289994004,317.68107946026987,201.91510584100863,519.5961853012785,46.03186722261003,36.69841625955441,58.87025187613458,,1647.4243729441453,1647.4243729441453,formula
