galaxy,r_kpc,v_obs_kmps,v_err_kmps,sigma_profile,a_bar_kmps2_per_kpc,a_struct_kmps2_per_kpc,a_total_kmps2_per_kpc,v_bar_kmps,v_struct_kmps,v_model_kmps,beta_raw,beta_formula,beta_clipped,beta_mode
UGC00191,0.62,29.9,1.42,0.5407204483050523,771.8001612903225,1446.2758228219595,2218.075984112282,21.87501085714016,29.94479938402685,37.08378500301196,,1658.326429045529,1658.326429045529,formula
UGC00191,0.87,34.4,2.31,0.34187481347657983,933.8218390804599,651.655216796808,1585.477055877268,28.50307001008839,23.810502695517012,37.13980396573497,,1658.326429045529,1658.326429045529,formula
UGC00191,1.12,46.3,2.05,0.6186128988177096,924.3794642857142,915.9483209445318,1840.327785230246,32.17615576789745,32.029082401122196,45.400078408058675,,1658.326429045529,1658.326429045529,formula
UGC00191,1.37,49.8,1.87,0.6149435483707878,878.5649635036496,744.3628749155583,1622.927838419208,34.693428772607646,31.93394962472251,47.15306075573796,,1658.326429045529,1658.326429045529,formula
UGC00191,1.62,57.6,2.76,0.7659389460323388,808.7704320987656,784.059751383151,1592.8301834819167,36.196796819608224,35.63953980119138,50.79748908401581,,1658.326429045529,1658.326429045529,formula
UGC00191,2.3,71.3,7.5,0.8938645717284663,728.5805217391304,644.4866275151213,1373.0671492542517,40.93574477153188,38.50089925293666,56.19656967542395,,1658.326429045529,1658.326429045529,formula
UGC00191,4.97,76.65,1.09,0.7720114822368496,462.8997987927566,257.5949787766561,720.4947775694127,47.96469534980911,35.78054002554993,59.84027944887942,,1658.326429045529,1658.326429045529,formula
UGC00191,7.45,81.0,0.63,0.8014299818388347,330.9405771812081,178.39362683393531,509.3342040151434,49.6538749746684,36.455898287009994,61.59983620037328,,1658.326429045529,1658.326429045529,formula
UGC00191,9.98,83.85,1.04,0.9437983649376833,216.15250501002006,156.8262296859837,372.97873469600376,46.44568871273199,39.561670493877244,61.010882408518874,,1658.326429045529,1658.326429045529,formula
