galaxy,r_kpc,v_obs_kmps,v_err_kmps,sigma_profile,a_bar_kmps2_per_kpc,a_struct_kmps2_per_kpc,a_total_kmps2_per_kpc,v_bar_kmps,v_struct_kmps,v_model_kmps,beta_raw,beta_formula,beta_clipped,use_dimension_proxy,d_eff_proxy,d_eff_response,beta_mode
UGC09992,0.78,28.1,5.66,0.447001209596877,581.1899999999998,882.4245451139781,1463.6145451139778,21.291505348377786,26.23530341331891,33.78785795502436,,1079.07480442809,1539.7970529199026,True,2.363131434366561,1.4269604355520058,formula
UGC09992,1.55,31.3,5.66,0.33734983952515174,425.09845161290315,335.1292185186005,760.2276701315036,25.66909815322696,22.791452097306806,34.327145070684665,,1079.07480442809,1539.7970529199026,True,2.363131434366561,1.4269604355520058,formula
UGC09992,2.34,33.0,5.66,0.33330122772883686,314.74085470085475,219.32318298779845,534.0640376886532,27.138415576448086,22.654276598281577,35.351235454951905,,1079.07480442809,1539.7970529199026,True,2.363131434366561,1.4269604355520058,formula
UGC09992,3.12,33.4,5.66,0.27515569499853576,261.26695512820515,135.79613085027978,397.06308597848493,28.550882648352577,20.58358395063583,35.19711391936664,,1079.07480442809,1539.7970529199026,True,2.363131434366561,1.4269604355520058,formula
UGC09992,3.89,34.3,5.66,0.3346421460986171,204.16580976863753,132.46297952324989,336.6287892918874,28.181642961332116,22.699801548591612,36.18682067197175,,1079.07480442809,1539.7970529199026,True,2.363131434366561,1.4269604355520058,formula
