galaxy,r_kpc,v_obs_kmps,v_err_kmps,sigma_profile,a_bar_kmps2_per_kpc,a_struct_kmps2_per_kpc,a_total_kmps2_per_kpc,v_bar_kmps,v_struct_kmps,v_model_kmps,beta_raw,beta_formula,beta_clipped,use_dimension_proxy,d_eff_proxy,d_eff_response,beta_mode
UGC00191,0.62,29.9,1.42,0.5407204483050523,771.8001612903225,1744.259510661459,2516.0596719517816,21.87501085714016,32.88526868690759,39.49629092218793,,1658.326429045529,2000.0,True,2.3062415045954436,1.4332355978152405,formula
UGC00191,0.87,34.4,2.31,0.34187481347657983,933.8218390804599,785.9191114404134,1719.7409505208734,28.50307001008839,26.14860659677987,38.68041658194958,,1658.326429045529,2000.0,True,2.3062415045954436,1.4332355978152405,formula
UGC00191,1.12,46.3,2.05,0.6186128988177096,924.3794642857142,1104.66589074591,2029.0453550316242,32.17615576789745,35.17422064005711,47.67106876959462,,1658.326429045529,2000.0,True,2.3062415045954436,1.4332355978152405,formula
UGC00191,1.37,49.8,1.87,0.6149435483707878,878.5649635036496,897.727807840566,1776.2927713442155,34.693428772607646,35.06974617446747,49.33073176774875,,1658.326429045529,2000.0,True,2.3062415045954436,1.4332355978152405,formula
UGC00191,1.62,57.6,2.76,0.7659389460323388,808.7704320987656,945.6036370769614,1754.374069175727,36.196796819608224,39.13921169447179,53.31121825717996,,1658.326429045529,2000.0,True,2.3062415045954436,1.4332355978152405,formula
UGC00191,2.3,71.3,7.5,0.8938645717284663,728.5805217391304,777.273540633449,1505.8540623725794,40.93574477153188,42.281546133708645,58.85120511473773,,1658.326429045529,2000.0,True,2.3062415045954436,1.4332355978152405,formula
UGC00191,4.97,76.65,1.09,0.7720114822368496,462.8997987927566,310.6686045218711,773.5684033146276,47.96469534980911,39.29405762292435,62.005120469794264,,1658.326429045529,2000.0,True,2.3062415045954436,1.4332355978152405,formula
UGC00191,7.45,81.0,0.63,0.8014299818388347,330.9405771812081,215.14898841310998,546.0895655943181,49.6538749746684,40.03573358485728,63.7837539164768,,1658.326429045529,2000.0,True,2.3062415045954436,1.4332355978152405,formula
UGC00191,9.98,83.85,1.04,0.9437983649376833,216.15250501002006,189.13794888530728,405.29045389532735,46.44568871273199,43.44648121396446,63.59873214047091,,1658.326429045529,2000.0,True,2.3062415045954436,1.4332355978152405,formula
