galaxy,r_kpc,v_obs_kmps,v_err_kmps,sigma_profile,a_bar_kmps2_per_kpc,a_struct_kmps2_per_kpc,a_total_kmps2_per_kpc,v_bar_kmps,v_struct_kmps,v_model_kmps,beta_raw,beta_formula,beta_clipped,use_dimension_proxy,d_eff_proxy,d_eff_response,beta_mode
UGC07690,0.59,45.3,4.31,0.0,3579.5850847457627,0.0,3579.5850847457627,45.956013752282736,0.0,45.956013752282736,,1666.4793722306338,2000.0,True,2.6645373134617842,1.3346160912883667,formula
UGC07690,1.18,59.8,4.31,0.3182422431036027,2139.3093220338988,539.3936323789877,2678.7029544128864,50.24325825421755,25.228644161096042,56.22161049104877,,1666.4793722306338,2000.0,True,2.6645373134617842,1.3346160912883667,formula
UGC07690,1.77,60.7,4.31,0.42177792499122646,1295.4780225988702,476.585225978787,1772.0632485776573,47.885238852907484,29.04403294968612,56.00492790801943,,1666.4793722306338,2000.0,True,2.6645373134617842,1.3346160912883667,formula
UGC07690,2.36,58.8,4.31,0.42805071252897975,904.6292372881355,362.75484112625406,1267.3840784143895,46.2052486196103,29.259210943871327,54.690277244295984,,1666.4793722306338,2000.0,True,2.6645373134617842,1.3346160912883667,formula
UGC07690,2.95,57.9,4.31,0.4980234411394619,642.1696610169491,337.64301094200806,979.8126719589573,43.524711371817276,31.56021042830551,53.76288108238735,,1666.4793722306338,2000.0,True,2.6645373134617842,1.3346160912883667,formula
UGC07690,3.54,56.9,4.31,0.5663408855315666,472.82771186440675,319.96660199523535,792.7943138596421,40.91222433454334,33.65533792822668,52.97633312209456,,1666.4793722306338,2000.0,True,2.6645373134617842,1.3346160912883667,formula
UGC07690,4.13,55.9,4.31,0.6359311568442575,356.4788619854722,307.9569766800279,664.4358386655001,38.370010424809635,35.663178681779264,52.38434893828991,,1666.4793722306338,2000.0,True,2.6645373134617842,1.3346160912883667,formula
