galaxy,segment_index,r_left_kpc,r_right_kpc,r_mid_kpc,dr_kpc,h_i_kpc,volume_kpc3,m_enc_inner_msun,m_enc_outer_msun,m_shell_msun,rho_eff_msun_per_kpc3,v_bar_internal_segment_kms,v_obs_segment_kms,v_err_segment_kms,n_points,r_max_gal_kpc,d_i,d_gal_mean,sigma_i,sigma_norm,beta_i,density_ratio_i,thickness_visibility_i,radial_visibility_i,omega_i,sigma_desc_i,a_i,psi_i,g_bar_internal_km2s2_per_kpc,g_scale_i,g_trans_km2s2_per_kpc,g_desc_km2s2_per_kpc,v_desc_segment_kms
NGC4010,1,0.87,3.5,2.185,2.63,0.35,12.637323484440497,216960916.4107131,7356782704.125404,7139821787.714691,564978952.7430775,68.99372899137225,60.825,6.0249999999999995,4,10.47,3.2273502244987777,3.1630827154265875,0.06426750907219025,0.5575707341836529,1.0,0.8496193005996745,0.5,0.20869149952244506,1.1940647931827306,0.08973250272779708,0.20869149952244506,0.3540285685893755,2178.5513227162105,2179.3832477231135,48.73220271998426,2227.283525436195,69.76112458295154
NGC4010,2,4.37,6.98,5.675000000000001,2.6100000000000003,0.35,32.57273949076604,10063993325.366028,17353480208.607018,7289486883.24099,223791028.85428065,101.36973526596431,110.075,5.550000000000001,4,10.47,3.1409913778857494,3.1630827154265875,-0.02209133754083803,-0.19165957214722604,1.0,0.6911588305770999,0.5,0.5420248328557784,1.2544236375772964,-0.030918015148722732,0.5420248328557784,0.6785778786656087,1810.7177494082266,1811.2413370421013,-38.076001925985956,1772.6417474822406,100.29826477542728
NGC4010,3,7.85,10.47,9.16,2.620000000000001,0.35,52.77699728842253,20000660749.70181,22584516488.60358,2583855738.9017715,48957990.63332808,101.06352102974711,125.5,4.8,4,10.47,3.047819296577524,3.1630827154265875,-0.11526341884906355,-1.0,1.0,0.32866978417990383,0.5,0.874880611270296,1.1537107281765568,-0.1599825486965742,0.874880611270296,0.8399069387470199,1115.0475199705388,1115.2924149246026,-180.09725064429767,934.9502693262411,92.54266295621912
