r_kpc,v_obs_kmps,v_err_kmps,v_model_kmps,v_baryon_kmps,a_newton,sigma_profile,sigma_smoothed,sigma_transferred,beta_local,d_eff_local,cinfo_cap,eta_profile,projection_profile,a_struct_internal,a_struct_observed,a_struct,a_total,struct_to_bar_ratio,sigma_flip_severity
0.1,13.9,3.84,9.306419774519743,8.118152499183543,659.0439999999999,2663.2133333333354,2663.2133333333354,0.9467918031527752,105.77693949448403,2.1917285957032853,0.5640594518751538,0.35324025936881,0.37585018109444884,1001.4873927596452,376.40921793252005,207.0504901957208,866.0944901957207,0.31416793141668714,1.0979962662441953
0.3,29.9,3.92,19.25098511649695,18.90782906628892,1191.686666666667,974.7362984218081,974.7362984218081,0.5775308977443455,90.11167331176699,2.120287741300946,0.49547623164890836,0.30370354293555557,0.25161139578775643,173.47425194996657,43.648098666368014,43.64809318529002,1235.334759851957,0.03662715578333545,1.0979962662441953
0.51,46.7,4.1,22.931026055024546,23.236389564646224,1058.6858823529412,-853.7400664147493,-853.7400664147493,-0.5204653684998497,96.9153650901829,2.194776264917208,0.5669852143205194,0.3554047558143353,0.2794912585563121,-98.9041004018814,-27.642831497701685,-27.642831497618552,1031.0430508553227,0.026110513003083546,1.0979962662441953
0.71,60.4,9.4,23.835357260810955,24.445322660991817,841.6532394366197,-1085.1632145816077,-1085.1632145816077,-0.6251282755129804,115.1690854077189,2.361861979069597,0.7273874999068133,0.4804898770869502,0.40904729024585734,-101.40204472300631,-41.47823161933497,-41.47823133733293,800.1750080992869,0.04928185313538926,1.0979962662441953
