r_kpc,v_obs_kmps,v_err_kmps,v_model_kmps,v_baryon_kmps,a_newton,sigma_profile,sigma_smoothed,sigma_transferred,beta_local,d_eff_local,cinfo_cap,eta_profile,projection_profile,a_struct_internal,a_struct_observed,a_struct,a_total,struct_to_bar_ratio,sigma_flip_severity
4.51,69.75,4.15,47.39244471397745,47.714166659389534,504.7986031042128,-44.61517114240863,-44.61517114240863,-0.8372113772852636,103.75848245311703,2.1893766945856834,0.5618016268022561,0.3515727743514309,0.3522351247868965,-19.26114900212926,-6.784453222304007,-6.784453222304007,498.0141498819088,0.013439920753443519,0.22006506445468166
9.01,97.7,1.63,51.9343370060745,52.33844953760094,304.030332963374,-34.21895409110877,-34.21895409110877,-0.7303177997601966,121.24659836651556,2.3837233076289106,0.7483743753237542,0.49778855384439985,0.47587385948573147,-9.827807874299877,-4.676796863427345,-4.676796863427345,299.35353609994667,0.015382665333714988,0.22006506445468166
13.51,108.0,0.99,51.30323296392212,51.56691284147229,196.82801628423388,-20.73116784916013,-20.73116784916013,-0.510252735305515,114.60928513631661,2.4451072428406917,0.807302953127064,0.5475149006531738,0.4638325244143281,-4.328623333250573,-2.007756287900377,-2.007756287900377,194.8202599963335,0.010200561514063252,0.22006506445468166
18.01,107.5,2.32,45.726393036440584,45.99207866578766,117.44982232093282,-17.63959865851134,-17.63959865851134,-0.4455245187625283,112.9527577696347,2.4955473168087976,0.8557254241364457,0.5896493241187409,0.4842352774902866,-2.794182290295221,-1.3530416366995508,-1.3530416366995508,116.09678068423328,0.011520167590268032,0.22006506445468166
