galaxy,source_file,beta_mode,beta,r_kpc,v_obs_kmps,v_err_kmps,a_newton,sigma_profile,a_struct,a_total,v_model_kmps,residual_kmps
UGC07866,C:\Users\mincu\Desktop\topological_gravity_project\data\processed\sparc_normalized_beta_abar\UGC07866_normalized.csv,structural,282.73030303030305,0.33,12.2,4.07,283.29242424242415,-1.703397612488178,-1459.4003732117494,-1176.1079489693252,5.744562646538028e-07,12.199999425543735
UGC07866,C:\Users\mincu\Desktop\topological_gravity_project\data\processed\sparc_normalized_beta_abar\UGC07866_normalized.csv,structural,282.73030303030305,0.66,19.4,4.07,282.73030303030305,61.52250113071022,26354.9627088907,26637.693011921005,132.5929009708584,-113.1929009708584
UGC07866,C:\Users\mincu\Desktop\topological_gravity_project\data\processed\sparc_normalized_beta_abar\UGC07866_normalized.csv,structural,282.73030303030305,1.0,23.9,4.07,324.5125,9.585003893723428,2709.9710554190597,3034.4835554190595,55.08614667426883,-31.186146674268834
UGC07866,C:\Users\mincu\Desktop\topological_gravity_project\data\processed\sparc_normalized_beta_abar\UGC07866_normalized.csv,structural,282.73030303030305,1.33,26.0,4.07,289.15225563909775,-112.18998570024137,-23849.254627063612,-23560.102371424513,1.1532562594670797e-06,25.99999884674374
UGC07866,C:\Users\mincu\Desktop\topological_gravity_project\data\processed\sparc_normalized_beta_abar\UGC07866_normalized.csv,structural,282.73030303030305,1.67,28.2,4.07,249.3452095808383,-94.28717259566834,-15962.778969966346,-15713.433760385507,1.2922847983320086e-06,28.1999987077152
UGC07866,C:\Users\mincu\Desktop\topological_gravity_project\data\processed\sparc_normalized_beta_abar\UGC07866_normalized.csv,structural,282.73030303030305,2.0,30.6,4.07,225.97984999999997,-69.97532243205885,-9892.07205792958,-9666.09220792958,1.414213562373095e-06,30.599998585786437
UGC07866,C:\Users\mincu\Desktop\topological_gravity_project\data\processed\sparc_normalized_beta_abar\UGC07866_normalized.csv,structural,282.73030303030305,2.32,33.1,4.07,203.86125000000004,-69.12062499999982,-8423.489332712883,-8219.628082712883,1.5231546211727815e-06,33.09999847684538
