galaxy,r_kpc,v_obs_kmps,v_err_kmps,v_gas_kmps,v_disk_kmps,v_bul_kmps,a_obs_kmps2_per_kpc,v_model_kmps,residual_kmps,abs_residual_kmps,frac_residual
UGC06628,1.1,26.9,8.27,3.02,29.07,0.0,657.8272727272725,29.22644863817703,-2.3264486381770304,2.3264486381770304,-0.08648507948613496
UGC06628,2.2,38.0,8.27,-3.24,37.16,0.0,656.3636363636363,37.36121392044067,0.6387860795593312,0.6387860795593312,0.01681015998840345
UGC06628,3.3,40.5,8.27,12.42,41.22,0.0,497.04545454545456,43.154826047822965,-2.654826047822965,2.654826047822965,-0.06555126044007321
UGC06628,4.39,41.4,8.27,16.39,45.0,0.0,390.4236902050114,47.98568860835343,-6.585688608353429,6.585688608353429,-0.15907460406650795
UGC06628,5.5,42.3,8.27,20.17,46.13,0.0,325.3254545454545,50.43609829495002,-8.136098294950024,8.136098294950024,-0.19234274928959869
UGC06628,6.59,42.3,8.27,25.63,47.72,0.0,271.5159332321699,54.250248950745465,-11.950248950745468,11.950248950745468,-0.2825117955258976
UGC06628,7.69,42.3,8.27,31.39,46.74,0.0,232.67750325097524,56.38221272012885,-14.082212720128851,14.082212720128851,-0.33291283026309343
