galaxy,segment_index,r_left_kpc,r_right_kpc,r_mid_kpc,dr_kpc,h_i_kpc,volume_kpc3,m_enc_inner_msun,m_enc_outer_msun,m_shell_msun,rho_eff_msun_per_kpc3,v_bar_segment_kms,v_obs_segment_kms,v_err_segment_kms,n_points,d_i,d_gal_mean,sigma_i,sigma_norm,beta_i,psi_i,g_bar_km2s2_per_kpc,g_topo_km2s2_per_kpc,g_eff_km2s2_per_kpc,v_eff_segment_kms,v_topo_segment_kms
NGC4013,1,5.49,9.88,7.6850000000000005,4.390000000000001,0.35,74.19186781513983,59475037443.23878,105185657792.42068,45710620349.18191,616113621.2809304,221.90782079557766,194.85714285714286,5.0,7,3.2362402388787173,3.231679024910719,0.0045612139679982455,0.019687643150932535,0.85,0.7849747895883458,6407.687824364633,19.500979494448742,6427.188803859082,222.24523832392236,12.241937241092137
NGC4013,2,10.56,14.98,12.77,4.42,0.35,124.12551954854106,102001087003.4481,91583229597.92233,1e-12,8.056361041928495e-15,180.49914362500803,182.0,7.142857142857143,7,3.0,3.231679024910719,-0.231679024910719,-1.0,0.85,0.9222300368415624,2551.2874588380014,-463.3448066044651,2087.942652233536,163.28817369614453,0.0
NGC4013,3,15.68,20.79,18.235,5.109999999999999,0.35,204.91539167067666,90745956471.53741,86272342144.80191,1e-12,4.8800628974085005e-15,144.67868483384245,166.25,5.125,8,3.0,3.231679024910719,-0.231679024910719,-1.0,0.85,0.9739307807577811,1147.8980995475906,-220.15931790532838,927.7387816422622,130.06658557541462,0.0
NGC4013,4,21.48,25.2,23.34,3.719999999999999,0.35,190.9377076805821,85994044372.93501,86916522670.78365,922478297.8486328,4831304.979275431,126.15143218923197,172.5,5.0,6,3.0056618703513265,3.231679024910719,-0.22601715455939253,-0.9755615755310246,0.85,0.9906089671768983,681.8416385344641,-129.76157340041303,552.0800651340511,113.51453087701482,0.0
NGC4013,5,25.9,31.01,28.455,5.110000000000003,0.35,319.7624058123997,86855987923.48595,85658926655.52174,1e-12,3.1273219797660843e-15,114.36964773183456,177.5,6.125,8,3.0,3.231679024910719,-0.231679024910719,-1.0,0.85,0.9966237849343593,459.6877990618145,-90.21938596327031,369.46841309854415,102.53401237988824,0.0
