galaxy,segment_index,r_left_kpc,r_right_kpc,r_mid_kpc,dr_kpc,h_i_kpc,volume_kpc3,m_enc_inner_msun,m_enc_outer_msun,m_shell_msun,rho_eff_msun_per_kpc3,v_bar_segment_kms,v_obs_segment_kms,v_err_segment_kms,n_points,d_i,d_gal_mean,sigma_i,sigma_norm,beta_i,psi_i,g_bar_km2s2_per_kpc,g_topo_km2s2_per_kpc,g_eff_km2s2_per_kpc,v_eff_segment_kms,v_topo_segment_kms
NGC4183,1,0.87,4.37,2.62,3.5,0.35,20.16588324339288,311466032.0722823,4673720339.416543,4362254307.344261,216318534.3629074,55.05702458827953,74.28,6.24,5,3.138189544802816,3.103905379716083,0.03428416508673271,0.34237924592456387,0.85,0.4078527843925187,1156.9755559215332,13.751184796355579,1170.7267407178888,55.38324711210844,6.002341556963512
NGC4183,2,5.24,7.85,6.545,2.6099999999999994,0.35,37.56626959772046,6367369203.261639,12989099360.36792,6621730157.106281,176267971.98697874,78.4315719271537,105.075,5.2,4,3.1219441346033037,3.103905379716083,0.01803875488722051,0.18014425260408706,0.85,0.729909988603919,939.8795225308303,10.518818888205605,950.3983414190359,78.86924080138968,8.29732906562745
NGC4183,3,8.72,12.31,10.515,3.59,0.35,83.01405688902415,15644099404.07961,17531348104.238407,1887248700.1587963,22734085.899231873,83.77962206637491,112.2,5.72,5,3.024581991100753,3.103905379716083,-0.07932338861533017,-0.7921640182746568,0.85,0.8779103905284908,667.5249713347231,-39.5128076412904,628.0121636934327,81.26221693527962,0.0
NGC4183,4,13.12,16.03,14.575,2.910000000000002,0.35,93.27160823040715,17235289573.60187,17916182714.82082,680893141.2189484,7300111.5145023605,72.17567239808223,109.25,4.925,4,3.008455140351092,3.103905379716083,-0.09545023936499097,-0.9532150161577455,0.85,0.9457959689670266,357.41527863569735,-27.42625564603932,329.98902298965805,69.3512077045113,0.0
NGC4183,5,16.95,21.02,18.985,4.07,0.35,169.92329596941792,17719855079.50643,18262218969.473904,542363889.9674721,3191815.971278502,64.2317986909034,110.8,7.359999999999999,5,3.0037703233573034,3.103905379716083,-0.10013505635877973,-1.0,0.85,0.9775620150590485,217.31493089643087,-18.081687380379893,199.23324351605098,61.501570127536,0.0
