galaxy,segment_index,r_left_kpc,r_right_kpc,r_mid_kpc,dr_kpc,h_i_kpc,volume_kpc3,m_enc_inner_msun,m_enc_outer_msun,m_shell_msun,rho_eff_msun_per_kpc3,v_bar_segment_kms,v_obs_segment_kms,v_err_segment_kms,n_points,d_i,d_gal_mean,sigma_i,sigma_norm,beta_i,psi_i,g_bar_km2s2_per_kpc,g_topo_km2s2_per_kpc,g_eff_km2s2_per_kpc,v_eff_segment_kms,v_topo_segment_kms
NGC4010,1,0.87,3.5,2.185,2.63,0.35,12.637323484440497,216960916.4107131,7356782704.125404,7139821787.714691,564978952.7430775,68.99372899137225,60.825,6.0249999999999995,4,3.2273502244987777,3.1630827154265875,0.06426750907219025,0.5575707341836529,0.85,0.3540285685893755,2178.5513227162105,42.132429035869215,2220.68375175208,69.65769158950283,9.59475676832786
NGC4010,2,4.37,6.98,5.675000000000001,2.6100000000000003,0.35,32.57273949076604,10063993325.366028,17353480208.607018,7289486883.24099,223791028.85428065,101.36973526596431,110.075,5.550000000000001,4,3.1409913778857494,3.1630827154265875,-0.02209133754083803,-0.19165957214722604,0.85,0.6785778786656087,1810.7177494082266,-23.072326754041647,1787.645422654185,100.72183364873031,0.0
NGC4010,3,7.85,10.47,9.16,2.620000000000001,0.35,52.77699728842253,20000660749.70181,22584516488.60358,2583855738.9017715,48957990.63332808,101.06352102974711,125.5,4.8,4,3.047819296577524,3.1630827154265875,-0.11526341884906355,-1.0,0.85,0.8399069387470199,1115.0475199705388,-91.75610465353249,1023.2914153170063,96.81605943387584,0.0
