galaxy,segment_index,r_left_kpc,r_right_kpc,r_mid_kpc,dr_kpc,h_i_kpc,volume_kpc3,m_enc_inner_msun,m_enc_outer_msun,m_shell_msun,rho_eff_msun_per_kpc3,v_bar_segment_kms,v_obs_segment_kms,v_err_segment_kms,n_points,d_i,d_gal_mean,sigma_i,sigma_norm,beta_i,psi_i,g_bar_km2s2_per_kpc,g_topo_km2s2_per_kpc,g_eff_km2s2_per_kpc,v_eff_segment_kms,v_topo_segment_kms
NGC5907,1,5.03,15.1,10.065,10.07,0.35,222.89029678152954,37409811452.69257,179253282430.9274,141843470978.23483,636382440.2695538,214.54029707471642,226.8,4.4,5,3.2395895301259867,3.204331276597056,0.03525825352893053,0.17433695114433231,0.85,0.8664126890086625,4573.029216980385,118.7431326538829,4691.772349634268,217.30782015166616,34.57093620602883
NGC5907,2,17.61,25.16,21.384999999999998,7.550000000000001,0.35,355.0619377707386,197209809953.00992,220383070363.24875,23173260410.23883,65265402.86388475,208.05811317104434,228.0,4.5,4,3.0602858997436466,3.204331276597056,-0.14404537685340957,-0.7122426471422995,0.85,0.986115747572943,2024.2309308531726,-244.4028133402232,1779.8281175129493,195.09388584221296,0.0
NGC5907,3,27.68,37.75,32.715,10.07,0.35,724.4765086147779,222820688112.9808,229569519276.15323,6748831163.172424,9315458.931962341,174.22505643645147,217.0,2.0,5,3.010688116198123,3.204331276597056,-0.19364316039893303,-0.9574824279427914,0.85,0.9985598384727736,927.8425887294726,-152.49987434635815,775.3427143831144,159.2649895646987,0.0
NGC5907,4,40.26,50.33,45.295,10.07,0.35,1003.0616982334208,231021942121.55103,232783628806.22934,1761686684.6783142,1756309.3953053674,148.05471556378245,215.8,3.6,5,3.002089277425346,3.204331276597056,-0.20224199917171015,-1.0,0.85,0.9998836607423072,483.9430135925052,-83.18288361008226,400.760129982423,134.7309544520258,0.0
