r_kpc,v_obs_kmps,v_err_kmps,v_baryon_kmps,v_model_kmps,a_newton,sigma_profile,beta_local,d_eff_local,cinfo_cap,a_struct,a_total
0.5,16.9,3.64,41.20354960437268,203.7543068721376,3395.465,1625.6219999999994,43.81293735418784,2.1171916445384205,0.42582988764250734,79636.17013789044,83031.63513789044
1.0,23.9,3.64,64.87122628716062,174.4832183471846,4208.276,706.0050816339907,49.890570283190094,2.153212007568493,0.4491371813678483,26236.117484791288,30444.39348479129
1.51,28.2,3.64,78.76471608531322,0.0,4108.530132450331,-1182.8451110782719,57.49238705508678,2.19470936450343,0.47598841232574884,-28614.531468014007,-24506.001335563677
2.01,33.0,3.64,77.82892071717299,0.0,3013.6024378109455,-1704.0803605904578,66.19618098929259,2.247747755429444,0.5103073711602284,-30721.327597033564,-27707.725159222617
2.52,39.1,3.64,77.56462209022874,0.0,2387.4089682539684,-1027.3987483407823,75.41522871512403,2.3123517492274788,0.5521099553824862,-20518.660020217925,-18131.251051963958
3.02,43.8,3.64,77.24835079145703,0.0,1975.9297019867552,-804.6878318903321,83.30451178138294,2.375561615144875,0.5930104568584484,-15964.079798612554,-13988.150096625799
3.52,53.1,3.64,74.64032690174929,0.0,1582.7211363636363,-692.7687391609027,89.7950347294375,2.425307015782121,0.6251986572707842,-13226.764798981214,-11644.043662617578
4.03,61.0,3.64,71.71624711318907,0.0,1276.2332754342433,-600.9565900576331,94.67712822213555,2.44976893970392,0.6410269609848895,-10931.123183260917,-9654.889907826673
