r_kpc,v_obs_kmps,v_err_kmps,v_baryon_kmps,v_model_kmps,a_newton,sigma_profile,beta_local,d_eff_local,cinfo_cap,a_struct,a_total
0.33,12.2,4.07,9.66884170932589,6.034007035826197,283.29242424242415,-1.703397612488178,33.87489537540631,2.065486413763805,0.3923735618471679,-172.96139118666645,110.3310330557577
0.66,19.4,4.07,13.660234258606257,45.207740536490256,282.73030303030305,61.52250113071022,42.12768287447511,2.12397787762499,0.4302209796396994,2813.845158203976,3096.575461234279
1.0,23.9,4.07,18.014230485924177,28.11569533273391,324.5125,9.585003893723428,51.61174936790225,2.1801986126769077,0.46659910232035207,465.9798240431153,790.4923240431153
1.33,26.0,4.07,19.61052013588625,0.0,289.15225563909775,-112.18998570024137,62.346550846999335,2.249285717278389,0.51130252294484,-3055.1898772717927,-2766.037621632695
1.67,28.2,4.07,20.40604077228113,0.0,249.3452095808383,-94.28717259566834,73.08135232609642,2.314947821402358,0.5537897667897612,-2568.771904154555,-2319.4266945737168
2.0,30.6,4.07,21.259343828067692,0.0,225.97984999999997,-69.97532243205885,81.44753003412497,2.3657346745896275,0.5866518482638765,-1965.3629278095048,-1739.3830778095048
2.32,33.1,4.07,21.747599867571594,0.0,203.86125000000004,-69.12062499999982,87.81829942447418,2.4216531369186147,0.6228343827120448,-1811.3561566283577,-1607.4949066283575
