r_kpc,v_obs_kmps,v_err_kmps,v_baryon_kmps,v_model_kmps,a_newton,sigma_profile,beta_local,d_eff_local,cinfo_cap,a_struct,a_total
1.48,24.35,2.92,20.941910132554764,0.0,296.3267567567567,-35.3171011157588,70.99212749016384,2.2015725839554743,0.48042931903001274,-1166.8813314501729,-870.5545746934162
2.97,43.55,1.4,26.903562961065212,0.0,243.70427609427608,-32.80188155469052,79.23266578316753,2.304033418868006,0.5467275063263568,-616.4151683517878,-372.71089225751166
4.45,54.15,0.67,29.751100819969672,0.0,198.90516853932587,-36.308205511909215,87.47320407617121,2.397274253851003,0.6070598113153547,-487.34515952714685,-288.439990987821
5.94,60.15,0.48,28.40882433329475,0.0,135.8689057239057,-34.742108544623555,95.71374236917491,2.4797008317648928,0.6603946558478717,-387.5637793242469,-251.69487360034123
7.39,63.75,0.95,26.741004094835333,0.0,96.76336941813263,-26.969335383291785,103.9542806621786,2.550721140512397,0.7063489732727275,-282.0607804836721,-185.29741106553945
