galaxy,r_kpc,v_obs_kmps,v_err_kmps,sigma_profile,a_bar_kmps2_per_kpc,a_struct_kmps2_per_kpc,a_total_kmps2_per_kpc,v_bar_kmps,v_struct_kmps,v_model_kmps,beta_raw,beta_formula,beta_clipped,beta_mode
F561-1,1.61,23.4,10.0,0.0,525.2647204968944,0.0,525.2647204968944,29.080512375128468,0.0,29.080512375128468,,333.8760875190254,333.8760875190254,formula
F561-1,3.23,40.6,5.0,0.0745289706076861,471.8208359133127,7.7038517378683204,479.524687651181,39.03820308364615,4.98833049359349,39.35561892682308,,333.8760875190254,333.8760875190254,formula
F561-1,4.84,45.5,5.0,0.13903397020006028,366.862417355372,9.590933471618367,376.45335082699035,42.138036261790845,6.813231098578185,42.685292759949924,,333.8760875190254,333.8760875190254,formula
F561-1,6.45,49.2,5.0,0.018647209632502656,368.2734418604651,0.9652492085654372,369.2386910690305,48.7377030644654,2.49516680709869,48.80153232630351,,333.8760875190254,333.8760875190254,formula
F561-1,8.06,50.4,5.0,0.0,375.7607071960298,0.0,375.7607071960298,55.03300191703157,0.0,55.03300191703157,,333.8760875190254,333.8760875190254,formula
F561-1,9.66,50.4,5.0,0.0,341.6626501035197,0.0,341.6626501035197,57.449640555881636,0.0,57.449640555881636,,333.8760875190254,333.8760875190254,formula
