galaxy,r_kpc,v_obs_kmps,v_err_kmps,sigma_profile,a_bar_kmps2_per_kpc,a_struct_kmps2_per_kpc,a_total_kmps2_per_kpc,v_bar_kmps,v_struct_kmps,v_model_kmps,beta_raw,beta_formula,beta_clipped,beta_mode
NGC4068,0.21,4.68,3.65,0.0,226.8190476190476,0.0,226.8190476190476,6.901594018775662,0.0,6.901594018775662,,837.56916915476,837.56916915476,formula
NGC4068,0.64,13.1,3.44,0.0,460.89078125,0.0,460.89078125,17.174693592608865,0.0,17.174693592608865,,837.56916915476,837.56916915476,formula
NGC4068,1.06,22.5,2.45,0.0,490.8027358490565,0.0,490.8027358490565,22.809009184968993,0.0,22.809009184968993,,837.56916915476,837.56916915476,formula
NGC4068,1.48,30.4,1.71,0.24455820258280428,474.28351351351347,138.40162874814922,612.6851422616627,26.494142748917163,14.312037260546132,30.11268853070514,,837.56916915476,837.56916915476,formula
NGC4068,1.91,36.0,1.7,0.33748542540339593,455.92675392670156,147.9933965219702,603.9201504486717,29.509661129874058,16.812715050132834,33.96303118623193,,837.56916915476,837.56916915476,formula
NGC4068,2.33,41.9,4.97,0.5142396137811044,388.6831330472103,184.85461204339236,573.5377450906026,30.093715290738032,20.75358393292841,36.55602475736529,,837.56916915476,837.56916915476,formula
