galaxy,r_kpc,v_obs_kmps,v_err_kmps,sigma_profile,a_bar_kmps2_per_kpc,a_struct_kmps2_per_kpc,a_total_kmps2_per_kpc,v_bar_kmps,v_struct_kmps,v_model_kmps,beta_raw,beta_formula,beta_clipped,beta_mode
UGC07232,0.21,16.4,3.3,0.058026993742585554,1207.4638095238097,419.7437811398478,1627.2075906636574,15.923799797786959,9.38862045453793,18.48549685670818,,1519.0549837958988,1519.0549837958988,formula
UGC07232,0.41,26.2,3.3,0.013493052048455037,1651.724146341464,49.991921855666064,1701.71606819713,26.023199265270982,4.527326800753739,26.414079350998083,,1519.0549837958988,1519.0549837958988,formula
UGC07232,0.62,35.2,3.3,0.43536104835406875,1229.7937096774194,1066.6731778271862,2296.4668875046054,27.61289734888391,25.71648051839239,37.73339992967577,,1519.0549837958988,1519.0549837958988,formula
UGC07232,0.82,44.0,3.3,0.7887579547941588,918.9791463414634,1461.1789051691794,2380.158051510643,27.451100160102875,34.61454466317197,44.17838387988776,,1519.0549837958988,1519.0549837958988,formula
