galaxy,r_kpc,v_obs_kmps,v_err_kmps,sigma_profile,a_bar_kmps2_per_kpc,a_struct_kmps2_per_kpc,a_total_kmps2_per_kpc,v_bar_kmps,v_struct_kmps,v_model_kmps,beta_raw,beta_formula,beta_clipped,beta_mode
UGC04499,0.91,26.0,4.1,0.0,1009.9419780219781,0.0,1009.9419780219781,30.315791264619833,0.0,30.315791264619833,,1160.6888998305653,1160.6888998305653,formula
UGC04499,1.82,45.1,3.02,0.3991997835532064,708.6620879120879,254.5861305411928,963.2482184532807,35.91329837260844,21.52549087907105,41.87017742480883,,1160.6888998305653,1160.6888998305653,formula
UGC04499,2.73,57.0,2.97,0.5992725032357135,575.8611721611721,254.78715841735135,830.6483305785234,39.64972887675274,26.37364105464714,47.620058194833916,,1160.6888998305653,1160.6888998305653,formula
UGC04499,3.63,62.0,2.85,0.5608568435765727,540.7801928374655,179.33341948576742,720.1136123232329,44.30611808768626,25.51431583902135,51.12741351499541,,1160.6888998305653,1160.6888998305653,formula
UGC04499,4.55,66.9,2.75,0.644131810756718,446.4303516483517,164.31574566441427,610.746097312766,45.06948080464207,27.342945027430474,52.71522306481388,,1160.6888998305653,1160.6888998305653,formula
UGC04499,5.45,70.6,2.86,0.7088225418162722,377.71561467889904,150.9582488506117,528.6738635295108,45.371247503237115,28.683138883947723,53.67748649327606,,1160.6888998305653,1160.6888998305653,formula
UGC04499,6.37,72.8,2.66,0.7709099154106546,313.2623233908948,140.46885111247516,453.73117450336997,44.670807022036215,29.912983495239434,53.761208892532046,,1160.6888998305653,1160.6888998305653,formula
UGC04499,7.28,73.3,2.66,0.7449638109502575,288.89688186813186,118.77352007492304,407.6704019430549,45.86032381045734,29.40529248528978,54.477890250499236,,1160.6888998305653,1160.6888998305653,formula
UGC04499,8.18,74.3,2.67,0.7518075217498458,261.4874327628362,106.67660700540004,368.16403976823625,46.248969718254266,29.540051545387872,54.87788120275939,,1160.6888998305653,1160.6888998305653,formula
