galaxy,r_kpc,v_obs_kmps,v_err_kmps,sigma_profile,a_bar_kmps2_per_kpc,a_struct_kmps2_per_kpc,a_total_kmps2_per_kpc,v_bar_kmps,v_struct_kmps,v_model_kmps,beta_raw,beta_formula,beta_clipped,beta_mode
UGC05999,3.48,46.2,5.0,0.22269793329040358,481.7158908045976,62.80170999864032,544.5176008032379,40.94351352778606,14.783435013394833,43.53069320370706,,981.3739515502094,981.3739515502094,formula
UGC05999,6.94,81.1,5.0,0.845239859962674,309.2445100864553,119.52397426214914,428.76848434860443,46.32663272891739,28.800978826757174,54.54954886503934,,981.3739515502094,981.3739515502094,formula
UGC05999,10.42,91.2,5.0,0.8814438782283359,245.6576295585413,83.01593683749364,328.6735663960349,50.59399667944805,29.411325401053993,58.52160764919812,,981.3739515502094,981.3739515502094,formula
UGC05999,13.89,97.7,5.0,0.9707245124858758,182.6917782577394,68.58486326025302,251.2766415179924,50.37448560531413,30.864927517895037,59.07819014395172,,981.3739515502094,981.3739515502094,formula
UGC05999,16.22,100.0,5.0,0.8332321488636153,205.08954993834774,50.413830239763165,255.50338017811092,57.67627328460119,28.595669715692242,64.37596466453111,,981.3739515502094,981.3739515502094,formula
