galaxy,r_kpc,v_obs_kmps,v_err_kmps,sigma_profile,a_bar_kmps2_per_kpc,a_struct_kmps2_per_kpc,a_total_kmps2_per_kpc,v_bar_kmps,v_struct_kmps,v_model_kmps,beta_raw,beta_formula,beta_clipped,beta_mode
UGC10310,1.1,33.2,5.06,0.6964132706911642,422.49172727272725,725.673648291863,1148.1653755645902,21.557850078335733,28.253159347603045,35.53845681963483,,1146.2174066970676,1146.2174066970676,formula
UGC10310,2.21,54.6,5.06,0.6703725522393402,590.7111764705883,347.68899925279237,938.4001757233807,36.13131190532666,27.71989697579468,45.53970123253633,,1146.2174066970676,1146.2174066970676,formula
UGC10310,3.31,65.7,5.06,0.7396504483966414,515.948821752266,256.1329966234204,772.0818183756865,41.32542316782734,29.117009098180425,50.552851737795386,,1146.2174066970676,1146.2174066970676,formula
UGC10310,4.42,69.2,5.06,0.7545519180736101,419.25904977375563,195.67433093950942,614.933380713265,43.04793839430641,29.408851435454455,52.134494749183396,,1146.2174066970676,1146.2174066970676,formula
UGC10310,5.52,70.9,5.06,0.6569464897804913,406.58922101449286,136.4136778722711,543.002898886764,47.37480870673781,27.440909275294366,54.748296794100696,,1146.2174066970676,1146.2174066970676,formula
UGC10310,6.64,72.4,5.06,0.642004587155592,360.1084939759036,110.82482424353981,470.93331821944344,48.8990838359984,27.127049839175367,55.919560378968505,,1146.2174066970676,1146.2174066970676,formula
UGC10310,7.74,73.2,5.06,0.7109837875434991,285.7251291989664,105.28966319919489,391.01479239816126,47.02672112746114,28.547188883702166,55.013221076044694,,1146.2174066970676,1146.2174066970676,formula
