galaxy,r_kpc,v_obs_kmps,v_err_kmps,sigma_profile,a_bar_kmps2_per_kpc,a_struct_kmps2_per_kpc,a_total_kmps2_per_kpc,v_bar_kmps,v_struct_kmps,v_model_kmps,beta_raw,beta_formula,beta_clipped,use_dimension_proxy,d_eff_proxy,d_eff_response,beta_mode
F561-1,1.61,23.4,10.0,0.0,525.2647204968944,0.0,525.2647204968944,29.080512375128468,0.0,29.080512375128468,,380.31691151528753,442.9315926567706,True,2.865726733225001,1.1646381721286305,formula
F561-1,3.23,40.6,5.0,0.0745289706076861,471.8208359133127,10.220196795768436,482.04103270908115,39.03820308364615,5.745540501148003,39.458744729784954,,380.31691151528753,442.9315926567706,True,2.865726733225001,1.1646381721286305,formula
F561-1,4.84,45.5,5.0,0.13903397020006028,366.862417355372,12.723664845889811,379.5860822012618,42.138036261790845,7.847454227589141,42.86253186471964,,380.31691151528753,442.9315926567706,True,2.865726733225001,1.1646381721286305,formula
F561-1,6.45,49.2,5.0,0.018647209632502656,368.2734418604651,1.2805330637409418,369.55397492420605,48.7377030644654,2.8739238440030164,48.822363095830674,,380.31691151528753,442.9315926567706,True,2.865726733225001,1.1646381721286305,formula
F561-1,8.06,50.4,5.0,0.0,375.7607071960298,0.0,375.7607071960298,55.03300191703157,0.0,55.03300191703157,,380.31691151528753,442.9315926567706,True,2.865726733225001,1.1646381721286305,formula
F561-1,9.66,50.4,5.0,0.0,341.6626501035197,0.0,341.6626501035197,57.449640555881636,0.0,57.449640555881636,,380.31691151528753,442.9315926567706,True,2.865726733225001,1.1646381721286305,formula
