galaxy,r_kpc,v_obs_kmps,v_err_kmps,sigma_profile,a_bar_kmps2_per_kpc,a_struct_kmps2_per_kpc,a_total_kmps2_per_kpc,v_bar_kmps,v_struct_kmps,v_model_kmps,beta_raw,beta_formula,beta_clipped,use_dimension_proxy,d_eff_proxy,d_eff_response,beta_mode
F567-2,1.92,26.9,8.0,0.07525510052447791,348.5900520833334,55.162343511026414,403.75239559435977,25.87069577726892,10.291340998197013,27.842496287890043,,973.8766619219672,1407.3690527690046,True,2.087917580000868,1.4451204221195018,formula
F567-2,3.83,46.8,5.0,0.4768453357719359,311.294046997389,175.22124504508287,486.51529204247186,34.52906312079724,25.90554706086454,43.166579300688944,,973.8766619219672,1407.3690527690046,True,2.087917580000868,1.4451204221195018,formula
F567-2,5.75,47.6,5.0,0.5551043979933535,188.49739130434784,135.8672610072721,324.3646523116199,32.922029099069825,27.9506127087013,43.18676592188647,,973.8766619219672,1407.3690527690046,True,2.087917580000868,1.4451204221195018,formula
F567-2,7.67,48.1,8.0,0.41238841939082466,181.42417209908737,75.66919154771472,257.0933636468021,37.30312855512256,24.091133206451122,44.40614933960129,,973.8766619219672,1407.3690527690046,True,2.087917580000868,1.4451204221195018,formula
F567-2,9.59,52.2,10.0,0.39617638393084337,175.06891553701772,58.14039438813353,233.20930992515125,40.974515250335784,23.612843585265214,47.291408122218144,,973.8766619219672,1407.3690527690046,True,2.087917580000868,1.4451204221195018,formula
