galaxy,r_kpc,v_obs_kmps,v_err_kmps,sigma_profile,a_bar_kmps2_per_kpc,a_struct_kmps2_per_kpc,a_total_kmps2_per_kpc,v_bar_kmps,v_struct_kmps,v_model_kmps,beta_raw,beta_formula,beta_clipped,use_dimension_proxy,d_eff_proxy,d_eff_response,beta_mode
F574-2,2.17,12.6,10.0,0.0,249.60447004608295,0.0,249.60447004608295,23.27319703006014,0.0,23.27319703006014,,5.678296409734262e-10,5.678296409765944e-10,True,2.9999999999956604,1.0000000000055795,formula
F574-2,4.32,23.0,10.0,0.0,185.6308333333333,0.0,185.6308333333333,28.318283846306787,0.0,28.318283846306787,,5.678296409734262e-10,5.678296409765944e-10,True,2.9999999999956604,1.0000000000055795,formula
F574-2,6.49,30.0,8.0,0.0,215.61787365177193,0.0,215.61787365177193,37.4080205303622,0.0,37.4080205303622,,5.678296409734262e-10,5.678296409765944e-10,True,2.9999999999956604,1.0000000000055795,formula
F574-2,8.65,36.0,8.0,0.0,201.78452023121386,0.0,201.78452023121386,41.77841667655681,0.0,41.77841667655681,,5.678296409734262e-10,5.678296409765944e-10,True,2.9999999999956604,1.0000000000055795,formula
F574-2,10.83,40.0,8.0,0.0,195.07768236380423,0.0,195.07768236380423,45.96402179966414,0.0,45.96402179966414,,5.678296409734262e-10,5.678296409765944e-10,True,2.9999999999956604,1.0000000000055795,formula
