galaxy,r_kpc,v_obs_kmps,v_err_kmps,sigma_profile,a_bar_kmps2_per_kpc,a_struct_kmps2_per_kpc,a_total_kmps2_per_kpc,v_bar_kmps,v_struct_kmps,v_model_kmps,beta_raw,beta_formula,beta_clipped,use_dimension_proxy,d_eff_proxy,d_eff_response,beta_mode
NGC4389,0.87,27.3,5.8,0.0,8629.259885057472,0.0,8629.259885057472,86.64557749821974,0.0,86.64557749821974,,2.1337596575083595e-08,2.1337596575087665e-08,True,2.9999999999998517,1.0000000000001907,formula
NGC4389,1.74,52.7,6.7,0.0,7917.500287356322,0.0,7917.500287356322,117.37312511814619,0.0,117.37312511814619,,2.1337596575083595e-08,2.1337596575087665e-08,True,2.9999999999998517,1.0000000000001907,formula
NGC4389,2.71,69.2,6.7,0.0,6481.333431734317,0.0,6481.333431734317,132.53080245739102,0.0,132.53080245739102,,2.1337596575083595e-08,2.1337596575087665e-08,True,2.9999999999998517,1.0000000000001907,formula
NGC4389,3.58,83.5,6.4,0.0,5758.334804469273,0.0,5758.334804469273,143.57868435112505,0.0,143.57868435112505,,2.1337596575083595e-08,2.1337596575087665e-08,True,2.9999999999998517,1.0000000000001907,formula
NGC4389,4.45,95.9,6.3,0.0,5356.640224719101,0.0,5356.640224719101,154.39251601032998,0.0,154.39251601032998,,2.1337596575083595e-08,2.1337596575087665e-08,True,2.9999999999998517,1.0000000000001907,formula
NGC4389,5.32,110.0,7.6,0.0,3787.665037593985,0.0,3787.665037593985,141.95202710775214,0.0,141.95202710775214,,2.1337596575083595e-08,2.1337596575087665e-08,True,2.9999999999998517,1.0000000000001907,formula
