galaxy,r_kpc,v_obs_kmps,v_err_kmps,sigma_profile,a_bar_kmps2_per_kpc,a_struct_kmps2_per_kpc,a_total_kmps2_per_kpc,v_bar_kmps,v_struct_kmps,v_model_kmps,beta_raw,beta_formula,beta_clipped,use_dimension_proxy,d_eff_proxy,d_eff_response,beta_mode
UGC07261,0.95,46.8,5.66,0.8325646439523564,825.6917894736841,1752.767671478645,2578.459460952329,28.0072704846438,40.8059957347534,49.49279228235878,,1647.4243729441453,2000.0,True,2.3578951180591656,1.4276227225082025,formula
UGC07261,1.9,63.0,5.66,0.3713700208616181,1382.9231578947372,390.91581143328216,1773.8389693280194,51.25967225802366,27.253257451600827,58.054233624458746,,1647.4243729441453,2000.0,True,2.3578951180591656,1.4276227225082025,formula
UGC07261,2.86,66.8,5.66,0.4587228923677509,926.5596153846153,320.7852394180076,1247.3448548026229,51.47776704558969,30.289367519568675,59.72776812116372,,1647.4243729441453,2000.0,True,2.3578951180591656,1.4276227225082025,formula
UGC07261,3.81,69.6,5.66,0.5366550130204498,682.9812073490813,281.70866825220463,964.6898756012858,51.01135559853316,32.76141062348964,60.625641654673636,,1647.4243729441453,2000.0,True,2.3578951180591656,1.4276227225082025,formula
UGC07261,4.76,73.4,5.66,0.7136660815280809,479.0240546218488,299.8596981210424,778.8837527428911,47.750963341067795,37.780049802192714,60.8891341953239,,1647.4243729441453,2000.0,True,2.3578951180591656,1.4276227225082025,formula
UGC07261,5.72,74.7,5.66,0.7988722513840354,366.48141608391614,279.32596202239,645.8073781063061,45.78508163146594,39.97179634152149,60.77843534320434,,1647.4243729441453,2000.0,True,2.3578951180591656,1.4276227225082025,formula
UGC07261,6.67,76.1,5.66,0.8175026289994004,317.68107946026987,245.12822458752635,562.8093040477962,46.03186722261003,40.435198255960124,61.269389241274475,,1647.4243729441453,2000.0,True,2.3578951180591656,1.4276227225082025,formula
