galaxy,r_kpc,v_obs_kmps,v_err_kmps,sigma_profile,a_bar_kmps2_per_kpc,a_struct_kmps2_per_kpc,a_total_kmps2_per_kpc,v_bar_kmps,v_struct_kmps,v_model_kmps,beta_raw,beta_formula,beta_clipped,use_dimension_proxy,d_eff_proxy,d_eff_response,beta_mode
UGC07559,0.36,9.31,3.23,0.0,274.37027777777774,0.0,274.37027777777774,9.938475738260871,0.0,9.938475738260871,,1039.4811962207625,1499.9042203787776,True,2.1531017646153625,1.4429354045383151,formula
UGC07559,0.72,15.9,3.23,0.0,356.85847222222225,0.0,356.85847222222225,16.02928881766125,0.0,16.02928881766125,,1039.4811962207625,1499.9042203787776,True,2.1531017646153625,1.4429354045383151,formula
UGC07559,1.08,21.4,3.23,0.2731611925436304,310.6712962962963,379.3663199443437,690.03761624064,18.317341510164624,20.241433386494425,27.29909569088125,,1039.4811962207625,1499.9042203787776,True,2.1531017646153625,1.4429354045383151,formula
UGC07559,1.45,26.1,3.23,0.44694221672164813,269.80758620689653,462.32449456982505,732.1320807767215,19.779307369066288,25.891514384567124,32.58207355473629,,1039.4811962207625,1499.9042203787776,True,2.1531017646153625,1.4429354045383151,formula
UGC07559,1.8,29.7,3.23,0.5643895750354662,233.48677777777777,470.29461418526694,703.7813919630447,20.500639014430746,29.09519385626225,35.59222535236425,,1039.4811962207625,1499.9042203787776,True,2.1531017646153625,1.4429354045383151,formula
UGC07559,2.17,31.1,3.23,0.5774054810141371,207.78700460829495,399.10272711656336,606.8897317248583,21.234354240240037,29.428777036141724,36.28981562150657,,1039.4811962207625,1499.9042203787776,True,2.1531017646153625,1.4429354045383151,formula
UGC07559,2.53,32.1,3.23,0.5414227230638277,201.5507509881423,320.9811175226899,522.5318685108322,22.581483565080486,28.497056467860066,36.359395310323926,,1039.4811962207625,1499.9042203787776,True,2.1531017646153625,1.4429354045383151,formula
