galaxy,r_kpc,v_obs_kmps,v_err_kmps,sigma_profile,a_bar_kmps2_per_kpc,a_struct_kmps2_per_kpc,a_total_kmps2_per_kpc,v_bar_kmps,v_struct_kmps,v_model_kmps,beta_raw,beta_formula,beta_clipped,use_dimension_proxy,d_eff_proxy,d_eff_response,beta_mode
UGC02023,0.76,15.1,8.69,0.0,405.7090789473684,0.0,405.7090789473684,17.559581430091097,0.0,17.559581430091097,,1214.9059449880542,1654.6729177341551,True,2.611173952670343,1.3619761468451987,formula
UGC02023,1.51,28.0,8.69,0.0,677.7117880794701,0.0,677.7117880794701,31.989760861875787,0.0,31.989760861875787,,1214.9059449880542,1654.6729177341551,True,2.611173952670343,1.3619761468451987,formula
UGC02023,2.27,37.6,8.69,0.0,625.9911894273127,0.0,625.9911894273127,37.69615364994153,0.0,37.69615364994153,,1214.9059449880542,1654.6729177341551,True,2.611173952670343,1.3619761468451987,formula
UGC02023,3.03,47.9,8.69,0.3260697486088045,520.4113531353136,178.06560472454558,698.4769578598591,39.70952530564927,23.227974132828997,46.00418657378232,,1214.9059449880542,1654.6729177341551,True,2.611173952670343,1.3619761468451987,formula
UGC02023,3.78,58.8,8.69,0.5534297214461951,453.8023544973545,242.26062749898847,696.062981996343,41.41706049443876,30.26128173006187,51.29442534960477,,1214.9059449880542,1654.6729177341551,True,2.611173952670343,1.3619761468451987,formula
