galaxy,r_kpc,v_obs_kmps,v_err_kmps,sigma_profile,a_bar_kmps2_per_kpc,a_struct_kmps2_per_kpc,a_total_kmps2_per_kpc,v_bar_kmps,v_struct_kmps,v_model_kmps,beta_raw,beta_formula,beta_clipped,use_dimension_proxy,d_eff_proxy,d_eff_response,beta_mode
UGC06818,0.87,23.4,5.55,0.0,876.7247126436782,0.0,876.7247126436782,27.61793801137225,0.0,27.61793801137225,,1479.496805225883,2000.0,True,2.306353958792996,1.4332250224812122,formula
UGC06818,1.74,28.0,5.2,0.0,871.1513218390805,0.0,871.1513218390805,38.93331863584198,0.0,38.93331863584198,,1479.496805225883,2000.0,True,2.306353958792996,1.4332250224812122,formula
UGC06818,2.61,36.7,4.25,0.0,658.562796934866,0.0,658.562796934866,41.45900264116348,0.0,41.45900264116348,,1479.496805225883,2000.0,True,2.306353958792996,1.4332250224812122,formula
UGC06818,3.5,47.6,4.25,0.20091856451819454,522.0371428571428,114.81060829611116,636.847751153254,42.744941221155045,20.045875611616196,47.21193841642587,,1479.496805225883,2000.0,True,2.306353958792996,1.4332250224812122,formula
UGC06818,4.37,63.3,4.75,0.6509760994516917,411.01556064073225,297.9295649664493,708.9451256071816,42.38086832522429,36.08257472663755,55.660490465889566,,1479.496805225883,2000.0,True,2.306353958792996,1.4332250224812122,formula
UGC06818,5.24,71.2,5.25,0.7921030552329402,351.44751908396944,302.329410394252,653.7769294782215,42.91369245357477,39.80208676019237,58.530258076194066,,1479.496805225883,2000.0,True,2.306353958792996,1.4332250224812122,formula
UGC06818,6.11,68.1,6.0,0.7669102708358692,286.4779378068739,251.03445853874604,537.5123963456199,41.83754533908508,39.16402101000021,57.30794658397505,,1479.496805225883,2000.0,True,2.306353958792996,1.4332250224812122,formula
UGC06818,6.98,74.4,6.0,0.9218417671715359,235.6433524355301,264.1380421694945,499.7813946050246,40.556018049113256,42.93813613028716,59.06330615824915,,1479.496805225883,2000.0,True,2.306353958792996,1.4332250224812122,formula
