galaxy,r_kpc,v_obs_kmps,v_err_kmps,sigma_profile,a_bar_kmps2_per_kpc,a_struct_kmps2_per_kpc,a_total_kmps2_per_kpc,v_bar_kmps,v_struct_kmps,v_model_kmps,beta_raw,beta_formula,beta_clipped,beta_mode
UGC07232,0.21,16.4,3.3,0.05724663423596031,1207.4638095238097,323.84454887567864,1531.3083583994883,15.923799797786959,8.246657217557457,17.93250554897147,,1187.9712435770186,1187.9712435770186,formula
UGC07232,0.41,26.2,3.3,0.01345090772797536,1651.724146341464,38.97388190449419,1690.698028245958,26.023199265270982,3.997410609487424,26.328429341319296,,1187.9712435770186,1187.9712435770186,formula
UGC07232,0.62,35.2,3.3,0.392153061789268,1229.7937096774194,751.3976782037615,1981.191387881181,27.61289734888391,21.58394219058076,35.047662696481375,,1187.9712435770186,1187.9712435770186,formula
UGC07232,0.82,44.0,3.3,0.6554189552680783,918.9791463414634,949.5352089680114,1868.514355309475,27.451100160102875,27.903742963154052,39.14309353326292,,1187.9712435770186,1187.9712435770186,formula
