galaxy,r_kpc,v_obs_kmps,v_err_kmps,sigma_profile,a_bar_kmps2_per_kpc,a_struct_kmps2_per_kpc,a_total_kmps2_per_kpc,v_bar_kmps,v_struct_kmps,v_model_kmps,beta_raw,beta_formula,beta_clipped,beta_mode
UGC02259,1.02,56.1,3.4,0.9718851248298132,608.4106862745098,1008.847012572923,1617.2576988474327,24.911421075482625,32.07840321500404,40.615303185183556,,1058.7917507273032,1058.7917507273032,formula
UGC02259,2.04,71.1,3.0,0.8317298014459168,668.629411764706,431.68071206127183,1100.3101238259778,36.93242477823519,29.675387994177843,47.37755431219508,,1058.7917507273032,1058.7917507273032,formula
UGC02259,3.05,80.7,1.5,0.8111616391067397,602.4601311475411,281.59057442382095,884.0507055713621,42.866110157092635,29.306164061382272,51.92643500176624,,1058.7917507273032,1058.7917507273032,formula
UGC02259,4.07,82.8,1.5,0.7626759656561684,527.1127764127764,198.40663904538846,725.5194154581649,46.31791230182984,28.41680877429292,54.34026150944372,,1058.7917507273032,1058.7917507273032,formula
UGC02259,5.09,83.7,1.5,0.7998001591987064,397.9710019646365,166.36970742435642,564.340709388993,45.007470491019596,29.10020293382804,53.59565477527049,,1058.7917507273032,1058.7917507273032,formula
UGC02259,6.11,86.0,1.5,0.8207575796335569,334.5081669394435,142.22771762077213,476.73588456021565,45.20890288427712,29.478998535617144,53.97088339709586,,1058.7917507273032,1058.7917507273032,formula
UGC02259,7.13,88.3,2.3,0.851554243277146,282.51199158485275,126.45422273193175,408.9662143167845,44.881070620028666,30.026964683075665,53.99934358933147,,1058.7917507273032,1058.7917507273032,formula
UGC02259,8.14,90.0,3.0,0.9226783238471973,219.38320638820636,120.01525772288791,339.39846411109426,42.25848198882681,31.255786630067522,52.561425949685834,,1058.7917507273032,1058.7917507273032,formula
