galaxy,r_kpc,v_obs_kmps,v_err_kmps,sigma_profile,a_bar_kmps2_per_kpc,a_struct_kmps2_per_kpc,a_total_kmps2_per_kpc,v_bar_kmps,v_struct_kmps,v_model_kmps,beta_raw,beta_formula,beta_clipped,beta_mode
UGC06923,0.93,40.5,7.35,0.0,2849.6313978494622,0.0,2849.6313978494622,51.479677543667655,0.0,51.479677543667655,,1120.549823022741,1120.549823022741,formula
UGC06923,1.94,53.9,5.9,0.0,1708.528711340206,0.0,1708.528711340206,57.572091329045875,0.0,57.572091329045875,,1120.549823022741,1120.549823022741,formula
UGC06923,2.87,73.0,4.7,0.32332170000759286,1263.750975609756,126.23626262122647,1389.9872382309825,60.22429161061174,19.03412918215383,63.160615685115985,,1120.549823022741,1120.549823022741,formula
UGC06923,3.72,78.4,3.9,0.39939731994679295,1005.6108602150538,120.30768714573546,1125.9185473607893,61.16267162248556,21.1552498492014,64.71798047051635,,1120.549823022741,1120.549823022741,formula
UGC06923,4.47,79.3,5.3,0.42271656720287565,825.8104921700223,105.96755583175904,931.7780480017813,60.75666959272866,21.764075320765706,64.53718210898244,,1120.549823022741,1120.549823022741,formula
UGC06923,5.16,81.1,5.1,0.4592874976840217,705.6989922480622,99.73924888495894,805.438241133021,60.34407013120677,22.685998418548568,64.46752146815005,,1120.549823022741,1120.549823022741,formula
