galaxy,r_kpc,v_obs_kmps,v_err_kmps,sigma_profile,a_bar_kmps2_per_kpc,a_struct_kmps2_per_kpc,a_total_kmps2_per_kpc,v_bar_kmps,v_struct_kmps,v_model_kmps,beta_raw,beta_formula,beta_clipped,beta_mode
UGC06399,0.87,24.8,6.5,0.3163488125237949,485.8862068965518,350.7519613759525,836.6381682725043,20.560179960301905,17.468663554979777,26.9791624480279,,964.6130926258047,964.6130926258047,formula
UGC06399,1.74,46.2,5.6,0.5041429515311957,630.157816091954,279.48442046092407,909.6422365528781,33.1130578473206,22.052276336061272,39.78413618016618,,964.6130926258047,964.6130926258047,formula
UGC06399,2.61,60.5,5.8,0.6430631456452723,559.1578927203066,237.6655669251205,796.8234596454271,38.202121668828816,24.90596574466777,45.6038291119788,,964.6130926258047,964.6130926258047,formula
UGC06399,3.5,69.6,3.9,0.6246880665481308,571.6930571428571,172.1663679426934,743.8594250855506,44.73170799332393,24.547551564248256,51.02458219132644,,964.6130926258047,964.6130926258047,formula
UGC06399,4.37,77.5,3.7,0.6783179066304073,511.3289702517162,149.72868048014163,661.0576507318578,47.27057858753159,25.579568676938614,53.747762127350185,,964.6130926258047,964.6130926258047,formula
UGC06399,5.24,82.9,4.5,0.7130427232764613,454.924141221374,131.2615165026781,586.1856577240521,48.824199942241755,26.226138611584307,55.42213318227685,,964.6130926258047,964.6130926258047,formula
UGC06399,6.11,84.1,4.9,0.7140132266287169,400.7293780687397,112.72446918396992,513.4538472527097,49.48188052206585,26.243980390063854,56.01074010146676,,964.6130926258047,964.6130926258047,formula
UGC06399,6.98,85.6,4.9,0.7313262236902903,350.7052292263611,101.0668840046192,451.77211323098027,49.47648431325735,26.5602494407007,56.15486933786101,,964.6130926258047,964.6130926258047,formula
UGC06399,7.85,87.6,4.9,0.7792074389897701,295.3788535031847,95.74951560776499,391.1283691109497,48.1531307393403,27.41593874958425,55.41080849004962,,964.6130926258047,964.6130926258047,formula
