galaxy,r_kpc,v_obs_kmps,v_err_kmps,sigma_profile,a_bar_kmps2_per_kpc,a_struct_kmps2_per_kpc,a_total_kmps2_per_kpc,v_bar_kmps,v_struct_kmps,v_model_kmps,beta_raw,beta_formula,beta_clipped,beta_mode
NGC3992,9.19,248.0,7.0,0.2426539813768469,5176.493155603918,42.873037325233824,5219.366192929152,218.11,19.849514175891027,219.01135886756856,,1623.724493549534,1623.724493549534,formula
NGC3992,13.79,264.0,6.6,0.13114764658158842,4414.391189267585,15.442178827114063,4429.833368094699,246.72749036132961,14.592725791499781,247.1586578415288,,1623.724493549534,1623.724493549534,formula
NGC3992,18.35,272.0,5.7,0.197925388030632,3276.609798365122,17.513694846900975,3294.123493212023,245.20560719526785,17.926971312540022,245.86005389334932,,1623.724493549534,1623.724493549534,formula
NGC3992,22.94,271.0,5.7,0.25666477560445927,2437.720601569311,18.167082945961436,2455.887684515272,236.47687117348283,20.41452626882033,237.3564060285299,,1623.724493549534,1623.724493549534,formula
NGC3992,27.52,264.0,5.3,0.38908619458786736,1655.6918095930232,22.95671454412429,1678.6485241371474,213.45875151888245,25.135011125008486,214.93349525900865,,1623.724493549534,1623.724493549534,formula
NGC3992,32.11,242.0,7.4,0.40670405340573645,1167.7669915914046,20.566033420765244,1188.3330250121699,193.64141628277767,25.6977690304192,195.33912417419296,,1623.724493549534,1623.724493549534,formula
NGC3992,36.7,244.0,5.3,0.5457164413294453,877.3893760217983,24.144227583632354,901.5336036054306,179.44411414142286,29.76731684783342,181.8963530484306,,1623.724493549534,1623.724493549534,formula
NGC3992,41.44,241.0,6.2,0.6369707532410286,676.0272007722007,24.958132570273996,700.9853333424746,167.37552748236521,32.159990884826975,170.43717966955492,,1623.724493549534,1623.724493549534,formula
NGC3992,46.02,237.0,8.6,0.7039524371815242,540.3624728378965,24.837566591602137,565.2000394294986,157.69426432181987,33.80864999590386,161.2777288237453,,1623.724493549534,1623.724493549534,formula
