galaxy,r_kpc,v_obs_kmps,v_err_kmps,sigma_profile,a_bar_kmps2_per_kpc,a_struct_kmps2_per_kpc,a_total_kmps2_per_kpc,v_bar_kmps,v_struct_kmps,v_model_kmps,beta_raw,beta_formula,beta_clipped,beta_mode
UGC06818,0.87,23.4,5.55,0.0,876.7247126436782,0.0,876.7247126436782,27.61793801137225,0.0,27.61793801137225,,1153.607774344502,1153.607774344502,formula
UGC06818,1.74,28.0,5.2,0.0,871.1513218390805,0.0,871.1513218390805,38.93331863584198,0.0,38.93331863584198,,1153.607774344502,1153.607774344502,formula
UGC06818,2.61,36.7,4.25,0.0,658.562796934866,0.0,658.562796934866,41.45900264116348,0.0,41.45900264116348,,1153.607774344502,1153.607774344502,formula
UGC06818,3.5,47.6,4.25,0.20091856451819454,522.0371428571428,66.22320515380761,588.2603480109505,42.744941221155045,15.224362648016719,45.375226919965115,,1153.607774344502,1153.607774344502,formula
UGC06818,4.37,63.3,4.75,0.6509760994516917,411.01556064073225,171.84693117618565,582.8624918169179,42.38086832522429,27.403851722703713,50.468892292578914,,1153.607774344502,1153.607774344502,formula
UGC06818,5.24,71.2,5.25,0.7921030552329402,351.44751908396944,174.38477912189933,525.8322982058687,42.91369245357477,30.228732070643527,52.49153496135117,,1153.607774344502,1153.607774344502,formula
UGC06818,6.11,68.1,6.0,0.7669102708358692,286.4779378068739,144.79765149933,431.27558930620387,41.83754533908508,29.74413640805371,51.33316521178979,,1153.607774344502,1153.607774344502,formula
UGC06818,6.98,74.4,6.0,0.9218417671715359,235.6433524355301,152.35584947343241,387.9992019089625,40.556018049113256,32.61048649322114,52.040699738998114,,1153.607774344502,1153.607774344502,formula
