galaxy,r_kpc,v_obs_kmps,v_err_kmps,sigma_profile,a_bar_kmps2_per_kpc,a_struct_kmps2_per_kpc,a_total_kmps2_per_kpc,v_bar_kmps,v_struct_kmps,v_model_kmps,beta_raw,beta_formula,beta_clipped,beta_mode
UGC04325,0.7,41.3,3.05,1.1009358456134108,639.9682857142857,2228.5521207126153,2868.520406426901,21.16548605631347,39.49666421989116,44.810314487836735,,1416.9640226671422,1416.9640226671422,formula
UGC04325,1.4,68.7,3.07,1.1999631318065864,774.0649285714285,1214.5032759263736,1988.568204497802,32.91946080967912,41.234749742140096,52.76358106020594,,1416.9640226671422,1416.9640226671422,formula
UGC04325,2.09,83.8,3.05,1.0893113352584116,896.443875598086,738.523909829988,1634.967785428074,43.284728253738635,39.287593099408305,58.455818115433765,,1416.9640226671422,1416.9640226671422,formula
UGC04325,2.79,88.7,3.05,0.9318354668746924,929.3171684587813,473.2535238733616,1402.570692332143,50.91949430228073,36.33699673344894,62.55535334091463,,1416.9640226671422,1416.9640226671422,formula
UGC04325,3.49,90.1,3.05,0.8227061999686015,885.3456733524355,334.02438010908537,1219.370053461521,55.58647677268276,34.14300933691563,65.23497134651558,,1416.9640226671422,1416.9640226671422,formula
UGC04325,4.19,91.6,3.05,0.8337116651758055,751.2791646778044,281.9425858787663,1033.2217505565707,56.10579025376971,34.37061877290007,65.79664987544602,,1416.9640226671422,1416.9640226671422,formula
UGC04325,4.89,92.7,3.05,0.8667771821982044,631.2331288343557,251.16402512140252,882.3971539557583,55.558347707612754,35.0455715154377,65.6880665177752,,1416.9640226671422,1416.9640226671422,formula
UGC04325,5.59,91.5,3.05,0.8882964698737235,522.9129516994633,225.1671089934335,748.0800606928967,54.06554725516056,35.477938768667116,64.66658750292373,,1416.9640226671422,1416.9640226671422,formula
