galaxy,r_kpc,v_obs_kmps,v_err_kmps,sigma_profile,a_bar_kmps2_per_kpc,a_struct_kmps2_per_kpc,a_total_kmps2_per_kpc,v_bar_kmps,v_struct_kmps,v_model_kmps,beta_raw,beta_formula,beta_clipped,beta_mode
UGC07577,0.19,3.74,3.17,0.0,79.16315789473684,0.0,79.16315789473684,3.8782728114458376,0.0,3.8782728114458376,,153.15066327463515,153.15066327463515,formula
UGC07577,0.38,5.4,3.17,0.0,109.1578947368421,0.0,109.1578947368421,6.440496875241847,0.0,6.440496875241847,,153.15066327463515,153.15066327463515,formula
UGC07577,0.57,7.31,3.17,0.0,135.10877192982457,0.0,135.10877192982457,8.77564812421282,0.0,8.77564812421282,,153.15066327463515,153.15066327463515,formula
UGC07577,0.75,8.85,3.17,0.0,175.18213333333333,0.0,175.18213333333333,11.462399399776645,0.0,11.462399399776645,,153.15066327463515,153.15066327463515,formula
UGC07577,0.94,10.7,3.17,0.0,181.16468085106382,0.0,181.16468085106382,13.049704977508112,0.0,13.049704977508112,,153.15066327463515,153.15066327463515,formula
UGC07577,1.13,12.4,3.17,0.0,175.67300884955753,0.0,175.67300884955753,14.089375429734279,0.0,14.089375429734279,,153.15066327463515,153.15066327463515,formula
UGC07577,1.32,14.1,3.17,0.0,177.57856060606062,0.0,177.57856060606062,15.310248201776483,0.0,15.310248201776483,,153.15066327463515,153.15066327463515,formula
UGC07577,1.51,15.9,3.17,0.04163158344269043,160.38688741721853,4.222453389020767,164.6093408062393,15.562268472173328,2.5250553691793294,15.765789057875326,,153.15066327463515,153.15066327463515,formula
UGC07577,1.69,17.8,3.17,0.2729175906892852,132.58656804733727,24.73225445762096,157.31882250495823,14.969011323397414,6.465099383101502,16.305484047809788,,153.15066327463515,153.15066327463515,formula
