galaxy,r_kpc,v_obs_kmps,v_err_kmps,sigma_profile,a_bar_kmps2_per_kpc,a_struct_kmps2_per_kpc,a_total_kmps2_per_kpc,v_bar_kmps,v_struct_kmps,v_model_kmps,beta_raw,beta_formula,beta_clipped,beta_mode
UGC07608,0.6,14.6,6.69,0.5179827300905844,190.82666666666665,789.2248370051174,980.0515036717841,10.70028037015853,21.76085711094741,24.24934849028053,,914.1905216034114,914.1905216034114,formula
UGC07608,1.19,31.5,6.69,1.106884118130635,178.0827731092437,850.3386296709053,1028.421402780149,14.55742078803797,31.81042233778699,34.983159795941496,,914.1905216034114,914.1905216034114,formula
UGC07608,1.79,44.8,6.69,1.2955612393139138,174.34245810055867,661.670282199748,836.0127403003067,17.665588017385666,34.41496484289282,38.68414151997624,,914.1905216034114,914.1905216034114,formula
UGC07608,2.38,50.6,6.69,1.228473710237091,187.32474789915966,471.8735386292959,659.1982865284556,21.114755504149226,33.51207277889156,39.60924036052351,,914.1905216034114,914.1905216034114,formula
UGC07608,2.99,55.6,6.69,1.259459336220113,170.86481605351167,385.0788587014553,555.943674754967,22.602783014487397,33.93207608616589,40.77096500596168,,914.1905216034114,914.1905216034114,formula
UGC07608,3.59,61.4,6.69,1.2819424146541594,167.08306406685242,326.44557234490884,493.5286364117612,24.49139032394854,34.233603443374506,42.09237228665335,,914.1905216034114,914.1905216034114,formula
UGC07608,4.18,66.0,6.69,1.2588535194776802,172.39705741626798,275.31864966353845,447.7157070798064,26.844360674078274,33.923914213922764,43.260278034168834,,914.1905216034114,914.1905216034114,formula
UGC07608,4.78,69.3,6.69,1.2214838422931953,177.0213389121339,233.6127512376894,410.6340901498233,29.088863848558955,33.41659693799109,44.30384803734496,,914.1905216034114,914.1905216034114,formula
