galaxy,r_kpc,v_obs_kmps,v_err_kmps,sigma_profile,a_bar_kmps2_per_kpc,a_struct_kmps2_per_kpc,a_total_kmps2_per_kpc,v_bar_kmps,v_struct_kmps,v_model_kmps,beta_raw,beta_formula,beta_clipped,beta_mode
UGC09992,0.78,28.1,5.66,0.447001209596877,581.1899999999998,476.6841420760278,1057.8741420760275,21.291505348377786,19.282469520766828,28.725282084242473,,831.7955809439926,831.7955809439926,formula
UGC09992,1.55,31.3,5.66,0.33734983952515174,425.09845161290315,181.03619725753953,606.1346488704427,25.66909815322696,16.75130161358174,30.65140626054841,,831.7955809439926,831.7955809439926,formula
UGC09992,2.34,33.0,5.66,0.33330122772883686,314.74085470085475,118.47798647352728,433.218841174382,27.138415576448086,16.650480123649704,31.839159667743335,,831.7955809439926,831.7955809439926,formula
UGC09992,3.12,33.4,5.66,0.27515569499853576,261.26695512820515,73.35682409338304,334.62377922158817,28.550882648352577,15.128558793598122,32.31139413846693,,831.7955809439926,831.7955809439926,formula
UGC09992,3.89,34.3,5.66,0.3346421460986171,204.16580976863753,71.55626177954849,275.722071548186,28.181642961332116,16.68394013182868,32.74994440182218,,831.7955809439926,831.7955809439926,formula
