r_kpc,v_obs_kmps,v_err_kmps,v_model_kmps,v_baryon_kmps,a_newton,sigma_profile,sigma_smoothed,sigma_transferred,beta_local,d_eff_local,cinfo_cap,eta_profile,projection_profile,a_struct_internal,a_struct_observed,a_total,struct_to_bar_ratio,sigma_flip_severity
1.1,33.2,5.06,26.810629367089,21.557850078335733,422.49172727272725,151.54905333140636,83.87105804252764,56.24927054746838,100.6173664230314,2.338247636000025,0.5752990544000101,0.48385385774546186,0.8333631565867915,3976.4554510123917,230.9717700540137,653.4634973267409,0.5466894500987863,0.0
2.21,54.6,5.06,42.917429015964686,36.13131190532666,590.7111764705883,42.28827804504015,43.664450929389055,37.491043868185116,96.61995541791762,2.3451368854603327,0.5780547541841331,0.48585800304300586,0.8341664953010479,2313.5690621885456,242.73032277844686,833.4414992490351,0.41091202003104893,18.75822667928326
3.31,65.7,5.06,46.34926443007361,41.32542316782734,515.948821752266,-77.5801478266211,8.025761362400392,5.536367009000696,93.55412139196444,2.343101434775932,0.5772405739103729,0.48526587193481663,0.8306577356171121,434.7798760998727,133.07060822020736,649.0194299724733,0.25791435625004977,31.95467685918442
4.42,69.2,5.06,41.725017843511566,43.04793839430641,419.25904977375563,-49.48398223428649,-33.17270622419858,-24.040352455700248,90.31597845496893,2.3640587858417876,0.5856235143367151,0.49136255588124733,0.8258968053150293,-338.3794199611257,-25.372824877520614,393.88622489623503,0.06051825211933416,29.576719464700943
5.52,70.9,5.06,36.618802901728515,47.37480870673781,406.58922101449286,-26.644394503536944,-55.15460997446792,-42.4325434918457,88.51121338805,2.4065085528243295,0.6026034211297319,0.5037115790034413,0.8195135180333785,-605.8666875257005,-163.6659010949927,242.92331991950016,0.40253379242721943,18.39219103614545
6.64,72.4,5.06,35.561710464647305,48.8990838359984,360.1084939759036,-54.44328460158849,-53.16282855040501,-48.445695138237326,88.53865855841003,2.4264936625520908,0.6105974650208363,0.5095254291060628,0.8114341331208833,-631.0794975435456,-169.65137783563168,190.45711614027195,0.4711118473283881,6.013151646391627
7.74,73.2,5.06,31.960730631531206,47.02672112746114,285.7251291989664,-67.62124070630655,-56.79028024480902,-48.809365505674734,89.89148831677089,2.445299327290672,0.6181197309162687,0.5149961679391045,0.8047511501307212,-593.238134326136,-153.74989631766184,131.97523288130455,0.5381042148749793,0.36367036743740755
