r_kpc,v_obs_kmps,v_err_kmps,v_model_kmps,a_newton,sigma_profile,sigma_smoothed,sigma_transferred,beta_local,d_eff_local,cinfo_cap,eta_profile,a_struct_raw,a_struct,struct_to_bar_ratio,a_total
0.36,9.31,3.23,12.47120541864838,274.37027777777774,229.1338734567903,123.71438251680024,69.60020271231699,69.67735384010938,2.213305569378954,0.49220371291930254,0.5301275712837326,10295.335584668936,157.66017942812422,0.574625577905413,432.03045720590194
0.72,15.9,3.23,19.26517076294783,356.85847222222225,50.41808127572022,56.44746379252034,40.949804698673006,69.34570450000508,2.2120912193866036,0.4913941462577357,0.5104505929715738,5735.34981443937,158.6232007299164,0.4444989066453741,515.4816729521386
1.08,21.4,3.23,20.26393697052746,310.6712962962963,-119.24778906209002,-6.607250231782604,-3.2597929320977137,69.23140366778271,2.2116740283025944,0.4911160188683963,0.48744461407888207,603.0901168815558,69.53901994954597,0.22383471140901467,380.21031624584225
1.45,26.1,3.23,18.89276534997275,269.80758620689653,-107.20072016460908,-61.183621303862715,-40.40082439506453,69.11710283556036,2.2112568372185852,0.49083789147905676,0.45260683638821847,-1406.81963812108,-23.6444258143924,0.08763439956154956,246.16316039250412
1.8,29.7,3.23,15.48591418767475,233.48677777777777,-86.13969666472443,-74.731822903536,-54.40764618391696,69.00280200333799,2.210839646134576,0.49055976408971735,0.4177690586975549,-1846.7731684094824,-100.25703431776327,0.429390628762642,133.2297434600145
2.17,31.1,3.23,16.354176226860424,207.78700460829495,-43.74798190361024,-54.34685043564725,-48.15821416481468,68.88850117111562,2.2104224550505664,0.4902816367003776,0.39262125757746197,-1558.7837692431958,-84.53397232294627,0.4068299289568354,123.25303228534868
2.53,32.1,3.23,17.756403405222468,201.5507509881423,-17.322926722646223,-36.371291747254666,-39.22184515468476,68.49234014838461,2.2089396914262,0.48929312761746657,0.3708024570378984,-1217.4855869414368,-76.93025221778815,0.38169171705202,124.62049877035416
