r_kpc,v_obs_kmps,v_err_kmps,v_model_kmps,a_newton,sigma_profile,sigma_smoothed,sigma_transferred,beta_local,d_eff_local,cinfo_cap,eta_profile,a_struct_raw,a_struct,struct_to_bar_ratio,a_total
4.51,69.75,4.15,38.792565229853345,504.7986031042128,-44.61517114240863,-37.75912707349896,-30.310849207057473,81.53321251115271,2.2631347483095423,0.5254231655396948,0.4080106908671066,-453.16498840536053,-171.12607159369685,0.33899870273287747,333.67253151051597
9.01,97.7,1.63,38.94998301414063,304.030332963374,-34.21895409110877,-32.3640125767195,-27.97714876535453,84.87803387453951,2.2780506362832167,0.5353670908554777,0.44399069621801557,-323.2823516405166,-135.65062410634368,0.44617463916893213,168.37970885703032
13.51,108.0,0.99,37.965783559739684,196.82801628423388,-20.73116784916013,-26.968898079940047,-24.24451206366024,88.2228552379263,2.292966524256892,0.5453110161712613,0.4799707015689246,-177.23346732400483,-90.1366231454478,0.45794610364453403,106.69139313878608
18.01,107.5,2.32,30.33382430050149,117.44982232093282,-17.63959865851134,-21.573783583160587,-21.600453546209305,91.5676766013131,2.3078824122305672,0.5552549414870448,0.5159507069198336,-125.98875420136129,-66.35926725742951,0.565001001671183,51.09055506350332
