r_kpc,v_obs_kmps,v_err_kmps,v_model_kmps,a_newton,sigma_profile,sigma_smoothed,sigma_transferred,beta_local,d_eff_local,cinfo_cap,eta_profile,a_struct_raw,a_struct,struct_to_bar_ratio,a_total
1.48,24.35,2.92,16.54331830820454,296.3267567567567,-35.3171011157588,-35.01227808277523,-30.67198397320153,77.73611481867773,2.251301564222601,0.5175343761484006,0.38981736926860727,-1355.7897587754014,-111.40690496853,0.3759596540921874,184.9198517882267
2.97,43.55,1.4,20.40031232768137,243.70427609427608,-32.80188155469052,-34.89727956854818,-30.26777465075047,82.9457320850142,2.275095854515301,0.533397236343534,0.42722380897029566,-1013.3927174826207,-103.57877337813184,0.42501828461172664,140.12550271614424
4.45,54.15,0.67,22.241127077684748,198.90516853932587,-36.308205511909215,-33.22772642205478,-29.471522687670653,88.15534935135065,2.2988901448080012,0.5492600965386675,0.46463024867198405,-625.2803001474713,-87.74388007062436,0.44113423856693984,111.16128846870151
5.94,60.15,0.48,19.71125167726771,135.8689057239057,-34.742108544623555,-31.558173275561373,-28.41901885587007,93.36496661768712,2.3226844351007014,0.565122956733801,0.5020366883736724,-466.8723066613152,-70.45923523828462,0.5185824884868234,65.40967048562108
7.39,63.75,0.95,17.104327015469625,96.76336941813263,-26.969335383291785,-30.391664041281626,-27.74513979561221,98.57458388402357,2.346478725393402,0.5809858169289347,0.5394431280753608,-395.6234998261536,-57.17500640701976,0.590874488464285,39.58836301111287
