galaxy,segment_index,r_left_kpc,r_right_kpc,r_mid_kpc,dr_kpc,h_i_kpc,Dw_i,v_vis_segment_kms,v_obs_segment_kms,v_err_segment_kms,n_points,r_max_gal_kpc,r_min_gal_kpc,r_scale,sigma_scale,sigma_i,beta_i,source_core_i,info_source_i,I_struct_i,g_topo_km2s2_per_kpc,v_struct_kms,v_topo_total_segment_kms
UGCA281,1,0.25,1.08,0.665,0.8300000000000001,0.35000000000000003,2.1288839663765535,17.94486518706182,24.633333333333336,1.6616666666666664,6,1.08,0.25,1.463255402256019,0.6834076938709533,0.0,1.0,0.12888396637655353,0.12888396637655353,0.10697369209253943,1.0403849218332831e-06,0.0008317788005348137,17.944865206339088
